Geneid,baseMean,log2FoldChange,lfcSE,stat,pvalue,padj,gene_symbol
ENSG00000223764,25.399413491895956,1.1756091057309086,0.25140452542039166,4.676165251063352,2.922891018193235e-06,1.7679717974776228e-05,LINC02593
ENSG00000187634,49.929168699957295,1.7227293814226574,0.2540462856712009,6.781163428038848,1.1921192821301983e-11,4.1768327440561764e-10,SAMD11
ENSG00000217801,23.18506088417539,-1.295560955634416,0.2126691352356427,-6.091908702214368,1.1157231302936918e-09,2.008513951013953e-08,PTPN11BP
ENSG00000186891,6.997708264489725,-1.6463941717125818,0.39856283080042404,-4.130827173236823,3.614602593133923e-05,0.00015714218994047294,TNFRSF18
ENSG00000205116,140.36050425593535,1.9630972469545367,0.3437990711732678,5.710013236089213,1.1296738747544698e-08,1.501997871423371e-07,TMEM278
ENSG00000179403,1301.8389098368752,1.2553825103416123,0.21243040844457023,5.909617740386641,3.4290251413663274e-09,5.3679982261579275e-08,VWA1
ENSG00000178821,10.666608153370971,-1.0688110169301097,0.30646930165537156,-3.4874978053495247,0.00048756292482314936,0.0015232315947248986,TMEM52
ENSG00000233542,9.116212441707107,-2.2487111420078105,0.3852118765141112,-5.837595565217302,5.29595193507841e-09,7.803692415240149e-08,ENSG00000233542
ENSG00000187730,573.346498883261,-1.4732166556324342,0.2670536983344223,-5.516555901755665,3.4570755775994084e-08,3.877170712992342e-07,GABRD
ENSG00000272420,10.901142488681092,-1.0004662986757953,0.23863456895256785,-4.192461733717435,2.7594363902140907e-05,0.00012398132629506196,ENSG00000272420
ENSG00000272449,17.357712241746764,-1.524749697145642,0.23144729314865006,-6.587891681093681,4.4611590700005343e-11,1.2945572025216273e-09,ENSG00000272449
ENSG00000142606,6.899906649429761,1.2468551276776145,0.3651098644952976,3.415013531341258,0.0006377884306555949,0.0019319495850150265,MMEL1
ENSG00000078900,14.568932985388114,1.118113828304135,0.3784647483454218,2.954340749547541,0.00313337823450427,0.007743405981820897,TP73
ENSG00000116254,3732.0854621052626,-1.0893044637249039,0.18219404612039053,-5.978814823647482,2.2476688124016794e-09,3.701122187174915e-08,CHD5
ENSG00000158292,287.94138923057795,-1.5540666299317303,0.25866854423324837,-6.007945939226328,1.878884644792466e-09,3.15425887129312e-08,GPR153
ENSG00000171621,164.14964187994596,1.3867890074937492,0.21970310132900123,6.312104831952549,2.752656528740746e-10,6.14154027403006e-09,SPSB1
ENSG00000162444,75.16423263280333,1.6141746813799573,0.3047574809001933,5.296587557463741,1.179867771615757e-07,1.1040107932230526e-06,RBP7
ENSG00000272078,7.163398523463772,-1.373513610683048,0.3041255487487154,-4.51627170533416,6.293790049174013e-06,3.4286929954037526e-05,ENSG00000272078
ENSG00000175206,17.472837847112125,-2.1861662711378806,0.2905456915121207,-7.524345860233417,5.2984919244718186e-14,3.840899126858499e-12,NPPA
ENSG00000162493,193.94379599062776,1.2503510912396132,0.15429514637613415,8.103632036432051,5.334227679227771e-16,6.960247426964788e-14,PDPN
ENSG00000206652,32.85732578499868,1.068951823699029,0.2279652886788507,4.689099072468571,2.744105157961706e-06,1.67424926116206e-05,RNU1-1
ENSG00000207389,6.838945822614556,1.702414163518076,0.5003211598944892,3.4026427422679695,0.0006673748362299896,0.0020074295550828944,RNU1-4
ENSG00000207005,10.473361300848742,1.0842914678817759,0.2685379246727733,4.037759170154601,5.3964211020088183e-05,0.00022352836277762244,RNU1-2
ENSG00000117115,5384.444116737449,1.15133819044481,0.2042094868293096,5.638024992478271,1.7201154869753937e-08,2.132672674546163e-07,PADI2
ENSG00000179023,8.257199062539017,-2.9295477437907453,0.6574217120869359,-4.456116507760469,8.345768754859955e-06,4.3971580295725524e-05,KLHDC7A
ENSG00000009709,40.0620187108101,-1.1833561153964867,0.28377524364839024,-4.170047042097569,3.0453677054831387e-05,0.00013528611643047892,PAX7
ENSG00000230424,7.992448558537532,1.0108586401405657,0.305762178291485,3.3060290379567734,0.000946282804927763,0.0027159694583181546,EMC1-AS1
ENSG00000240490,36.1110317441373,1.4818031179572573,0.48482729219633786,3.0563525234820723,0.0022404766735370173,0.00576183480539899,RN7SL277P
ENSG00000158748,17.3929469329755,-1.4398109530116356,0.2444207575764273,-5.890706531180866,3.845479337061539e-09,5.8959861472612904e-08,HTR6
ENSG00000117245,205.9871179932865,-1.0498707368845133,0.16059738479160035,-6.537284142247278,6.264596392220791e-11,1.7379202894548e-09,KIF17
ENSG00000189410,567.0365304988285,-1.2180682807555312,0.21193187581577333,-5.747451986950586,9.059831371826613e-09,1.239421616449454e-07,SH2D5
ENSG00000179546,32.145062503870676,-1.6562677150458145,0.25721833590166393,-6.439151039679439,1.20143598564988e-10,2.9948839062576717e-09,HTR1D
ENSG00000117318,380.8294349570189,1.2997231853972315,0.16243380849182157,8.001555818120659,1.2285687216979781e-15,1.3918874379955538e-13,ID3
ENSG00000158055,7.891208833117673,2.6289480056352423,0.48980952106193726,5.367286450323629,7.993005878622133e-08,7.925978575656748e-07,GRHL3
ENSG00000169504,3413.0918264197703,1.1096504129533205,0.1786937637279289,6.209788130283183,5.305608501725409e-10,1.0713139045106163e-08,CLIC4
ENSG00000020633,11.914214770617864,1.0146989591039766,0.2579313733373438,3.933988122402117,8.354791363626603e-05,0.00032625934489125967,RUNX3
ENSG00000157978,355.5601407027113,1.335296273773019,0.28048587148894105,4.760654312763367,1.9296632519947764e-06,1.2309247716703024e-05,LDLRAP1
ENSG00000130775,205.8080192698647,1.3601408088640017,0.21702604122001942,6.267177898181816,3.676500578325265e-10,7.89550407967242e-09,THEMIS2
ENSG00000116329,55.997407190808126,-1.2149290437528497,0.23939471084919708,-5.075003701807661,3.8748845780938323e-07,3.058343601412181e-06,OPRD1
ENSG00000226852,62.67532994995059,-1.3835336063999115,0.24420895732887715,-5.665367976395318,1.4670934867422228e-08,1.8641644572977068e-07,ENSG00000226852
ENSG00000186056,46.33139194382924,1.3354337841171489,0.329230082992355,4.056232565321677,4.9870604369962376e-05,0.00020856583436774717,MATN1-AS1
ENSG00000134668,13.175256689293745,1.1805142141455682,0.3718615814549557,3.1746065552850506,0.0015003979085828217,0.004055940624430202,SPOCD1
ENSG00000162522,415.8850925073937,-1.1750473584724193,0.17448546313056523,-6.73435676181887,1.6465671858875935e-11,5.513814364069605e-10,NHSL3
ENSG00000116544,1387.9720088942122,-1.0368760168679862,0.22452050270906912,-4.618179651109891,3.871210378025129e-06,2.242599520889022e-05,DLGAP3
ENSG00000201448,16.45809799849901,-1.041079422113965,0.2913326176345477,-3.5735079393681612,0.00035223055840568685,0.0011450519183909956,SNORA63C
ENSG00000185668,60.16657151563622,1.3334847707058741,0.27888789528283775,4.781436531526417,1.7404695532234395e-06,1.1265714658565678e-05,POU3F1
ENSG00000158315,111.21034348312176,1.3800981207566567,0.28250466186286477,4.8852224655556045,1.0331213700922537e-06,7.149471953966876e-06,RHBDL2
ENSG00000049089,1107.3596340100853,1.1943188526803221,0.22299839187945844,5.3557285441139415,8.521236103970682e-08,8.345485734494208e-07,COL9A2
ENSG00000117016,4362.944877895096,-1.7577983007417173,0.23093174975664943,-7.611765392130119,2.703770246952415e-14,2.149383742535281e-12,RIMS3
ENSG00000179178,458.54956391461076,1.5848169633945235,0.27750876207420216,5.710871799322734,1.1239889462975185e-08,1.4954902154675843e-07,TMEM125
ENSG00000117399,23.692691970725672,1.7162762518094046,0.363903497511027,4.716295016530854,2.4017810683729177e-06,1.4938099215521237e-05,CDC20
ENSG00000066322,976.6627996323563,1.5343420667913774,0.2488100796112131,6.166719890082095,6.972110330713896e-10,1.3419361897976288e-08,ELOVL1
ENSG00000196517,369.3588755563928,1.6773241705322395,0.19696985000274145,8.515639172740876,1.6567394127139455e-17,3.64482670797068e-15,SLC6A9
ENSG00000199377,13.343670521150127,1.3146192353743398,0.3357944991388272,3.9149516705776586,9.042231826826412e-05,0.00034949749982340287,RNU5F-1
ENSG00000200169,18.005003947395288,1.3464165255673288,0.2796160718282744,4.815232961266359,1.4702826154381467e-06,9.723085314257161e-06,RNU5D-1
ENSG00000070759,223.97146167376306,1.097711401796219,0.20733162996418225,5.2944714802360595,1.19361114691518e-07,1.1130173927863582e-06,TESK2
ENSG00000236624,151.7467516806561,1.3150550291641645,0.21097811758245483,6.233134716685547,4.5719267024341935e-10,9.412497628950484e-09,ENSG00000236624
ENSG00000117461,648.8224400470832,-1.1416082157503848,0.13241459185918697,-8.621468372340715,6.610094371392091e-18,1.5632873188342295e-15,PIK3R3
ENSG00000186377,180.17838436871014,-1.0564922482814267,0.20092696806714377,-5.258090829939655,1.4555862622784594e-07,1.3214823456002135e-06,CYP4X1
ENSG00000186564,7.9693804298325475,-1.7319424333995748,0.5101381143681433,-3.395046134799705,0.0006861703704881307,0.002056445970162432,FOXD2
ENSG00000224986,10.897444239234705,1.0274859248191768,0.3605271933604783,2.8499540221695017,0.0043725549410389385,0.010359221072433849,PPP1R8P1
ENSG00000142700,15.4271887819595,1.487304053618853,0.4187036448116066,3.5521640951753772,0.00038207650403473357,0.0012293379606169567,DMRTA2
ENSG00000187889,34.12737425595343,1.3697600561982277,0.25499873401789425,5.371634731732065,7.802603714941902e-08,7.761580561866498e-07,FYB2
ENSG00000184292,6.617808985798064,1.8029274704419842,0.4786950634409027,3.766338130755687,0.0001656594019877521,0.0005956434598267332,TACSTD2
ENSG00000162598,11.825849959032904,1.7868226615428549,0.5235501058901634,3.4128971447820047,0.0006427619642437522,0.0019439028714021405,C1orf87
ENSG00000237928,29.41823676993883,1.953851778927649,0.29378311413706626,6.650660589076838,2.917804449503889e-11,8.947303109337696e-10,NFIA-AS2
ENSG00000132854,49.74331828242629,1.241194412847129,0.2575271690513823,4.8196639500956255,1.4380023736935763e-06,9.56309487180403e-06,KANK4
ENSG00000024526,12.353239943167358,-1.0653466218944017,0.25603412977248347,-4.160955505584696,3.1691883275127646e-05,0.00014016139120276184,DEPDC1
ENSG00000050628,245.85727691360037,-1.7448113189493546,0.28600557173572416,-6.100620027646178,1.056578063738607e-09,1.9129623890846357e-08,PTGER3
ENSG00000172260,2592.0398853227634,-1.2373267707483606,0.14386929370096363,-8.600353410507314,7.947099562083913e-18,1.8115557074051523e-15,NEGR1
ENSG00000162621,13.847555555692193,-1.3021947066730033,0.4379138698837263,-2.973632022705192,0.002942977721128456,0.007329358757897904,LRRC53
ENSG00000273338,7.041863255088309,1.988412137559917,0.5022023298250792,3.959384533824238,7.514316379616104e-05,0.00029823970191385923,ENSG00000273338
ENSG00000137959,612.4678666144107,1.0539197603991863,0.1463107019880688,7.203299185080326,5.877281636532707e-13,3.1128464361507595e-11,IFI44L
ENSG00000117114,926.5668262233625,-1.2473237301903248,0.14800792940255797,-8.427411526025766,3.533952877462097e-17,6.62003845956266e-15,ADGRL2
ENSG00000162643,19.13352652727948,2.848964659463104,0.3232831151225,8.812599626131295,1.2227663356431409e-18,3.5052634955103373e-16,DNAI3
ENSG00000055732,15.766161343542693,1.4214201910559197,0.45896338667782677,3.0970230574267954,0.001954746688284789,0.0051217016122902925,MCOLN3
ENSG00000142871,130.280329135602,1.0574671390502202,0.32279601232500976,3.275960974342833,0.001053031106220407,0.002975854896144899,CCN1
ENSG00000137975,9.662998651150774,1.739899522026093,0.41772628141591067,4.165166520355361,3.111253927474328e-05,0.0001378569655920709,CLCA2
ENSG00000016602,144.18363063439506,1.6161783758270571,0.26367378011754883,6.129461849056611,8.817681523296825e-10,1.6388068214221603e-08,CLCA4
ENSG00000172031,105.55229710726785,-1.707118928239761,0.240368111515912,-7.102102344082162,1.2287317999424859e-12,5.797407893992976e-11,EPHX4
ENSG00000260464,101.5536556164573,-1.032056572281109,0.10525001489938479,-9.805761768943384,1.063415597210803e-22,8.047929239691356e-20,ENSG00000260464
ENSG00000198691,17.606324292825366,-1.335032815142008,0.2352218088120705,-5.675633657798401,1.3817620561345883e-08,1.773605027277233e-07,ABCA4
ENSG00000269998,26.15405506440908,-1.0949604803811281,0.21052933831847154,-5.200987611164965,1.9823231728156393e-07,1.7188613395816635e-06,ENSG00000269998
ENSG00000259946,28.89382495057305,-1.2606048912083747,0.2280969635785661,-5.526618467124705,3.2646184495465906e-08,3.68535686547861e-07,ENSG00000259946
ENSG00000225206,171.49035442793368,-1.0462876413863145,0.15339607328299396,-6.8208241514504895,9.051969048843742e-12,3.306240432512038e-10,MIR137HG
ENSG00000118733,638.8831382490577,-1.5438792838274051,0.212446504427535,-7.267143735725804,3.6716806695627034e-13,2.0924156104857333e-11,OLFM3
ENSG00000143107,16.67660955247735,1.4992246815827972,0.25513441861249364,5.876214936957871,4.197532527299159e-09,6.38916455482704e-08,FNDC7
ENSG00000184371,342.17621731282264,1.1572656446234233,0.17322714343049,6.680625343728499,2.3792478120336544e-11,7.552914195247776e-10,CSF1
ENSG00000259834,185.1895002928044,-1.5743416223028959,0.19898056165911782,-7.912037282314886,2.532105325915503e-15,2.5482677003362405e-13,ENSG00000259834
ENSG00000177272,211.61849322776067,-1.173949726405028,0.190355226171432,-6.167152591585695,6.953065391464167e-10,1.3396333727749698e-08,KCNA3
ENSG00000064886,116.25541187267004,2.4015079070416285,0.43872759639694486,5.4738018003974185,4.4048170483315186e-08,4.7459646101612947e-07,CHI3L2
ENSG00000173947,114.90429773501616,1.0216729916424592,0.26497563526010093,3.8557242843840407,0.00011538748242258881,0.0004335910958163615,CIMAP3
ENSG00000143110,46.75555500602657,1.2331619087136048,0.21846502474982363,5.644665136333684,1.6550305863850823e-08,2.065513106491145e-07,C1orf162
ENSG00000121933,353.3213723798,1.0174465623463638,0.1451095414816943,7.011575889203093,2.356486131656382e-12,1.0179159271903824e-10,TMIGD3
ENSG00000134245,125.9494332906131,-1.1685816309177182,0.15327853710953165,-7.623909080516985,2.4610674018166514e-14,1.989888685571412e-12,WNT2B
ENSG00000177551,24.70349449824485,1.6995048706777005,0.30848103985483233,5.509268483656137,3.6032796379241403e-08,4.012436839170029e-07,NHLH2
ENSG00000143061,310.3440746609702,-1.0261490993207758,0.19305820577688693,-5.315231720876311,1.0652168416053901e-07,1.010472435020842e-06,IGSF3
ENSG00000134256,13.369657736422155,-1.0101633061959778,0.2448917908552978,-4.124937396504505,3.708356122179863e-05,0.00016066429546975728,CD101
ENSG00000155761,31.136569174657716,2.2339000061436667,0.36511672180745863,6.118317438557897,9.456854010268546e-10,1.7388112524225547e-08,SPAG17
ENSG00000240244,14.692473195473529,-2.267622523079551,0.32495012719953376,-6.9783709353255015,2.9862236763815066e-12,1.2417439990579804e-10,GAPDHP33
ENSG00000260941,37.27421180396583,-2.1757146225768857,0.24461461829739828,-8.89445871109669,5.870473085901358e-19,1.7914411416976402e-16,LINC00622
ENSG00000143067,261.85931401825934,-1.604126329093381,0.17776308766238003,-9.023956267794183,1.814164375877836e-19,6.129283927072973e-17,ZNF697
ENSG00000201699,14.483641675137832,1.435611679891258,0.41892116667136464,3.4269256225419302,0.0006104562514315761,0.001858679156273804,RNVU1-24
ENSG00000272755,88.53470087804497,1.0978388777252395,0.2318602777458896,4.734915736314397,2.1914612749104016e-06,1.3770324583628296e-05,ENSG00000272755
ENSG00000201558,6.511849474907435,2.104676603373566,0.45386595379119987,4.637220716365561,3.531252719865433e-06,2.0753464768250235e-05,RNVU1-6
ENSG00000212456,18.11403409510976,1.777869329565821,0.332185551476998,5.352036901246526,8.696965726197878e-08,8.494919542574283e-07,ENSG00000212456
ENSG00000207501,32.128412461205635,1.4443425362577489,0.2580040486619087,5.5981390359902115,2.166649629161408e-08,2.602730856110085e-07,RNVU1-14
ENSG00000207205,10.951784356414109,1.8408084165730645,0.36362635638211366,5.062362461533637,4.140927887475356e-07,3.2428127330725886e-06,RNVU1-15
ENSG00000206737,60.508899610102056,1.1357266053053,0.18123169271019357,6.266710796115738,3.687540927978561e-10,7.901276824162443e-09,RNVU1-18
ENSG00000212544,8.667753596070105,1.5406063905802823,0.35402943850802926,4.351633573390937,1.3512695894605163e-05,6.66997668473597e-05,ENSG00000212544
ENSG00000202496,7.836713796429346,1.6918684998076707,0.4026678610915271,4.20164771834896,2.649792554470347e-05,0.00011970887089441014,ENSG00000202496
ENSG00000266187,47.18205920101405,2.2611544872628118,0.44612072281550613,5.0684811792477875,4.010026246967284e-07,3.1546651389863203e-06,RN7SL480P
ENSG00000118298,167.65707911084718,1.2555324224653317,0.26664907811938204,4.708557146795064,2.494764260353857e-06,1.542514372741666e-05,CA14
ENSG00000143418,1519.6432032667788,1.1565826299051458,0.194335877540921,5.951462203172475,2.6575739978150425e-09,4.301223271057365e-08,CERS2
ENSG00000196754,6.508312017371942,1.8450834998166536,0.39813749473020826,4.634287210419471,3.581694380023619e-06,2.1006093512103804e-05,S100A2
ENSG00000169242,173.022870682177,1.05459636226228,0.20221266856707157,5.215283343696554,1.835364672063933e-07,1.611373531111351e-06,EFNA1
ENSG00000252808,7.899614150483843,-1.0293009537219682,0.3579543837072004,-2.8755087256143677,0.004033769963034301,0.009647190962028691,ENSG00000252808
ENSG00000132702,838.32629736786,1.7985759243083648,0.23118650851459213,7.779761612667123,7.266133764172573e-15,6.577763197040434e-13,HAPLN2
ENSG00000143320,55.5058606395023,-1.7472539112140657,0.35798230591705754,-4.880838751898801,1.0563559054697736e-06,7.288932797771013e-06,CRABP2
ENSG00000027644,9.921553034274238,-3.1468002055836375,0.6683468348507019,-4.708334118596646,2.497494889518701e-06,1.5432823456515358e-05,INSRR
ENSG00000213088,53.9838961803733,-1.1400310968710181,0.20020010328963309,-5.694458085377282,1.2376438469742083e-08,1.618304897537903e-07,ACKR1
ENSG00000085552,7.550420753923355,1.3092066687360453,0.3653538464024597,3.583393692518769,0.00033915883314081414,0.001108844845865596,IGSF9
ENSG00000143318,111.29494078806866,-1.6148790753439324,0.20913591084550517,-7.721672805092239,1.1481280951347914e-14,1.0056751648125117e-12,CASQ1
ENSG00000162738,249.18002395085145,1.094844508798644,0.1356456316177137,8.071358404553813,6.952031363983982e-16,8.710757179243506e-14,VANGL2
ENSG00000158859,1127.115796361418,1.7456361371661966,0.34350812050262935,5.081790015944717,3.7389460890370237e-07,2.9697738168972893e-06,ADAMTS4
ENSG00000248485,209.2671121352975,-1.260027106785709,0.18564683541832663,-6.787226423474612,1.1430973784673803e-11,4.0425051216080067e-10,PCP4L1
ENSG00000143226,174.9347675330964,1.0105005435962957,0.11984419435036532,8.431785528484513,3.4043047726290766e-17,6.572392479402258e-15,FCGR2A
ENSG00000162747,33.183155223598504,1.0276650260987135,0.32903585588032125,3.123261516132459,0.0017885874828693785,0.004731554135331186,FCGR3B
ENSG00000132185,6.325816764392593,1.184204893040755,0.3618752511038614,3.2724119414866464,0.001066340840638066,0.0030089737069160637,FCRLA
ENSG00000185860,52.649478362001446,1.5405604152911534,0.2741983271805412,5.618416534965939,1.9271545090602584e-08,2.3508551458040032e-07,CCDC190
ENSG00000117152,3582.6397291132266,-1.6266783728758503,0.22162211632026724,-7.3398738351777535,2.1379529258789726e-13,1.2964765819753257e-11,RGS4
ENSG00000198734,86.44557773555186,2.6980194881425836,0.2531068117380178,10.659608366981491,1.5725824262767833e-26,3.305917722795193e-23,F5
ENSG00000188404,101.33730519677867,1.5730595013649256,0.2400064224656508,6.554239195786765,5.5926262698258435e-11,1.576937243295156e-09,SELL
ENSG00000116132,409.6409927233018,1.0183594503212334,0.14831461547946528,6.866211040827793,6.5929519223331556e-12,2.5199727347584504e-10,PRRX1
ENSG00000120341,8.985593969912903,-1.1777972468121385,0.3139140532006953,-3.7519736208150416,0.00017544792859910138,0.0006249011312302331,SEC16B
ENSG00000143340,15.936054893039554,-1.0853709963752467,0.4615893108807902,-2.3513780990815754,0.01870401710821421,0.03656918504571797,FAM163A
ENSG00000264916,21.038475670034757,1.5977008830969706,0.39589191614134844,4.035699689625718,5.44398140064214e-05,0.00022508769252655006,RN7SL230P
ENSG00000261185,48.210968103867295,-1.4020123959725557,0.24420394428243766,-5.7411537724838615,9.403365258169131e-09,1.27901991865248e-07,ENSG00000261185
ENSG00000135824,66.66870082192032,-1.3767824038126892,0.23559288153140698,-5.84390493831262,5.099113359716011e-09,7.537126934830228e-08,RGS8
ENSG00000157064,2138.0767015439224,-1.0127835267455352,0.1753817874286276,-5.774736029290909,7.707381939162567e-09,1.0777802386471232e-07,NMNAT2
ENSG00000090104,731.8113367128091,2.7654494173422917,0.3024533856292008,9.143390514836735,6.052436417652973e-20,2.202155711961428e-17,RGS1
ENSG00000203721,13.77604254883798,1.0131729235378688,0.3683060905074706,2.7508991831817613,0.005943193117885537,0.01353620004699583,LINC00862
ENSG00000081277,19.346322587287805,-1.8459290849904804,0.3433442680443095,-5.376321251858668,7.60230987126503e-08,7.60230987126503e-07,PKP1
ENSG00000118194,43.248633741162486,-2.616076671885949,0.4707990842878073,-5.556673237466829,2.7496481131305166e-08,3.1857527434433175e-07,TNNT2
ENSG00000143851,9.153571169417418,1.5724814710587063,0.39578543202405636,3.973065564887009,7.095350828243191e-05,0.0002836940779170777,PTPN7
ENSG00000243323,12.496482785313384,1.1278912794104354,0.3141861772424633,3.589881927046144,0.0003308277805391109,0.0010855465847728022,PTPRVP
ENSG00000143847,1453.5744731453437,-1.0770708891270142,0.16345034342366963,-6.589590860235789,4.410402590564409e-11,1.2817944241701783e-09,PPFIA4
ENSG00000159388,1040.507488959483,1.2678597918064465,0.21601956822715865,5.8691895470932955,4.379305453772552e-09,6.623218160301893e-08,BTG2
ENSG00000122176,89.70635678817239,-1.013119403840874,0.31145990641622096,-3.2528084128009302,0.0011427051439887846,0.003196122974265424,FMOD
ENSG00000184144,7333.744906692763,1.5306246572322943,0.27209552098370593,5.625321033211546,1.8516328878290978e-08,2.271912726182006e-07,CNTN2
ENSG00000117266,1349.580508102286,1.107118645554615,0.2676214742118101,4.136882695289174,3.520559701054649e-05,0.00015348043513600514,CDK18
ENSG00000174514,1465.9202317049094,-1.064812287000034,0.19791568239079682,-5.380130943325128,7.443167931599193e-08,7.462890157173118e-07,SLC60A1
ENSG00000158715,403.4038133602565,1.9804693728499296,0.38255043715859144,5.177015056001359,2.2546402792372117e-07,1.925859778021131e-06,SLC45A3
ENSG00000174502,28.494838330549104,1.459371829621314,0.2973577495761222,4.9077982050295335,9.210454855217363e-07,6.4709174103495176e-06,SLC26A9
ENSG00000008118,404.9731715865404,-1.3463989669351324,0.20475685812400962,-6.575598879914903,4.845772774220571e-11,1.3985765889995648e-09,CAMK1G
ENSG00000143473,712.2404938630963,-1.0805319573839016,0.12651553665020673,-8.540705639745916,1.3340465268209297e-17,3.0047809866014276e-15,KCNH1
ENSG00000224668,32.945328293458864,-1.1068315012826426,0.22470993212828522,-4.925601155229582,8.410138876187679e-07,5.991064546053133e-06,IPO8P1
ENSG00000234233,10.294603822613082,-1.2424410045175316,0.2808670829008368,-4.42359065962952,9.707386852416282e-06,5.016494035899055e-05,KCNH1-IT1
ENSG00000065600,498.88836122924715,1.125533299328213,0.21452982142557714,5.246512078595439,1.5500569085061028e-07,1.3925487516113705e-06,PACC1
ENSG00000162772,129.5125124419831,1.3506746304345891,0.2710359931667913,4.983377353883052,6.248392476434336e-07,4.6027205635055755e-06,ATF3
ENSG00000162817,1598.037688342373,-1.66855989771576,0.2038059115978063,-8.187004413338714,2.678083553143826e-16,3.897641601960092e-14,C1orf115
ENSG00000257551,6.7133262145031365,1.0098466674945255,0.33391096150725763,3.0242992411393965,0.0024920980885740555,0.006328925615546461,HLX-AS1
ENSG00000136630,16.094978311037067,1.2391658084611783,0.275390608979245,4.4996661761787555,6.806025775752322e-06,3.684406514370069e-05,HLX
ENSG00000196187,1781.3314176293866,1.5857995648985157,0.3460605353928178,4.58243400420812,4.595947796988884e-06,2.6026738197853845e-05,TMEM63A
ENSG00000228382,7.116608180822941,1.6165307016962518,0.41974506020199676,3.851220311963452,0.00011753070596384139,0.0004408566528223392,ITPKB-IT1
ENSG00000198835,348.053847817209,1.455896587354043,0.2715124840936037,5.362171806627219,8.222727468887133e-08,8.119728794955352e-07,GJC2
ENSG00000116574,2331.5598089873233,1.3561550675410712,0.21314423590955492,6.362616665442168,1.98345275385973e-10,4.604530810187251e-09,RHOU
ENSG00000228058,66.25257095232249,1.0126423566250526,0.1790879464483307,5.654441723788561,1.5635363453142924e-08,1.9721405102230943e-07,LINC01736
ENSG00000119280,2481.4680569760217,1.060286914317062,0.16441657419402883,6.448783643100433,1.1275138564499692e-10,2.844341621871122e-09,C1orf198
ENSG00000183780,198.79319441374963,-1.1583112199588195,0.1325899960568838,-8.736037818885526,2.4142917709318295e-18,6.257315110415098e-16,SLC35F3
ENSG00000236358,8.572213063999977,-1.1319969934578042,0.29552679106315244,-3.830437806959785,0.00012791546224839645,0.00047547358462468776,ENSG00000236358
ENSG00000273367,10.404909440797153,-1.2329443998952916,0.24940660566642925,-4.943511406206708,7.672785876074704e-07,5.534468500775197e-06,ENSG00000273367
ENSG00000231768,75.12134485201807,1.1232388675061176,0.199353037690654,5.634420626432105,1.756478355847309e-08,2.173484008674368e-07,LINC01354
ENSG00000133019,1208.348589561629,-1.6424884237617179,0.19883006591248115,-8.260764870865609,1.4474195587920486e-16,2.3012754665836606e-14,CHRM3
ENSG00000117009,15.56492456257268,-1.3122782668995427,0.28831350916010634,-4.551567044924031,5.32478238004891e-06,2.966574871334669e-05,KMO
ENSG00000054277,204.20354259960268,-1.2336327876415067,0.12759158432366552,-9.668606234343107,4.099225490995702e-22,2.5622753992119785e-19,OPN3
ENSG00000203668,489.6326322913959,-1.0470107064279377,0.12130528674968453,-8.6312042490651,6.070936260365232e-18,1.4539508107102556e-15,CHML
ENSG00000189181,22.17201373749544,-1.657231953623983,0.3729557183610603,-4.443508631283697,8.850360414877144e-06,4.635903074459456e-05,OR14I1
ENSG00000232694,29.69677172687727,-2.1646429435277144,0.3352252810039441,-6.457278332484256,1.0660273038267991e-10,2.7182259553103825e-09,ENSG00000232694
ENSG00000266949,7.378662517299093,-1.7357856758124597,0.4044561585910699,-4.291653468348954,1.773475661156031e-05,8.456189392407286e-05,ENSG00000266949
ENSG00000234423,31.860781809822715,-1.2781593530194861,0.20966775084757233,-6.096118014585388,1.0867519643193288e-09,1.9619606073398568e-08,LINC01250
ENSG00000228203,101.84802975861885,-1.07396071550067,0.19966758775059348,-5.378743378430372,7.500753378926284e-08,7.504719932801972e-07,GRASLND
ENSG00000260837,139.0715095275598,-1.2410368304717678,0.15187068216670083,-8.171668242785293,3.0415396886957134e-16,4.3595402204638565e-14,ENSG00000260837
ENSG00000240687,6.481026223522049,1.3563970013620525,0.48113749933589556,2.8191463006609547,0.00481515658480474,0.011273699119478491,LOC105373418
ENSG00000239899,343.81125816211124,1.137321343381566,0.24927713928966272,4.562477516480107,5.055350867303247e-06,2.8381969854414665e-05,RN7SL674P
ENSG00000162981,610.943701014766,-1.2430674170712224,0.1490953610777625,-8.337398347510527,7.594288571387881e-17,1.2944499078437722e-14,LRATD1
ENSG00000214842,12.924917473193918,-2.0930027535167723,0.3041287081907335,-6.881963777665314,5.9033026211070825e-12,2.2887394588390574e-10,RAD51AP2
ENSG00000163032,5153.361738024652,-1.6629545681824884,0.19864708675549309,-8.371401742374173,5.693683657335478e-17,9.882981174017179e-15,VSNL1
ENSG00000143867,18.29498177382752,-2.3240889657949055,0.4784476456905718,-4.857561713864033,1.1884010337126592e-06,8.087966747425725e-06,OSR1
ENSG00000115884,27.1521705305541,-1.5820865335349656,0.2604754497879557,-6.073841257680479,1.2488618725146103e-09,2.2082679091566753e-08,SDC1
ENSG00000143869,21.73834969055606,-1.0685202130944225,0.36974243459042466,-2.889904195816896,0.003853592483598009,0.009269002007332104,GDF7
ENSG00000260396,11.81951948063227,-1.648961748720364,0.4898080450418396,-3.366546885891817,0.0007611564178814607,0.0022536539270769204,ENSG00000260396
ENSG00000223634,6.508537765741912,-1.0599622698230549,0.30717318434305685,-3.4506992271801593,0.0005591363146789358,0.0017173472522281602,ENSG00000223634
ENSG00000171303,155.46906399681038,-1.560168532858822,0.19640128043469854,-7.943779844029899,1.9611153762012966e-15,2.0386979625125566e-13,KCNK3
ENSG00000115194,459.04458084169306,-1.7957499731380087,0.26433160423696345,-6.793550012007589,1.0940728571804567e-11,3.9056336712932527e-10,SLC30A3
ENSG00000163793,15.245711067615417,-2.5417476199299225,0.3197830384070463,-7.948350333373766,1.8901150687514053e-15,1.9867209500431438e-13,DNAJC5G
ENSG00000138100,16.127013782564198,-2.7778834254721785,0.3633953578870462,-7.644245764789392,2.101736350146485e-14,1.7364564080686242e-12,TRIM54
ENSG00000223522,6.0564113785633,2.140480904721157,0.6432294643742612,3.3277096639275285,0.0008756307140677355,0.002539382757535493,BABAM2-AS2
ENSG00000162949,46.80149614420876,1.104694274786713,0.27305108903988407,4.045742057543496,5.2157639595536726e-05,0.00021693175228567927,CAPN13
ENSG00000158089,112.03829003238245,-1.1156270628373182,0.15745527145910415,-7.085358606917647,1.3868470319418172e-12,6.431163197141957e-11,GALNT14
ENSG00000230876,16.477236058287463,1.014939278102793,0.29870186772461915,3.3978337190663006,0.0006792169018796045,0.0020390964852696966,LINC00486
ENSG00000152689,792.3418215848958,1.4912416500712014,0.27141213291091143,5.494380940444868,3.920833337843988e-08,4.3079074768878196e-07,RASGRP3
ENSG00000226994,26.661249135220437,1.3042353889313874,0.32141805367535864,4.057753987424435,4.9546919970472424e-05,0.00020743670294621938,ENSG00000226994
ENSG00000232973,41.0439261282153,-2.209424552569721,0.2769027668530794,-7.979062750723648,1.4744860447238872e-15,1.5850724980781788e-13,CYP1B1-AS1
ENSG00000234690,20.18337664862145,1.4406112972474892,0.2601545115518258,5.537521869808137,3.067813965790239e-08,3.5050145068086545e-07,EPCAM-DT
ENSG00000028116,427.6369722240549,1.264516145536173,0.2757901958388369,4.585065620951647,4.538438754499493e-06,2.5739586701178182e-05,VRK2
ENSG00000124374,3652.616269291229,1.1284821474813438,0.2459494480460228,4.58826867247199,4.469371967145711e-06,2.5385925433322383e-05,PAIP2B
ENSG00000003137,330.4007917072759,-1.088699660193976,0.22042728262443173,-4.939042242102688,7.850720615236412e-07,5.654192388285988e-06,CYP26B1
ENSG00000135638,123.86973872588692,-1.3582742293979309,0.2431865901865598,-5.58531713593227,2.3327413002716455e-08,2.7775623285802093e-07,EMX1
ENSG00000163017,8.968114952298185,-1.3888597502147824,0.40383395519223436,-3.4391851709291084,0.0005834679933685394,0.0017833949005707213,ACTG2
ENSG00000114993,1014.9678707343617,1.450605521564479,0.23988070875701512,6.0471954125909155,1.4738895082451385e-09,2.5519699125684995e-08,RTKN
ENSG00000115297,11.505460308594166,-2.198787782296679,0.3383374191791449,-6.49880166264569,8.09623156733105e-11,2.1519048242409624e-09,TLX2
ENSG00000272711,12.491163213914612,1.336952950810001,0.2952751168415364,4.527821257378406,5.959495742807615e-06,3.2682220131571035e-05,HK2-DT
ENSG00000159399,297.51255461753937,1.3208717607031193,0.20271127972509165,6.516024971547854,7.219496153977076e-11,1.95691786867115e-09,HK2
ENSG00000176204,442.3439156741547,-1.1251800064267878,0.18311979772494064,-6.144502235180986,8.021466075030137e-10,1.5191805619576598e-08,LRRTM4
ENSG00000186854,96.8023899332908,-1.8478946108586063,0.22935103444057184,-8.057058104690705,7.815250676800922e-16,9.539647922907964e-14,TRABD2A
ENSG00000115523,23.8345807480764,1.6905697598512937,0.2706175044216913,6.247082070555767,4.1819135410186396e-10,8.791311577341406e-09,GNLY
ENSG00000232504,42.60078056228398,1.2822692529856496,0.3661755191344818,3.5017885849291925,0.00046214617623961104,0.001453414370176561,ST3GAL5-AS1
ENSG00000272564,15.590915738154731,1.1225240466352173,0.40883369134561975,2.7456740244195244,0.006038673130659556,0.013732174955778702,ENSG00000272564
ENSG00000222041,40.08383803183475,-1.0279888021214751,0.17636708977081503,-5.82868835369072,5.586471908484095e-09,8.168164490611984e-08,CYTOR
ENSG00000234231,17.231711450845605,-1.1808288676458356,0.2154151445391476,-5.481642760874886,4.2139448018067194e-08,4.5846944019656774e-07,ANAPC1P4
ENSG00000222724,11.989563643604498,2.5034501235579922,0.42991823250637273,5.823084331555729,5.777138503762547e-09,8.388600191188595e-08,RNU2-63P
ENSG00000115593,14.857607936339887,-2.2905535975469977,0.35133568897392525,-6.519558557334588,7.051460754555528e-11,1.919620683110656e-09,SMYD1
ENSG00000231486,10.647585332864663,1.1716603298879626,0.31479324618441074,3.7219995793733953,0.00019765135241266114,0.0006934581133296905,ENSG00000231486
ENSG00000233850,11.420894246699193,1.067598211752365,0.27514613213707,3.880113463563129,0.00010440774792428845,0.0003965859447355024,MAL-AS1
ENSG00000172005,1364.4146427981182,1.2592277924876245,0.22581807605701434,5.57629315808047,2.4569774103070885e-08,2.8963247727732157e-07,MAL
ENSG00000222040,11.777716277848427,1.1950026930132371,0.3323952086409361,3.595126108764453,0.0003242344789167262,0.00106557518518403,ENSG00000222040
ENSG00000168754,55.60717307909015,1.405991562374494,0.2865345817201285,4.906882631527495,9.253536864081794e-07,6.498771992146531e-06,FAM178B
ENSG00000168658,36.132312373483096,1.6984492023702444,0.3576419067426265,4.749021773873152,2.044029371005489e-06,1.2964477271010343e-05,VWA3B
ENSG00000222000,5.075443340020459,1.7205164073718326,0.46933259231103885,3.6658788150634165,0.00024649063797674644,0.0008399861078026014,ENSG00000222000
ENSG00000144191,37.173820271630625,1.0675355987946222,0.22032260199219605,4.8453294811416345,1.264017344055319e-06,8.544214158193112e-06,CNGA3
ENSG00000196872,1034.326965339939,-1.039463120047096,0.17117031529291415,-6.072683328697042,1.2579036167164466e-09,2.2201060101002956e-08,CRACDL
ENSG00000115616,97.22939032906687,-1.1444712887883621,0.2270480056794091,-5.040657747086099,4.6393452601018637e-07,3.5681468423222466e-06,SLC9A2
ENSG00000227157,6.705669436470531,1.4379700775527358,0.3541360025033083,4.060502370242072,4.8967240123835096e-05,0.00020519605385226137,LOC124908058
ENSG00000186522,654.0499468720321,1.1119372022295624,0.16230996979822981,6.8507017998452575,7.348856336933687e-12,2.7587373391822487e-10,SEPTIN10
ENSG00000204588,31.74085112549609,-1.6898492617570215,0.1928601786297758,-8.762043433553703,1.9174236418094735e-18,5.182522186147891e-16,LINC01123
ENSG00000175772,33.30630083689893,-1.245288440846097,0.2016342677765022,-6.175976209690775,6.575588891605429e-10,1.2786242736811378e-08,LINC01106
ENSG00000172965,108.302526353194,-1.0732919472338545,0.1651335734324835,-6.499538070449862,8.056701171406697e-11,2.1469406501833055e-09,MIR4435-2HG
ENSG00000144152,64.05967596150596,-1.3701843022848181,0.2553048571062664,-5.366855600849387,8.012115031183063e-08,7.940765656887562e-07,FBLN7
ENSG00000115008,22.11996575702404,1.14240479375491,0.2824150138513178,4.045127694083391,5.229461196302837e-05,0.00021735809717497734,IL1A
ENSG00000125538,160.08154831231923,2.5874080959051695,0.30041182420286383,8.61287035811856,7.125365534818682e-18,1.6643446409724627e-15,IL1B
ENSG00000235026,50.0291197237378,-1.0858228762943494,0.27742821567755016,-3.913887683134515,9.082189378158764e-05,0.00035063105512539395,DPP10-AS1
ENSG00000019169,28.742961138015968,-1.0634390514482261,0.42009471968812856,-2.531426846397179,0.011359951096265586,0.02371251927861263,MARCO
ENSG00000115107,116.6106340147981,1.5399453968726893,0.23171634725378154,6.645821130548474,3.015312642068984e-11,9.186749627688433e-10,STEAP3
ENSG00000229867,8.50685642397713,-1.091686748863848,0.28126419733692753,-3.8813569562005505,0.00010387524345532439,0.0003948010458366286,STEAP3-AS1
ENSG00000186684,8.102655607620274,1.0251653097869007,0.4414330681422118,2.322357303455649,0.020213704366221507,0.03907345223592939,CYP27C1
ENSG00000214100,23.553546137643227,1.0689659847862534,0.32229688793678835,3.3167120899904816,0.0009108342541697333,0.00263018682675387,PLAC9P1
ENSG00000240253,28.10390195064479,-1.1705074914521425,0.28633610091042494,-4.087879550397016,4.353340675455357e-05,0.00018488261634032628,FAR2P3
ENSG00000178171,396.2181717558029,-1.1680162752073133,0.20402771544386175,-5.724792206128942,1.0356041696019743e-08,1.391593102902653e-07,AMER3
ENSG00000233221,14.533489718631595,1.024062323294472,0.27207293288861,3.7639257695425945,0.00016726655427081174,0.0006005091474010927,ARHGEF4-AS1
ENSG00000232474,8.732148041661523,1.3837110326723356,0.4376580185356688,3.16162614203209,0.0015689084976159733,0.00421823913242777,NCKAP5-IT1
ENSG00000121966,150.29878125871855,1.3216606558014885,0.16913519966152585,7.81422588820306,5.530184157855635e-15,5.154240604267419e-13,CXCR4
ENSG00000144227,39.96975055705756,-1.013104588575244,0.22920692097238218,-4.420043619439031,9.86809806277616e-06,5.081546569533316e-05,NXPH2
ENSG00000136541,9265.98608747903,1.5780114547142265,0.28406583460984697,5.55509062496573,2.7746776713383796e-08,3.2127846720760187e-07,ERMN
ENSG00000115165,34.319222535513354,1.057014368892075,0.24077226610987038,4.390100180432464,1.1329845198686282e-05,5.731084463253107e-05,CYTIP
ENSG00000115183,797.7075072839458,1.1292980315958356,0.1346778364265706,8.385180973794114,5.06477751480654e-17,8.955662671041098e-15,TANC1
ENSG00000136535,649.970180180301,-1.5258121496163513,0.16847783283848022,-9.056456412750443,1.3475726138614186e-19,4.8105799725015167e-17,TBR1
ENSG00000251621,16.62711693199684,-1.371792445936044,0.23246791048666324,-5.900997015305234,3.6131144390800896e-09,5.5986998515475264e-08,ENSG00000251621
ENSG00000144290,2852.3593151496602,-1.0566172984177082,0.16707234636481633,-6.324309925656378,2.5436673920205963e-10,5.736136717166827e-09,SLC4A10
ENSG00000184611,450.5323816845779,-1.6774186787691336,0.244779613200192,-6.852771179915476,7.243289890618859e-12,2.7344657315773655e-10,KCNH7
ENSG00000136531,5481.020699016431,-1.0419093759033913,0.1850472282437199,-5.63050517315031,1.796825514000953e-08,2.216162889497916e-07,SCN2A
ENSG00000115339,40.83367819132395,1.254753443018437,0.281704627102566,4.454145662866919,8.422790523605596e-06,4.432960219329887e-05,GALNT3
ENSG00000081479,1326.464545440569,1.9789483032111648,0.40717604580074374,4.8601785974894645,1.172799016484697e-06,7.999047365497645e-06,LRP2
ENSG00000128683,1551.3990089195415,-1.093363014303429,0.20682159742085868,-5.286503092220869,1.246767097330571e-07,1.1544155187924144e-06,GAD1
ENSG00000144355,132.616884656339,-1.2484724243732455,0.23944230246011253,-5.214084610555489,1.847271436269686e-07,1.6195725474616522e-06,DLX1
ENSG00000115844,16.357712859360763,-1.3500739457405,0.3122415601805713,-4.323812451358953,1.5335568225528785e-05,7.432094027331061e-05,DLX2
ENSG00000115935,772.6630092030734,1.1553280487061401,0.2219654288738904,5.204990950922089,1.9400605983203866e-07,1.6871724290492418e-06,WIPF1
ENSG00000138435,21.86194199736169,3.103331159839325,0.4724967965526156,6.567941163795275,5.1015689454475487e-11,1.469127617166935e-09,CHRNA1
ENSG00000128656,8553.91457738694,-1.0061819472097249,0.17450374375951397,-5.765961953208054,8.119337636889898e-09,1.1272987969461167e-07,CHN1
ENSG00000224189,128.44321617108366,2.150087069139313,0.3377906390792123,6.365146988679917,1.951028029910721e-10,4.540399794084974e-09,HAGLR
ENSG00000128645,38.591926353495424,2.1000252080457833,0.443799431032508,4.731924065697952,2.2240161514432465e-06,1.3970247538282278e-05,HOXD1
ENSG00000163364,9.630819979784462,-1.1617239211476462,0.37633576133173724,-3.0869347017053608,0.0020223201542747204,0.005272467592514498,LINC01116
ENSG00000155657,984.3575983763502,1.5303839539569628,0.23634941498816403,6.475090932776803,9.475485927927485e-11,2.469369060005345e-09,TTN
ENSG00000163492,66.88358020915184,1.5213447792617398,0.2702289168850089,5.62983709071047,1.803799122257491e-08,2.220421561035246e-07,CCDC141
ENSG00000144331,212.5695101774434,-1.0179067117961247,0.23372182969601693,-4.3552059861932175,1.3294184517031874e-05,6.57756200476577e-05,ZNF385B
ENSG00000162992,61.649476207832585,-1.0289561645941225,0.32165008432607833,-3.198992366969195,0.001379088201381945,0.003768936699428918,NEUROD1
ENSG00000144366,227.00304139971072,-1.4134441162347366,0.23833215135803199,-5.930564165098334,3.0189557647908306e-09,4.7918324723022245e-08,GULP1
ENSG00000168542,142.02569293618717,-1.4484272424501825,0.32955153356385325,-4.395146418487347,1.1069811322037009e-05,5.6135306945306944e-05,COL3A1
ENSG00000187699,490.95263667012307,1.749146069716813,0.23250806992425402,7.522947785367821,5.3554815883016106e-14,3.867393574452918e-12,AKAP19
ENSG00000138379,36.94565796349686,1.2948402406325188,0.2422204619480384,5.345709566478701,9.00635247621059e-08,8.769953106016695e-07,MSTN
ENSG00000138378,158.44457979133094,-1.1773615314481787,0.25445612964663755,-4.6269725672679884,3.71049639333993e-06,2.1647422683315284e-05,STAT4
ENSG00000225539,19.161752693276345,-2.8194260683339025,0.37338485569894914,-7.550992026862319,4.3195528854995664e-14,3.217556716285504e-12,LINC01821
ENSG00000196950,2967.2790808332647,-1.0189479504097527,0.14718122518843058,-6.9230837636066145,4.4191628048767555e-12,1.771410175175174e-10,SLC39A10
ENSG00000119042,1385.6325095314544,-1.2824992252006486,0.1900481826234375,-6.748284606024355,1.4960327880889037e-11,5.081676903167335e-10,SATB2
ENSG00000225953,48.086059439696896,-2.3354462367887177,0.30957081261716474,-7.544142217557446,4.55274098934048e-14,3.348768391991724e-12,SATB2-AS1
ENSG00000238217,31.825508972873195,1.8899473591980125,0.42846211702531645,4.411002242903873,1.0289325223771995e-05,5.265729868373441e-05,LINC01877
ENSG00000237166,79.68562445140743,1.3858207473666682,0.31409808811137646,4.412063619041413,1.0239001582079773e-05,5.244231454600685e-05,LINC01792
ENSG00000163251,135.27545309814607,1.0628316436134941,0.2256934598600757,4.70918228765877,2.487125660887315e-06,1.538797171484238e-05,FZD5
ENSG00000144407,68.83623956552672,-1.617933308380708,0.30176808625311324,-5.361512307247885,8.252809876147455e-08,8.136297559879973e-07,PTH2R
ENSG00000144583,148.20968264957244,-1.039512550526816,0.2142504913517944,-4.851856086621338,1.223113659887857e-06,8.299985831052225e-06,MARCHF4
ENSG00000115457,88.135630523824,-1.1952135123829368,0.32474225117355693,-3.6804989435888364,0.0002327780237578895,0.0007992088180372549,IGFBP2
ENSG00000180871,25.901002982292916,1.0477117875063202,0.31976686501891427,3.2764864096983524,0.0010510737100866577,0.0029716549006036405,CXCR2
ENSG00000018280,93.0676267464301,1.6851041462460667,0.2634450555816482,6.396415914983119,1.5906636159246694e-10,3.795126811260371e-09,SLC11A1
ENSG00000135929,629.6477723661819,1.2116632424041065,0.19522983351885964,6.2063426504282555,5.423186671321704e-10,1.0927230225921901e-08,CYP27A1
ENSG00000181378,25.332370772442708,1.0419740188961573,0.3128642253863942,3.330435167553262,0.0008671035341415971,0.002518900486098421,CFAP65
ENSG00000175084,23.15046553540219,-1.3999275809400709,0.38928776034318424,-3.596125343642804,0.0003229922132951775,0.0010624152773895616,DES
ENSG00000135905,2382.8691867222656,1.0896389166328313,0.19801163791188106,5.502903405696494,3.7358712933728653e-08,4.132541655618993e-07,DOCK10
ENSG00000273301,181.2227295308517,-1.0625968912562815,0.2292314071706924,-4.6354768937270485,3.5611550468642185e-06,2.0905073995243876e-05,ENSG00000273301
ENSG00000153820,1222.9065242174415,1.0046105301813115,0.20601696360936494,4.876348590818882,1.0806756567607517e-06,7.448591411990318e-06,SPHKAP
ENSG00000115468,1633.7624535301973,1.3193030073696694,0.20992041037230713,6.284777192602673,3.2832422669302004e-10,7.148324935594866e-09,EFHD1
ENSG00000115474,18.807697649628643,-2.243004128887941,0.7794278220897054,-2.87775733085108,0.004005131038258125,0.009587181078421525,KCNJ13
ENSG00000066248,1287.2267659376425,-1.5494357530834288,0.15904010096739743,-9.742421839892172,1.9875994668488433e-22,1.343049354027861e-19,NGEF
ENSG00000176720,1023.7638940319135,1.2615753619399288,0.24153121083252985,5.2232395042919135,1.7581974217942422e-07,1.5551704170335233e-06,BOK
ENSG00000144619,530.7441108110249,-1.2295027094199575,0.1929106202720803,-6.373431943175923,1.8484432326098238e-10,4.344415647326443e-09,CNTN4
ENSG00000091181,12.873405999823976,1.6856123339328921,0.5134793743260302,3.282726470065815,0.0010280836854419358,0.002915369203921077,IL5RA
ENSG00000150995,3654.4484250272467,-1.4116912543064897,0.2004646213926857,-7.042096727587453,1.8936828678592435e-12,8.351627006968971e-11,ITPR1
ENSG00000227110,118.51186125219373,1.0621419506842666,0.16188509115294136,6.561085663415449,5.341742119896737e-11,1.5175039175442381e-09,LOC101927394
ENSG00000231401,8.284438681024879,1.77889232747575,0.5503276073155814,3.232424293872753,0.0012274465510336233,0.003400188688954049,ENSG00000231401
ENSG00000144550,116.02171023237482,-2.15721601087433,0.28549349200753255,-7.556095222014424,4.1534982313328736e-14,3.1184201006673797e-12,CPNE9
ENSG00000269982,11.476049264901379,1.1019790998210122,0.3814912933557595,2.888608780891264,0.0038695016263860043,0.00930371975743083,ENSG00000269982
ENSG00000157087,4412.207082878198,-1.0876370816836327,0.19680569026517145,-5.52645139588279,3.267727322580063e-08,3.686666722910841e-07,ATP2B2
ENSG00000196639,236.30051545782675,-1.1047443770888212,0.1857417432530353,-5.947744205156037,2.7186299387797646e-09,4.3850365252952387e-08,HRH1
ENSG00000157152,5256.424765543205,-1.3710021682454194,0.2105081091327633,-6.512823538692068,7.37511335550875e-11,1.993387781231794e-09,SYN2
ENSG00000225526,10.022701326507727,-2.578084263462925,0.40077949853439754,-6.432675006807158,1.253775420562197e-10,3.1212409153995745e-09,MKRN2OS
ENSG00000131386,1734.931054718378,1.6065342916469576,0.2023131180976421,7.940831058080961,2.008310620831477e-15,2.065067225333236e-13,GALNT15
ENSG00000183960,528.6949101226154,1.1329408744042877,0.35364707650278904,3.2035918000734633,0.001357247622985328,0.003716226487247816,KCNH8
ENSG00000272511,60.33066206050189,-1.0160388906202453,0.18975790105912346,-5.354395706051128,8.584281611585417e-08,8.397859777207657e-07,ENSG00000272511
ENSG00000151090,1656.988466583028,-1.1670873289490231,0.13713923367097117,-8.510236623817924,1.7357875642408466e-17,3.772951822555918e-15,THRB
ENSG00000224822,16.66582911981254,-1.0515003459100807,0.2566846857451406,-4.096467005258365,4.1950324657705704e-05,0.00017888215968532613,THRB-IT1
ENSG00000261572,13.476765980609304,-1.0177741660048205,0.3013985930750612,-3.376837813411262,0.0007332427150104666,0.002178541483668032,ENSG00000261572
ENSG00000206557,52.501503223075865,-1.0213188989548068,0.2251712909367788,-4.535742077534928,5.740129540041776e-06,3.169047297857905e-05,TRIM71
ENSG00000263587,32.79601038613687,1.6054661288360408,0.284044536834507,5.652163378067131,1.5844088106046498e-08,1.994154748766123e-07,ENSG00000263587
ENSG00000172995,1577.4089703821662,-1.1204728968419204,0.17516172397189778,-6.3967907567619315,1.5867653125454083e-10,3.795126811260371e-09,ARPP21
ENSG00000008226,52.51470496711101,1.099414680544476,0.26140535559481676,4.205784835749844,2.6017767604993e-05,0.0001178210060044202,DLEC1
ENSG00000183873,28.71443540789565,-1.0191708281320608,0.2298143606410555,-4.434756928545002,9.21762306597794e-06,4.791138143085237e-05,SCN5A
ENSG00000168314,11982.934203422192,1.6334831275432053,0.3315878340493796,4.926245657432502,8.382460071131808e-07,5.975740186353195e-06,MOBP
ENSG00000187094,1335.349088979628,-1.825509237815211,0.24634909482441636,-7.410253482426352,1.2605823878724393e-13,8.16788314333786e-12,CCK
ENSG00000114812,232.99522016545598,-1.0524145950318822,0.17643139486466639,-5.965007508097684,2.4462279329482547e-09,3.996773099428409e-08,VIPR1
ENSG00000230084,65.32126422666121,1.316860438227023,0.20389769473094987,6.458437109672408,1.0578980919174441e-10,2.704788094470006e-09,ZBTB47-AS1
ENSG00000173811,23.913779283989435,1.7435675757179574,0.3458816470684354,5.040936951977041,4.632580843450354e-07,3.5658433506135353e-06,CCDC13-AS1
ENSG00000163817,108.75962922225219,-2.302107192380089,0.43372221162173874,-5.307791786296205,1.109612894198789e-07,1.0455117509084206e-06,SLC6A20
ENSG00000012223,106.93111972371584,2.012852919514334,0.5906305542963952,3.407972894176123,0.0006544739560555536,0.0019742741148869695,LTF
ENSG00000163827,188.11154160132014,-1.2676476066591356,0.2316376332494333,-5.472546014550669,4.43615520858975e-08,4.768866849233981e-07,LRRC2
ENSG00000160808,55.37278181400775,1.1373292950617655,0.2285407276173604,4.976484090686738,6.474959544016565e-07,4.744625661223602e-06,MYL3
ENSG00000265078,30.689643211853102,1.3168706075692107,0.2999680215235005,4.390036647509917,1.133315593900816e-05,5.731084463253107e-05,RN7SL664P
ENSG00000164061,7556.282643532787,-1.2903746871019983,0.19289139136261071,-6.689643731566339,2.237145626024022e-11,7.125723105113551e-10,BSN
ENSG00000232352,18.938513202651002,1.1579933076226692,0.3214555303299091,3.6023437096702717,0.0003153610082063762,0.0010407518359087107,SEMA3B-AS1
ENSG00000012171,1727.9797902535342,1.4825392928525296,0.23611517090459622,6.278881984468328,3.4101631115741544e-10,7.4076103411002305e-09,SEMA3B
ENSG00000179564,16.412929327757542,1.0329987023457392,0.31597069624036717,3.2692864073695937,0.0010781910543135424,0.003037429235796936,LSMEM2
ENSG00000180929,278.1723350392421,1.661389858720947,0.27961054969253185,5.941799622896421,2.819098891568176e-09,4.531635601399312e-08,GPR62
ENSG00000174844,35.32375853547348,1.5081589600928005,0.30225056903453723,4.989763840346874,6.045315324590527e-07,4.486677931119043e-06,DNAH12
ENSG00000272182,33.55681133580779,1.3340777208903478,0.3103047325275451,4.29925032088231,1.7137682228563602e-05,8.196282804965201e-05,ENSG00000272182
ENSG00000242428,17.313282031681666,-1.7149224303421762,0.33776691630969147,-5.077236246458784,3.829645807303279e-07,3.025340236917663e-06,CFAP20DC-AS1
ENSG00000243295,8.733683335434,-1.1326330766363502,0.3264263433494993,-3.4697967848252325,0.0005208522785788112,0.0016144372723969705,CFAP20DC-DT
ENSG00000163630,1259.1884454325675,-1.1455428400966763,0.2188761684158322,-5.2337486003515705,1.6610634054599025e-07,1.4761540456224214e-06,SYNPR
ENSG00000163638,210.0067047247118,1.2993975477328603,0.1591112587320891,8.166597122588168,3.172100344649244e-16,4.512491618102534e-14,ADAMTS9
ENSG00000183662,307.7604609893891,-1.4013692248477692,0.2578534440303993,-5.434750852823811,5.487305011629164e-08,5.720799017963243e-07,TAFA1
ENSG00000114541,885.6755693767806,1.3255143816365387,0.26393303503657,5.022161706483154,5.109313741400277e-07,3.8806991564549675e-06,FRMD4B
ENSG00000113805,488.5968484085917,-1.5249706175742759,0.11955121948389562,-12.755793074780804,2.894142508388829e-37,5.4757176258716644e-33,CNTN3
ENSG00000241532,6.482246788642999,-1.265321557775819,0.372562157618047,-3.3962696744768013,0.0006831102132089069,0.0020488974689144767,AGGF1P3
ENSG00000044524,277.3367324155014,-1.25216847176782,0.1731291626394014,-7.232568174409033,4.739445819716369e-13,2.5841589310960726e-11,EPHA3
ENSG00000233280,459.27037416020124,1.028312997918969,0.13989156465762087,7.350786306777858,1.970442268111438e-13,1.2064973369795602e-11,ENSG00000233280
ENSG00000080822,5283.125877114987,1.3393380099469916,0.22966756229029467,5.831637679221318,5.488599707827723e-09,8.043710803415997e-08,CLDND1
ENSG00000154175,191.7647251416628,1.2316521315138176,0.2188850051448297,5.626936987752405,1.8343769771253503e-08,2.2536631433254305e-07,ABI3BP
ENSG00000239828,26.513951931392608,1.0920400127246328,0.2810519108794399,3.885545589451887,0.00010210032973486286,0.00038899279874820886,CCDC54-AS1
ENSG00000214381,11.441523315835836,-1.3183491530255336,0.31886279173943394,-4.134534311243355,3.556751149219966e-05,0.000154911905486284,LINC00488
ENSG00000144834,2125.9640055408286,-1.0149340669075237,0.15580489145963042,-6.514134809243114,7.310981659659437e-11,1.9788808726860735e-09,TAGLN3
ENSG00000272761,119.80398132641781,1.6760244503158397,0.27786454717375336,6.0318038676153725,1.6213949411052314e-09,2.7686635636923266e-08,ENSG00000272761
ENSG00000091986,393.1514674279821,1.3897423818672145,0.2614901645226501,5.314702311668919,1.0683183042692965e-07,1.0114399763845484e-06,CCDC80
ENSG00000241529,192.54454513256465,1.6685110571160475,0.3378899487229292,4.938031046564903,7.89152814154311e-07,5.67654030762681e-06,RN7SL767P
ENSG00000184307,380.9723238967487,-1.0448628060116105,0.15753572749419836,-6.632545027286525,3.299476407296266e-11,9.877546459817304e-10,ZDHHC23
ENSG00000172020,2887.0779362206918,-1.1365801116685734,0.2209888888718805,-5.143155013225628,2.701625256383686e-07,2.2477902309049842e-06,GAP43
ENSG00000163833,31.526642314391086,-2.535482574102002,0.35102612089932,-7.223059547836954,5.083074180881527e-13,2.7321523722238208e-11,FBXO40
ENSG00000114013,126.7841496865467,1.0790382381987276,0.14708273473366754,7.336267170668357,2.1963337529915837e-13,1.3220336492749102e-11,CD86
ENSG00000163885,16.75827816224519,1.0744026908065085,0.2930111637500541,3.666763672264041,0.0002456396186166514,0.0008374756381609792,CFAP100
ENSG00000239437,168.27549839401277,1.6225267663817675,0.2648170300836447,6.126972898492512,8.95667209261211e-10,1.6581236398456078e-08,RN7SL752P
ENSG00000014257,19.552083187752967,1.3913542597957882,0.22192592183467555,6.2694535559135005,3.623173409455813e-10,7.807567301469702e-09,ACP3
ENSG00000251011,8.365112341298653,-1.3119621968853765,0.4212945956206552,-3.114120642712213,0.0018449403558023982,0.004864985579342352,TMEM108-AS1
ENSG00000091513,10992.560560820404,1.8178384084414108,0.27292815134508464,6.66050167226236,2.7289446251860658e-11,8.492044787585586e-10,TF
ENSG00000244062,99.66457731698131,1.4451493169709249,0.3634997480489652,3.975654246605574,7.018603492648519e-05,0.00028086289780226303,ACSL3P1
ENSG00000239922,44.775882575104546,1.1115317652213814,0.2898159410574298,3.835302368688963,0.00012540991419225585,0.00046689405283696986,LOC124909496
ENSG00000153002,11.203071762771524,1.6016359405114347,0.43428053943513983,3.6880214402299747,0.00022600461089811446,0.0007788719923847588,CPB1
ENSG00000047457,248.98070274114465,1.9773324595338109,0.3847213544166455,5.139648311261661,2.752531612384694e-07,2.285120583866538e-06,CP
ENSG00000018408,906.2322411034941,1.0850384428709752,0.20674611354938444,5.248168510852309,1.5361875318129393e-07,1.3840318143762292e-06,WWTR1
ENSG00000265813,16.8501080438305,1.9288238075193878,0.4415538314028483,4.368264230414162,1.2523791833997971e-05,6.242019783493424e-05,RN7SL300P
ENSG00000244040,12.820099719208244,-1.4416585220940352,0.30505658767532035,-4.7258724457654715,2.2912944979863714e-06,1.4349980768587271e-05,IL12A-AS1
ENSG00000180044,134.2422256626211,-1.5900897344483824,0.22482466304970353,-7.07257697122335,1.5208257539864587e-12,6.983986229471795e-11,C3orf80
ENSG00000213186,264.7704384574402,1.394016140778454,0.3265127597929326,4.26940785304228,1.959925981258741e-05,9.224328250103329e-05,TRIM59
ENSG00000114204,27.61432782476346,1.1146843217933253,0.2109605752724076,5.283851356368194,1.2649590167502505e-07,1.1680343873555264e-06,SERPINI2
ENSG00000174776,411.530046467209,1.374628257958477,0.18968668824739865,7.246835667063888,4.2662105588780047e-13,2.3660199935980736e-11,WDR49
ENSG00000013297,3178.235209132789,1.6395119044242985,0.28473241320825066,5.758079615702813,8.507623015718025e-09,1.1715009276374456e-07,CLDN11
ENSG00000241416,13.638307044618626,1.7476824693099384,0.4517158236556302,3.868986601280323,0.00010928864700922905,0.00041321766615000274,KRT8P13
ENSG00000244738,12.244928886203706,1.871765830660841,0.6117178892678579,3.059851384926942,0.0022144684697244514,0.005705030425815172,ENSG00000244738
ENSG00000075651,790.2081724471218,1.1641975782846063,0.24285119907614486,4.793872061218761,1.6359262580745127e-06,1.0676690169979228e-05,PLD1
ENSG00000183657,22.337907961764152,1.2630787952531015,0.45706331036658404,2.763465731344875,0.005719109743197799,0.013090437495923344,ENSG00000183657
ENSG00000223930,17.80923740075556,-2.2993211781946807,0.4285675664338903,-5.365131097827413,8.08904453199011e-08,8.012812698704339e-07,ENSG00000223930
ENSG00000242808,5505.638434404614,1.1824814353082675,0.21896160881454102,5.400405311735817,6.649049951057401e-08,6.738083828280987e-07,SOX2-OT
ENSG00000176597,185.3096266829513,1.161057721684253,0.18439384685325833,6.296618577561481,3.0420858924559567e-10,6.6848159216337625e-09,B3GNT5
ENSG00000172578,50.84570356737454,1.1212945547913353,0.20645012171349283,5.431309729850605,5.594194154787433e-08,5.802749638628192e-07,KLHL6
ENSG00000233885,19.663482638728787,1.3884344903418082,0.3443003897907352,4.032625380371178,5.515716968636771e-05,0.00022760603063600373,YEATS2-AS1
ENSG00000127241,453.17341675484624,1.5992642593834445,0.19725164872297155,8.10773582749373,5.157170853505386e-16,6.775949482522354e-14,MASP1
ENSG00000113946,10.31068494026494,-1.1392457400001912,0.26398406992481543,-4.31558518029007,1.5918065471671157e-05,7.684863453024198e-05,CLDN16
ENSG00000205835,19.145606330453024,1.6411615259201608,0.4370800850459431,3.7548302520981993,0.0001734589954565228,0.0006190990745213,GMNC
ENSG00000188729,35.48228371574285,-1.106189850131229,0.25582288460659786,-4.324045723400852,1.5319352395548462e-05,7.429213146314049e-05,OSTN
ENSG00000223812,26.81092369310441,-3.3864683890889085,0.35034256276698467,-9.666163204215849,4.198231362345208e-22,2.5622753992119785e-19,PYDC2-AS1
ENSG00000114279,2254.620961151832,-1.050605645900968,0.1804345946236627,-5.8226397664607745,5.792532148501864e-09,8.404502166384606e-08,FGF12
ENSG00000233487,26.96383993752716,-1.1011934464526638,0.2168844240478829,-5.077328403304548,3.827789399938661e-07,3.0251368189991423e-06,RPSAP69
ENSG00000133256,423.0611644356807,1.0529206014702814,0.22648426177094508,4.648979108911122,3.3358199405780333e-06,1.97681742106357e-05,PDE6B
ENSG00000175920,14.942537458710959,1.1349609144102497,0.26078901592724996,4.352027290623543,1.3488446710889015e-05,6.65974456602349e-05,DOK7
ENSG00000168824,600.7341541651164,-1.0351701851263404,0.2383686749504449,-4.342727438248942,1.4072467897193355e-05,6.892339958967079e-05,NSG1
ENSG00000163995,756.5243048326039,-1.130054187270142,0.1779270651242688,-6.3512214203099635,2.136119758939865e-10,4.904779834847359e-09,ABLIM2
ENSG00000125089,243.08437651634793,1.1969825399011764,0.14201272232743123,8.428699346677949,3.495283337022735e-17,6.618736563706494e-15,SH3TC1
ENSG00000169676,40.81688008117921,-1.1692753706799668,0.2428283441649614,-4.81523429524207,1.470272793234532e-06,9.723085314257161e-06,DRD5
ENSG00000004468,380.7711545860856,1.7585927989373151,0.2122360578473495,8.286022727590336,1.1709841674670435e-16,1.9099155559031433e-14,CD38
ENSG00000169744,869.6520053215289,-1.4424527638999,0.17761942477469997,-8.121030488245125,4.622418839465811e-16,6.202564854091713e-14,LDB2
ENSG00000185774,621.2715821047107,-1.2657390194067903,0.18256564976475853,-6.933062276708319,4.1182679317637165e-12,1.657821899339777e-10,KCNIP4
ENSG00000242768,13.283358756721952,-1.1449215282115306,0.3026591939466887,-3.782873777206981,0.00015502804080322937,0.0005615135929780761,RPL31P25
ENSG00000249948,8.20745967972015,1.5929975528856837,0.5295502436456216,3.0082085165685006,0.0026279276050233903,0.006629385371605673,GBA3
ENSG00000249645,9.549863711560326,-2.4188103317652443,0.4567758485814715,-5.295398912348187,1.1875687533495594e-07,1.1085007886399698e-06,ENSG00000249645
ENSG00000261121,20.527789265596414,1.8194252354373042,0.47705715981221575,3.8138516486231655,0.0001368176161837605,0.0005040088197423576,LINC02473
ENSG00000197057,18.336418072749982,1.7445600974513165,0.5038647825940517,3.4623576755449785,0.0005354650333311306,0.001654580831393923,DTHD1
ENSG00000174145,362.4073067620444,-1.9893871553021152,0.2658083867913368,-7.484290391724213,7.193474163790243e-14,5.022159822100051e-12,NWD2
ENSG00000121895,35.157988346479065,1.0951593863351188,0.19716511205572737,5.554529272022423,2.7836086641207117e-08,3.2211544908357106e-07,TMEM156
ENSG00000249685,7.0962278876418035,1.1025734046231046,0.3284944001810889,3.3564450535999693,0.0007895140715539706,0.002323111389393643,ENSG00000249685
ENSG00000188848,102.24395694884379,-1.0834139201560966,0.23242032934065915,-4.661442151939014,3.140013292429029e-06,1.88241608025213e-05,BEND4
ENSG00000109158,1812.3172440813726,-1.5204890169462824,0.2262289200950308,-6.721019648184584,1.8045725611083683e-11,5.94588210360989e-10,GABRA4
ENSG00000145248,28.359302627864878,-1.0344752095818295,0.24283435163004097,-4.260003589433905,2.044236207511226e-05,9.571133146773669e-05,SLC10A4
ENSG00000128045,131.3543140375174,-1.5857323129691856,0.27400328353585585,-5.7872748549076345,7.1537474103819815e-09,1.0085611103161482e-07,RASL11B
ENSG00000072201,704.5978738348649,-1.5472403346865455,0.24140695613678514,-6.409261603090897,1.4622610125765698e-10,3.5514734734208855e-09,LNX1
ENSG00000249700,8.696331753487053,1.0969418537275286,0.34612038919547755,3.16924945183744,0.0015283316285187047,0.004119093221021922,SRD5A3-AS1
ENSG00000239040,13.116507000158048,1.584621728590528,0.501299474161197,3.161028108481477,0.0015721332657202803,0.004225708394292897,Y_RNA
ENSG00000109255,8.715535569682794,-1.7539201357229566,0.45841122867905265,-3.8260845851813294,0.00013019756899009855,0.00048300745201816956,NMU
ENSG00000196503,13.622945360634578,-1.679923491473935,0.3704165370055521,-4.535228111181103,5.75412606980736e-06,3.174921704308989e-05,ARL9
ENSG00000171476,1462.3822322011795,-1.2481961511807402,0.21767100143981466,-5.734324475581844,9.790175064148558e-09,1.3268632680063806e-07,HOPX
ENSG00000245067,14.290909355618028,1.5488487649676,0.313980736271621,4.932942012173987,8.100020829200633e-07,5.802816890892691e-06,IGFBP7-AS1
ENSG00000156140,89.38749591661495,-1.9514741639614057,0.15432499733628408,-12.645224024912945,1.1888519855276241e-36,1.1246539783091324e-32,ADAMTS3
ENSG00000169429,36.62204903627378,2.7267463325933,0.5246643990244606,5.1971247480547555,2.023945492312483e-07,1.750939584570287e-06,CXCL8
ENSG00000081041,26.613475328608754,1.3807452709401788,0.28667354583680504,4.816437690159933,1.4614377230403722e-06,9.684904280183483e-06,CXCL2
ENSG00000169116,1123.7368874559218,-1.1408786816182035,0.20513829026518526,-5.5615101410047485,2.6745013466292114e-08,3.106296223340987e-07,PARM1
ENSG00000186212,131.4918904654458,-1.7997609804344146,0.3284441910452645,-5.47965538591724,4.2615504630714077e-08,4.6258482364492843e-07,SOWAHB
ENSG00000251442,424.7687443966515,1.1276323594355568,0.2362239932186991,4.773572506631792,1.8098634745899054e-06,1.1651111581912559e-05,LOC101928893
ENSG00000249307,106.80885752082477,2.070398899995274,0.3007255151708734,6.8846798676822125,5.791763240851435e-12,2.2547358131051268e-10,LINC01088
ENSG00000273389,16.74577752477542,-1.0587215372299865,0.25503315104992463,-4.151309478283213,3.305783923801146e-05,0.0001454206738858816,ENSG00000273389
ENSG00000152595,31.920652041860343,-1.4550988534630283,0.2915326385622465,-4.991203937367525,6.000410190721662e-07,4.460815748858697e-06,MEPE
ENSG00000118785,3750.066098735184,1.8362792434765263,0.25921433722448856,7.084018820634312,1.400328775863911e-12,6.477804508397359e-11,SPP1
ENSG00000145335,2493.6813519900134,-1.0016518125157066,0.12236167467547746,-8.185993001258325,2.700674288013452e-16,3.9005158419247723e-14,SNCA
ENSG00000248713,7.762908459770402,-2.515637572669566,0.45853752852136676,-5.486219592061904,4.106264025989853e-08,4.4701102055079405e-07,C4orf54
ENSG00000155011,37.10146279582273,-1.7649582263072205,0.27643754415921673,-6.384654557959308,1.7178480424894162e-10,4.078003132233344e-09,DKK2
ENSG00000245293,108.26139693442698,1.0654420535216087,0.2658993428731964,4.006937520073914,6.151112637927674e-05,0.0002506008852489053,CYP2U1-AS1
ENSG00000249604,11.20189725726984,1.2564046640677575,0.38488008707712784,3.264405476545169,0.0010969405764792528,0.003084737768577209,ENSG00000249604
ENSG00000073331,146.3921171404116,1.2234542023549442,0.20871786396792474,5.861760843542179,4.57984330503989e-09,6.84985259536401e-08,ALPK1
ENSG00000178403,13.985304852953012,1.9505843639602798,0.30850046349985955,6.322792328515149,2.5687843226564354e-10,5.779001115892956e-09,NEUROG2
ENSG00000249509,6.59866001539018,1.8739939117629265,0.35864814349615765,5.225159939474225,1.7400463649131048e-07,1.5405557896189024e-06,NEUROG2-AS1
ENSG00000174607,2769.7110376172363,1.6681936350297062,0.27825990289387814,5.995091702687456,2.033706468029444e-09,3.3841447999223465e-08,UGT8
ENSG00000236922,16.747859664219195,-3.4922072927615866,0.47711907025030514,-7.319362210631222,2.491522583001421e-13,1.454926150320583e-11,LINC01378
ENSG00000186867,16.396389039788527,-1.1126588946934997,0.2340722366825367,-4.753485122639969,1.9993982329808716e-06,1.272405468146589e-05,QRFPR
ENSG00000164112,421.93546184157873,-1.8229470611199035,0.2714524244072619,-6.715530594727434,1.8738310417590046e-11,6.133716835654043e-10,SMIM43
ENSG00000226757,8.432140625271606,-1.6667769235311387,0.31295659501758283,-5.325904454697605,1.0045192655813108e-07,9.606928027860518e-07,PP12613
ENSG00000251372,50.1653556386451,-1.2280314556471341,0.28619824563244756,-4.290842010346365,1.779969204579102e-05,8.480500435463095e-05,LINC00499
ENSG00000243175,24.96098336734179,1.025206396808251,0.3239801314091949,3.1644113246975323,0.0015539700757410532,0.004182830250820988,RPSAP36
ENSG00000183090,110.18852788394645,-3.2436271117568105,0.3367530962864727,-9.632063216420992,5.854202907064848e-22,3.4612974688020915e-19,FREM3
ENSG00000246448,77.16010037122717,-1.072314530212336,0.203909634356967,-5.258773248227827,1.4501957599484594e-07,1.3172205366406555e-06,ENSG00000246448
ENSG00000251600,38.618489193922336,-1.1341044673245355,0.1938351718135805,-5.850870390102637,4.890071857808431e-09,7.267883703828399e-08,GUSBP5
ENSG00000248828,12.868985119029864,-1.4533640503863574,0.24140251177266486,-6.02050094555366,1.7387809034708339e-09,2.9350827166911105e-08,ENSG00000248828
ENSG00000164161,2055.612707060029,1.465906253954823,0.26078732520240594,5.621079371158407,1.8976805629312623e-08,2.32088663546603e-07,HHIP
ENSG00000137473,16.14834353139516,1.2271720976263487,0.4064008795646518,3.019609846664039,0.002531004933968141,0.006411382159683656,TTC29
ENSG00000164142,22.256346183762954,-1.0349027977252592,0.2405044605538452,-4.3030503273911656,1.684625641962507e-05,8.071186919708946e-05,FHIP1A
ENSG00000270750,10.752537612918333,-1.197655326019951,0.28047477074564436,-4.270100026594103,1.9538532009230088e-05,9.198960803880693e-05,ENSG00000270750
ENSG00000137462,81.7113862045298,1.0039299005876743,0.19540679970579108,5.137640563681581,2.7820935819974297e-07,2.3035978368223793e-06,TLR2
ENSG00000145423,419.78270100568795,1.4260899893321055,0.20424667163363278,6.982194509833446,2.906043916601046e-12,1.2191208625740974e-10,SFRP2
ENSG00000263738,8.43549679293863,-1.0552937657733445,0.2880569189300827,-3.663490429922587,0.0002488015162423177,0.0008465189056544544,ENSG00000263738
ENSG00000164124,4392.887914162549,1.6297970319151447,0.2673881894471981,6.09524689659857,1.0926867177240447e-09,1.970794346934121e-08,TMEM144
ENSG00000251429,202.09193377186662,1.4756104174937628,0.3268367767642296,4.5148236746877,6.336946844534287e-06,3.449224231835118e-05,AIDAP2
ENSG00000171509,315.5150166474524,-1.9604931915697013,0.2910837658041865,-6.73515125844749,1.6375948728010617e-11,5.493492020105689e-10,RXFP1
ENSG00000168843,477.9185074265115,-1.2098232836202685,0.1973680085533259,-6.129784114903263,8.799839753580092e-10,1.6387103163162927e-08,FSTL5
ENSG00000164128,200.20068812668075,-1.2803330145035252,0.20214243299490933,-6.333816188587027,2.391704268424387e-10,5.412804396960455e-09,NPY1R
ENSG00000164129,41.7779042019896,-1.3726529592071042,0.23709632829109126,-5.789431532325762,7.062503774901334e-09,9.979280912705994e-08,NPY5R
ENSG00000174473,123.1930431216,-1.2462288311689351,0.24628391924219556,-5.060130742614153,4.1896909410732743e-07,3.2668268365837693e-06,GALNTL6
ENSG00000145451,502.22379310970393,-1.9585012394057266,0.24032637714938,-8.14933950503643,3.659173143043616e-16,5.128263397510016e-14,GLRA3
ENSG00000164122,10.307131183184007,-1.2734985648412698,0.3052190337882634,-4.172408742125569,3.0139632879090203e-05,0.00013404839070813037,ASB5
ENSG00000271646,32.46232238788579,1.1012819762385646,0.23551514581769895,4.676055853711484,2.9244498639866494e-06,1.7683154818353277e-05,IRF2-DT
ENSG00000151726,1167.000458585629,1.0214524530965068,0.19991593529881582,5.109409870552511,3.2316660640508226e-07,2.6203373359747568e-06,ACSL1
ENSG00000063438,64.01968815318872,-1.0556978259915815,0.1564093168028611,-6.749584024602492,1.48269624957579e-11,5.054524872427739e-10,AHRR
ENSG00000250584,18.72041583628211,-2.5888576993157373,0.3513063703371728,-7.369230728241657,1.716154218144227e-13,1.068080191029236e-11,LINC01511
ENSG00000170561,7.966958751359149,3.564063070831916,0.5430416269246264,6.563148926567656,5.2683182402587726e-11,1.5056885363398183e-09,IRX2
ENSG00000186493,6.433091711528852,3.173124078186005,0.5364911175396682,5.914588283843086,3.3270674838445834e-09,5.2325949122476744e-08,IRX2-DT
ENSG00000170549,9.43397634692026,3.1623136399899443,0.4280282674367041,7.388095321198805,1.4894695428133856e-13,9.425004598671992e-12,IRX1
ENSG00000145536,92.27273532098965,-1.1384419048266783,0.3140614664951767,-3.6249015758963297,0.00028907152165534453,0.0009647615434325487,ADAMTS16
ENSG00000261037,50.46969762203913,-3.375402563955496,0.36577974236753324,-9.227964736669074,2.758228029888075e-20,1.0437134865096476e-17,ENSG00000261037
ENSG00000250198,52.901879434913106,1.4887050656602436,0.34314452292688924,4.338420013124991,1.435106959905525e-05,7.014265998814914e-05,LINC02199
ENSG00000145526,603.1894378472213,-1.285131486881365,0.18600920840956248,-6.908967023028835,4.881954170429289e-12,1.9323550816845635e-10,CDH18
ENSG00000154162,267.06248657288546,-1.6102838168580804,0.285235637854535,-5.645450999637346,1.6474879070036173e-08,2.0574568449180487e-07,CDH12
ENSG00000113100,299.8642122166252,-1.6665312341190055,0.24732172628883511,-6.738313124067167,1.6023596901858195e-11,5.413686667556376e-10,CDH9
ENSG00000113389,20.93399183072101,-1.245546782830329,0.34732407891180156,-3.586122755245597,0.00033563101330912553,0.001098830034921034,NPR3
ENSG00000168621,8.458357341515486,1.020793609649126,0.41452459376894935,2.462564646328568,0.01379473021274488,0.02803698524279011,GDNF
ENSG00000250722,3619.1733679400354,1.2328523043859845,0.2077084087408909,5.935495398859492,2.9295954075676824e-09,4.677463722462494e-08,SELENOP
ENSG00000070193,13.485003353865798,-1.994475555810808,0.3191689321328443,-6.248965218772197,4.1318090610250475e-10,8.695642651234026e-09,FGF10
ENSG00000164171,365.39469364661926,1.807669819497148,0.31723593703701997,5.69818740077421,1.2108790923611916e-08,1.5909605852412324e-07,ITGA2
ENSG00000169271,28.4466961119747,-1.5795140859569237,0.35066204629912145,-4.504377085079712,6.656791334127998e-06,3.609816338254564e-05,HSPB3
ENSG00000152669,33.57090417977942,-1.4709862382927112,0.385258660274317,-3.8181782526194743,0.00013444077495699958,0.0004964128536663607,CCNO
ENSG00000249436,40.89261534529273,-1.9884686040525625,0.30925347181258306,-6.429899048175067,1.2768871963527152e-10,3.1580007522867155e-09,LNCBRM
ENSG00000175857,14.37999781168727,1.099209248311979,0.21896855802228485,5.019941028246213,5.168734492921532e-07,3.917967011461354e-06,GAPT
ENSG00000152932,3967.008454362895,-1.0549250762639955,0.20121052828406052,-5.242892035821787,1.580790455042484e-07,1.4154545863418742e-06,RAB3C
ENSG00000152931,261.37788045290625,-2.3820531808026373,0.24613888239897866,-9.677679355598315,3.7513416060170404e-22,2.4474270064083585e-19,PART1
ENSG00000249743,24.822957471347763,3.637844627372413,0.8554798733758331,4.2524023540343645,2.1148944122339673e-05,9.858044414749115e-05,ENSG00000249743
ENSG00000214944,454.34674031381036,-1.0312747846610848,0.16474111947295647,-6.259971936334793,3.8504675807676053e-10,8.222443186018407e-09,ARHGEF28
ENSG00000248673,10.562014010725708,-2.4548930411781362,0.36500015080767234,-6.725731580510169,1.747123778078256e-11,5.819644697401515e-10,LINC01331
ENSG00000171617,13667.247843394676,-1.3943251935098508,0.23737501691573223,-5.873934045910291,4.255727431059695e-09,6.467338393224854e-08,ENC1
ENSG00000176928,94.19134624145237,-1.1305678337240532,0.21251237954261917,-5.320009291493151,1.03761952636053e-07,9.885076253142613e-07,GCNT4
ENSG00000122012,205.39255058347433,-1.0863182648148184,0.2880364857784131,-3.7714606254796643,0.0001622947697279766,0.0005849908636413254,SV2C
ENSG00000266045,59.137280958998154,-1.1406837054434444,0.3581538445762215,-3.184898676134933,0.001448046993054864,0.003930148870343835,ENSG00000266045
ENSG00000132846,228.8394658708137,1.0836515968768978,0.23309552344518794,4.648959280128419,3.3361406054207076e-06,1.97681742106357e-05,ZBED3
ENSG00000145692,9.007809142948243,-1.2383176966321414,0.4335780511341648,-2.8560433199810684,0.004289566027964429,0.010188123179649384,BHMT
ENSG00000189127,27.73079857818332,1.3910362134978236,0.467936140567274,2.972705232409459,0.002951877891378433,0.007349589380823787,ANKRD34B
ENSG00000038427,6028.687021509449,1.1990622985122652,0.17507827100727805,6.848721383948439,7.451295561604167e-12,2.791653703476254e-10,VCAN
ENSG00000081189,5460.856211595798,-1.4666880385041239,0.22109334196347039,-6.6337955972751725,3.271628085255109e-11,9.810533684460146e-10,MEF2C
ENSG00000178015,19.340039184669234,-1.4858979565303665,0.22500398815568284,-6.603873863347954,4.0055037127494104e-11,1.174947755739827e-09,GPR150
ENSG00000236882,21.513119980164394,1.4647908135506784,0.35049370008617825,4.179221518647897,2.925086620552934e-05,0.00013056494182415865,LINC01554
ENSG00000145721,1043.2861768094838,1.1160111764213787,0.1643872644105217,6.788915068471373,1.1297992377435993e-11,4.007300375556104e-10,LIX1
ENSG00000173930,18.132572215661146,-1.4012741714290804,0.28932550287518294,-4.843244572303051,1.2773589845385915e-06,8.625136326720254e-06,SLCO4C1
ENSG00000184349,193.11326901688827,-1.085172900569165,0.18615112917679877,-5.829526285271748,5.558494130526528e-09,8.133542842193497e-08,EFNA5
ENSG00000092421,1302.9742514876139,1.1142726582680014,0.18624774742369044,5.982744348221134,2.1940900336126255e-09,3.625518204013177e-08,SEMA6A
ENSG00000229855,11.108862370603248,-5.532725475673056,0.5942921204631503,-9.309774242608553,1.2810434597370875e-20,5.327846892361686e-18,LOC102467226
ENSG00000164185,8.396048206700604,1.2396334723520448,0.39333659542796895,3.151584385386934,0.0016238723234788957,0.004347483282895246,ZNF474
ENSG00000061455,31.954172395694364,-1.223530879167059,0.3061264257247051,-3.996815617176943,6.42002669888524e-05,0.00026013010320987345,PRDM6
ENSG00000173926,119.62504478026074,1.2697196150635692,0.21621913965306505,5.872373819916686,4.2959866894761855e-09,6.518048770239729e-08,MARCHF3
ENSG00000113396,49.37905628197052,1.7898043412303972,0.42502633765223163,4.2110433699637335,2.5419393501362678e-05,0.0001155260449305265,SLC27A6
ENSG00000198108,183.3403300894967,-1.1040004324020476,0.15432421711790886,-7.153773095499033,8.442457471578393e-13,4.192422450453102e-11,CHSY3
ENSG00000248610,14.644968809758188,-1.1334431015391435,0.23351861837118318,-4.853759025490249,1.2114292965173473e-06,8.226935495372653e-06,HSPA8P4
ENSG00000164406,9.92667970334764,1.0273640276469853,0.2710605415830432,3.79016444683166,0.0001505475823704731,0.0005480777868865404,LEAP2
ENSG00000053108,322.09892032923386,-2.1653643710696584,0.2794953330540282,-7.74740797067649,9.37872586350008e-15,8.330774335090212e-13,FSTL4
ENSG00000250378,5.434098910007752,-1.2470659441772376,0.4421686877612262,-2.8203397904345975,0.004797282167033567,0.011236021119122936,LOC107986453
ENSG00000271824,34.737564848940494,-2.113520807560387,0.628588380945897,-3.3623287856195665,0.000772880387782244,0.0022834564154109766,SMIM32
ENSG00000250284,8.369721588487911,1.7200742760350949,0.4046610994715905,4.250653888602538,2.1314732841966395e-05,9.923099049458765e-05,ENSG00000250284
ENSG00000120729,68.60431352089621,1.3790908055640165,0.2802285893450405,4.921306597543359,8.596833020890471e-07,6.112441967502732e-06,MYOT
ENSG00000120738,759.0396227977901,1.2832196896198036,0.2763690815899151,4.643137655766734,3.431575512567146e-06,2.0238593733718954e-05,EGR1
ENSG00000113070,159.34199173500656,1.0171406888674,0.18744772416992636,5.426263206830587,5.754608133298324e-08,5.939835563666355e-07,HBEGF
ENSG00000254122,252.09298213643163,1.023654399035437,0.10335762763958199,9.904004401155747,3.99933414716525e-23,3.4865995758102226e-20,PCDHGB7
ENSG00000113578,5058.640723568155,1.3118000650773716,0.1920309829036016,6.831189661388586,8.421330628837818e-12,3.099836099175321e-10,FGF1
ENSG00000183775,2080.815933617261,-1.481384572181292,0.2162290832199655,-6.850995944307405,7.33375957121009e-12,2.7585433615764393e-10,KCTD16
ENSG00000249605,9.738792952788549,-1.2743476560494849,0.39128008628127714,-3.256868163572736,0.0011264873998639417,0.0031570347512110465,ENSG00000249605
ENSG00000156463,32.41263953098971,-2.072119419367756,0.3515431629452035,-5.8943527787816645,3.761527868075781e-09,5.7813247168150915e-08,SH3RF2
ENSG00000249553,35.86020523311837,1.0800506082820145,0.29513181195409643,3.659553340356278,0.00025265524983713016,0.0008574416729898659,PPP2R2B-IT1
ENSG00000169247,996.7186755824247,1.422874543352349,0.29859731887049573,4.765195309638604,1.8867080386554589e-06,1.208412867006137e-05,SH3TC2
ENSG00000250072,39.75176371686706,1.6233611150941862,0.43697225912099835,3.7150209909427563,0.000203186826696453,0.0007103279307274374,SH3TC2-DT
ENSG00000183111,824.7943634973293,1.0430654033515419,0.2178724824468391,4.7875041016529005,1.6886828771958258e-06,1.0983114484890006e-05,ARHGEF37
ENSG00000011083,344.26585619648,-1.568753274356148,0.23795159974345387,-6.592741028206955,4.317793830039644e-11,1.2568101425284626e-09,SLC6A7
ENSG00000070808,19134.657448654212,-1.1869818056798063,0.19831772013677368,-5.985253384625343,2.1605325071274247e-09,3.576314526233672e-08,CAMK2A
ENSG00000019582,3974.8968615684753,1.1872396547629898,0.1600491074500959,7.417971106981505,1.1892803544164645e-13,7.812911217208162e-12,CD74
ENSG00000113140,11177.739219618981,1.3975655121861552,0.22154760042477692,6.308195211803601,2.823080089069772e-10,6.276460080517049e-09,SPARC
ENSG00000135077,252.3275295848642,1.0169746244805047,0.1493866892737,6.807665592061196,9.919510580970742e-12,3.5748026703231704e-10,HAVCR2
ENSG00000172568,103.6292378389963,-1.655815508433959,0.20162671165708515,-8.212282464091725,2.1702300203570495e-16,3.2848601588124304e-14,FNDC9
ENSG00000251405,10.588095275683099,1.805591748703403,0.49490684755540076,3.6483466689178954,0.00026393334660198756,0.0008902849135079447,NIPAL4-DT
ENSG00000172548,142.28218570354332,1.8604573705239789,0.3413576047876626,5.450171153155512,5.032136868893228e-08,5.307025059055734e-07,NIPAL4
ENSG00000170214,136.40480560286932,-1.5000097621826756,0.30875414807161566,-4.858265942502407,1.184182852317475e-06,8.062158893791518e-06,ADRA1B
ENSG00000118322,499.68410625214744,1.1112361048299044,0.2409017856715738,4.612818048367956,3.972460271812785e-06,2.2919842876493866e-05,ATP10B
ENSG00000145864,3668.604389141816,-1.1302104428237372,0.21807112046271274,-5.182760745327522,2.1862541244044808e-07,1.8730190681555445e-06,GABRB2
ENSG00000022355,2905.827325994248,-1.2002889946394202,0.2106968297118271,-5.69675868536357,1.2210656426921767e-08,1.6010091448188484e-07,GABRA1
ENSG00000113327,1730.0617858498024,-1.0697711591453833,0.19365702647194463,-5.524050320479142,3.312725171344633e-08,3.7307595382047893e-07,GABRG2
ENSG00000241956,30.856730948070087,-1.5888652849232725,0.434089480144544,-3.660225270592157,0.0002519936083726207,0.0008555031527740864,LOC102546299
ENSG00000254187,7.1347255312952225,-2.2448029417431523,0.347342642467832,-6.462791109649163,1.0278914313110237e-10,2.6423513424462728e-09,ENSG00000254187
ENSG00000120129,1103.8788049975801,1.498957131037656,0.2726692813036366,5.497345076317785,3.855517762563229e-08,4.2460067559776655e-07,DUSP1
ENSG00000113739,8.937837160288407,1.061495032066059,0.4255346236481861,2.494497446449053,0.012613563406165313,0.02595135054856978,STC2
ENSG00000253686,6.858438228816944,-1.7521283291048864,0.44460853658886246,-3.940833755796981,8.11988876178833e-05,0.00031846661561574463,LINC01484
ENSG00000184845,179.7344534554489,-1.9610526324479503,0.163410273303495,-12.00079158307122,3.51914428913394e-33,1.6645552487603538e-29,DRD1
ENSG00000113749,109.32608045781642,-1.2522893416487817,0.24398541370833404,-5.132640196047942,2.8570576424531754e-07,2.356387558640544e-06,HRH2
ENSG00000248469,21.137816670214132,-1.3224840813514394,0.35187516392487367,-3.758389954551591,0.0001710102200245942,0.0006118595618126555,LOC100996385
ENSG00000074276,15.560397557211278,-1.3362087826254954,0.21869701457481763,-6.109862931706229,9.971674455085168e-10,1.828140316765614e-08,CDHR2
ENSG00000074317,1635.0611305590244,-1.168772386886001,0.20220811125150598,-5.780047000351457,7.467975935263262e-09,1.0466229977420809e-07,SNCB
ENSG00000175766,27.98588690953853,-1.3891623767837427,0.2949873802642807,-4.709226460939397,2.486586757460859e-06,1.538797171484238e-05,EIF4E1B
ENSG00000249109,15.84304077771834,-1.0054530022269588,0.2392679183126846,-4.202205666841611,2.6432681365901774e-05,0.0001194426394656942,ENSG00000249109
ENSG00000249684,28.1482040905343,-1.2342775462743367,0.2981151776483184,-4.140270737004856,3.468961577956177e-05,0.00015157679689360476,ENSG00000249684
ENSG00000204677,115.22015542826955,-1.0377510300138602,0.18859573099679278,-5.502516014169525,3.7440920569612655e-08,4.135331098523476e-07,FAM153CP
ENSG00000050767,63.4892683017364,-1.6431593279274692,0.165084551211444,-9.953440923874663,2.4361123134527014e-23,2.3045622485262557e-20,COL23A1
ENSG00000164379,36.464196575745326,-1.1071226833587127,0.23758378537957953,-4.659925262112902,3.163242186900481e-06,1.8927432693281816e-05,FOXQ1
ENSG00000228793,31.220726957599148,1.8419831717477133,0.39418177059723386,4.672928352208887,2.9693537319232556e-06,1.7926028273129546e-05,LOC100507336
ENSG00000216863,302.9609388614559,-1.4796608369682902,0.18044801541448055,-8.1999285698409,2.40529909851524e-16,3.6117665828498685e-14,LY86-AS1
ENSG00000096696,465.0309643279783,-1.7678958552022181,0.39221843196864453,-4.507426757913179,6.561857046815283e-06,3.563442460555257e-05,DSP
ENSG00000112137,2234.724481869251,-1.0460692950634358,0.15700335848907815,-6.6627192254374945,2.688069115983537e-11,8.37862729397175e-10,PHACTR1
ENSG00000145990,2011.7750074282983,-1.0259951792533628,0.13849425772225601,-7.408214579632245,1.2801106263629485e-13,8.26610684327201e-12,GFOD1
ENSG00000137198,142.17377751900034,1.1453179527155133,0.241523123299198,4.7420633563797425,2.1155243754641486e-06,1.3355262323584147e-05,GMPR
ENSG00000240869,353.73856293479946,1.2800822030503127,0.2655875860754119,4.8198118818958715,1.4369365173915306e-06,9.55936670500976e-06,RN7SL128P
ENSG00000152954,991.1588945843414,-1.0484319803689024,0.20925993738347695,-5.010189687898119,5.437641186858298e-07,4.089037013329054e-06,NRSN1
ENSG00000272462,68.70240115964467,-1.043034176573922,0.16679447648823664,-6.253409576470495,4.0158712038170187e-10,8.498913106959507e-09,LINC02980
ENSG00000196176,37.10588192763055,-1.1968619198369552,0.17940165071147282,-6.671409739489176,2.5335776154218407e-11,7.9626725056115e-10,ENSG00000196176
ENSG00000185130,17.07995013768778,-1.3163674658747222,0.2648993865599728,-4.969311114568016,6.719118759385972e-07,4.908329225003188e-06,H2BC13
ENSG00000196374,9.867609712794195,-1.065092484642769,0.2775668520013311,-3.8372466919704853,0.00012442146798829983,0.0004633964910115419,ENSG00000196374
ENSG00000197238,13.124157773131772,-1.2571043403597915,0.25371089072955905,-4.954869445079482,7.237887053867881e-07,5.2487858589183715e-06,H4C11
ENSG00000219392,33.06244325344278,1.6056382092284793,0.3459023820126229,4.641882486862682,3.4524920648710946e-06,2.0349267871452058e-05,ZNF602P
ENSG00000204655,2674.7704682410263,1.7141113219913333,0.2994935911803039,5.723365616058836,1.0443418034393247e-08,1.4023383194515275e-07,MOG
ENSG00000137331,84.89929014120483,1.4454947598708052,0.21780519295169593,6.636640478041229,3.209130924193352e-11,9.668273421295895e-10,IER3
ENSG00000204580,4355.732447783777,1.163827643862766,0.1509912769481001,7.707913115158339,1.278917655703045e-14,1.0948924002670412e-12,DDR1
ENSG00000228789,37.05716532019962,1.6523582928313523,0.3023066676042188,5.465834762846272,4.60733379435656e-08,4.927685437491584e-07,HCG22
ENSG00000232810,37.146148781897196,2.8877855427453594,0.4375352235030203,6.600121287664569,4.108215421224124e-11,1.2032110800241552e-09,TNF
ENSG00000235663,17.917711738182323,-1.3002550090351037,0.3591689590008182,-3.620176455817113,0.00029440217450967784,0.0009795798216020197,SAPCD1-AS1
ENSG00000204396,107.5079077876977,-1.1986190089360707,0.2754489845750349,-4.351509992985853,1.3520315826585298e-05,6.671997272795875e-05,VWA7
ENSG00000244731,252.9235281984149,1.5051447588035807,0.22977073564313893,6.550637332428826,5.729204156020499e-11,1.6082573090787516e-09,C4A
ENSG00000224389,246.96239828729568,1.6063158103539932,0.27383967324436054,5.865898798822328,4.467062067832058e-09,6.73977785672907e-08,C4B
ENSG00000204287,1583.4439739580505,1.211026573596222,0.17698689134267154,6.84246479730244,7.78420382136953e-12,2.887786986280618e-10,HLA-DRA
ENSG00000229391,17.765661622782044,1.361884450655474,0.3206040060470751,4.247870971567039,2.158116210538297e-05,0.00010029859666761134,HLA-DRB6
ENSG00000196735,105.8127298577646,1.2873620690473955,0.24024912579538713,5.358446424249646,8.394062008976315e-08,8.245880228963232e-07,HLA-DQA1
ENSG00000237541,22.204596095603286,1.231021398164023,0.2983602661882625,4.125956226983857,3.69197491969514e-05,0.00015999121731706837,HLA-DQA2
ENSG00000204252,163.20864779982506,1.4129225739737872,0.19505098315417566,7.243862866648357,4.360823591140508e-13,2.4054455493987877e-11,HLA-DOA
ENSG00000231389,895.3720458777061,1.1873171456849592,0.1596589694768236,7.436582796291394,1.0332321651283173e-13,6.981697344367058e-12,HLA-DPA1
ENSG00000223865,463.32938534858073,1.1782156300846385,0.1655092544960215,7.118729606222475,1.089263610123883e-12,5.1911505046709986e-11,HLA-DPB1
ENSG00000161896,157.2210653992948,2.4346490038762725,0.3413384341188126,7.1326541652465165,9.845170677585274e-13,4.751801765814116e-11,IP6K3
ENSG00000124507,4943.7400839838365,-1.0898182111770758,0.20245049435235754,-5.383134354220384,7.319985859035413e-08,7.362792793883573e-07,PACSIN1
ENSG00000112053,46.84910705474765,-1.2734329689977801,0.19398892465548553,-6.564462230301715,5.2220978173017366e-11,1.4947366218358374e-09,SLC26A8
ENSG00000156711,69.56872316141975,-1.1476201836678976,0.20153552796775087,-5.694381508016475,1.238199410227952e-08,1.618304897537903e-07,MAPK13
ENSG00000124772,743.6100296409426,-1.6649030951133927,0.17504668659445616,-9.511194570455363,1.884854832351289e-21,9.638230656239564e-19,CPNE5
ENSG00000164627,320.7153920647748,1.0316418683344672,0.17460014505599472,5.908596857142455,3.450339257900734e-09,5.375128443705265e-08,KIF6
ENSG00000146122,8275.432213316517,1.5818215608898565,0.2131490822885801,7.421198083078051,1.160655767458448e-13,7.704876199752315e-12,DAAM2
ENSG00000156564,280.639817075338,-1.1664223801648714,0.16757516459517036,-6.960592179531647,3.3884536056333466e-12,1.3936857004039763e-10,LRFN2
ENSG00000112561,401.87848727489484,1.2643323688345947,0.24283447814940898,5.206560363543961,1.923731343010942e-07,1.674965347895399e-06,TFEB
ENSG00000137221,471.5884542782651,1.0843606087285313,0.2661226655199677,4.0746646160703275,4.608070813865583e-05,0.00019430510318327795,TJAP1
ENSG00000197261,14.371689404766057,-2.6992866244720184,0.37790481528936015,-7.142768536582911,9.146958246831841e-13,4.502255623198737e-11,C6orf141
ENSG00000216775,52.26992565387871,-1.0752707407088937,0.14555687611835696,-7.387289212187796,1.498524220512577e-13,9.45069275069932e-12,ENSG00000216775
ENSG00000137269,223.01738563759503,1.2130662582082479,0.2014148539227841,6.022724911208872,1.7150479967431877e-09,2.8997951830546123e-08,LRRC1
ENSG00000146147,798.9987177454332,-1.1017265935608898,0.1983982919788979,-5.55310523377929,2.8063900898399914e-08,3.242986643990282e-07,MLIP
ENSG00000137251,8.067426763707411,-1.0887736893493456,0.3595519370576792,-3.028140241043076,0.0024606386609146717,0.006254068170943792,TINAG
ENSG00000112175,28.583302566383345,-2.2755345033073486,0.5196114573349468,-4.379300092762419,1.1906108334163816e-05,5.98627610104649e-05,BMP5
ENSG00000271761,6.840254569319588,-1.3980059930302586,0.3500338148230201,-3.9939169698136214,6.499063030676358e-05,0.0002625715834729804,ENSG00000271761
ENSG00000112309,1522.0925656164134,1.3618006659419146,0.1919397830291549,7.09493698726888,1.2941043570549536e-12,6.075547006322511e-11,B3GAT2
ENSG00000185760,1008.1275065166341,-1.6507410184518063,0.20872771172627808,-7.908585806836035,2.6032918159055814e-15,2.6060466220599786e-13,KCNQ5
ENSG00000233844,19.1785121949454,-1.8275599306094055,0.3351031764875503,-5.453723088409168,4.9325994757974585e-08,5.213674976652956e-07,ENSG00000233844
ENSG00000080007,11.24041929663577,1.0062257916948438,0.3069544907962553,3.2780943816285073,0.0010451044527455238,0.0029569876246366552,DDX43
ENSG00000112706,7.152420456233625,-1.0618961240620888,0.318624612370749,-3.3327498342358908,0.0008599222545700126,0.002501495857390012,IMPG1
ENSG00000135312,19.21783587453925,-1.0572805461209083,0.2770904907651496,-3.815650776038415,0.00013582448833558661,0.0005008379106040341,HTR1B
ENSG00000146242,72.28642245683257,-2.1729530969694424,0.25742501851057353,-8.441110772922759,3.143360738436361e-17,6.139505155385074e-15,TPBG
ENSG00000168830,47.674307049573336,-1.7820530761178046,0.2851415731604647,-6.249713278796237,4.1120686494576116e-10,8.67339340554493e-09,HTR1E
ENSG00000146267,1008.0799267291037,-1.0973785046480384,0.19435662795156616,-5.6462108661481105,1.6402264959652676e-08,2.051096186626759e-07,FAXC
ENSG00000219755,7.220983165033846,1.0553821394341178,0.3598321430684031,2.932984614533151,0.0033572052817862474,0.008224566092372886,RPS3P5
ENSG00000152034,95.08105521330906,-3.2410432830277567,0.4776742501957565,-6.7850491871804675,1.1604696740556463e-11,4.073485386481044e-10,MCHR2
ENSG00000187772,11.280199919314393,-1.1015700991667192,0.35124028609997626,-3.13622936422837,0.0017113530512439666,0.004549048788387532,LIN28B
ENSG00000112276,176.62136155270085,1.1955339851374873,0.2036814943948496,5.8696249685789725,4.367820208578745e-09,6.611132667704788e-08,POPDC1
ENSG00000146360,39.08409749040057,-2.7612199406935725,0.6314338990714091,-4.372935860355678,1.2258674811582774e-05,6.13288485317255e-05,GPR6
ENSG00000112394,136.20640159326663,-1.0737343844563703,0.16717703613281112,-6.422738489055154,1.3384431930966777e-10,3.2973105746600447e-09,SLC16A10
ENSG00000123500,14.459198198460385,-1.6078790461810573,0.40239895278257604,-3.9957336744109906,6.449420611608664e-05,0.00026095602645773294,COL10A1
ENSG00000234188,13.790835542457085,1.0106882148997867,0.35208964679982985,2.870542272645647,0.004097684032679879,0.00978397045662586,ENSG00000234188
ENSG00000111834,31.77109028322764,1.482053061673829,0.30299154819459184,4.891400669440463,1.0012091751302732e-06,6.95151471319808e-06,RSPH4A
ENSG00000183807,43.12032243326055,-1.6499199397325368,0.20466736293922033,-8.06147065188166,7.538199297306181e-16,9.261216279547594e-14,FAM162B
ENSG00000198523,22.966634316433744,-1.2733165493322258,0.45290438631964675,-2.811446715452113,0.004931925894746054,0.011510057719081701,PLN
ENSG00000240606,48.02243629238906,1.6318338283278877,0.3688974376732954,4.423543407132796,9.709511268056914e-06,5.016494035899055e-05,RN7SL564P
ENSG00000172673,83.46042273468925,-1.3221916329710084,0.33292830745636626,-3.9714004587738327,7.145135499099448e-05,0.00028550361909812367,THEMIS
ENSG00000118523,463.7261459835832,1.1245815010808409,0.17171902053613278,6.548962937068516,5.793800691790624e-11,1.6239808753878312e-09,CCN2
ENSG00000216753,13.910121881595172,1.3760543564968988,0.3616759865455348,3.8046605461423257,0.00014199878860636134,0.0005209651115827723,HMGA1P7
ENSG00000118515,2470.352295788267,1.6515767686709697,0.22449934630050647,7.356710814027184,1.8849709332834043e-13,1.1579107161598056e-11,SGK1
ENSG00000220378,14.259094058217169,1.2600996793084374,0.40955713654100856,3.0767372043638286,0.0020927971712400937,0.005435986062584099,KRT8P42
ENSG00000236700,25.5659783099247,1.1293986880019748,0.33020695931272737,3.4202752429949883,0.0006255780550299255,0.001899219640751956,LINC01010
ENSG00000232310,28.425782399636542,1.2213010384006524,0.34396124844350606,3.5506937014773774,0.0003842172868191026,0.0012356605586635087,LINC03002
ENSG00000216613,10.665078014053515,1.0104249487967507,0.37431037124885586,2.6994308103875158,0.006945819701390399,0.015504354500979985,LOC124901409
ENSG00000016402,71.8998332480564,1.101069766221658,0.13960478428541906,7.887048942180548,3.0941608553210944e-15,3.033239553506482e-13,IL20RA
ENSG00000203734,14.448050552674548,1.1041661053409202,0.3679135962514586,3.001156023019747,0.002689567175468959,0.006763239096208493,ECT2L
ENSG00000135604,16.34387839926654,1.1872794201039816,0.2708443275724464,4.3836229864788425,1.1672170413801029e-05,5.88429161281949e-05,STX11
ENSG00000152822,643.141509076346,-1.3642119032377675,0.17090268746459192,-7.982389999106414,1.4352669838429465e-15,1.570845991220632e-13,GRM1
ENSG00000233452,187.3143518097788,-1.24279637283431,0.1798728901098857,-6.909303409063348,4.87039291566984e-12,1.9318204185424189e-10,STXBP5-AS1
ENSG00000225135,309.59457798396926,-1.0763548547602302,0.16201411852359915,-6.64358677236791,3.0614010915281454e-11,9.267473384274002e-10,ENSG00000225135
ENSG00000131015,13.748519090758665,-1.0539073889777675,0.28137524751785953,-3.7455582830215848,0.00017999305202192958,0.0006388048291605529,ULBP2
ENSG00000198729,153.0969755930723,-1.069942800094945,0.19903336944317823,-5.375695558429469,7.628760023207343e-08,7.616682830558466e-07,PPP1R14C
ENSG00000146469,174.40379741362796,-1.0874593461620103,0.26158746385337744,-4.157153902342746,3.222369200140681e-05,0.00014218102907337146,VIP
ENSG00000112038,67.5036154127498,-1.6881193446125977,0.20028468582256556,-8.428599209567732,3.498275139379754e-17,6.618736563706494e-15,OPRM1
ENSG00000074706,1172.9193362845456,-1.1897955044153432,0.15009058291013141,-7.927182914118922,2.241729803625246e-15,2.268103095432602e-13,IPCEF1
ENSG00000146426,372.1713274375226,-1.236011187552968,0.20177996423497002,-6.125539729572208,9.037671554539213e-10,1.671483341269618e-08,TIAM2
ENSG00000164674,33.81004670364409,1.1243929711319722,0.24162504053745748,4.653462110677496,3.264076045680837e-06,1.9408019731075248e-05,SYTL3
ENSG00000164694,44.6071027437438,2.28805265971495,0.4677253315168801,4.891872442090246,9.988117213783323e-07,6.939962456290138e-06,FNDC1
ENSG00000112499,15.419907264378494,-3.7518401660991167,0.6507909812053938,-5.7650463427596454,8.163540620569788e-09,1.1307041620877041e-07,SLC22A2
ENSG00000231863,9.556827711462327,-1.1295981037600153,0.30071163121262995,-3.756416402002385,0.0001723638122637388,0.0006156547721408227,LOC102724087
ENSG00000225683,15.741514694323666,1.499201665049432,0.3111884746874437,4.817664492732976,1.4524833569957792e-06,9.635689030280555e-06,PACRG-AS3
ENSG00000112539,15.321666943640412,1.251022796955822,0.3233211855560443,3.8692880418718203,0.00010915362671074868,0.0004128721746036315,C6orf118
ENSG00000256391,10.736374240029578,-1.2633768848539206,0.36348780300509187,-3.4757064044765835,0.0005095097452188255,0.00158369055027767,ENSG00000256391
ENSG00000223414,31.998451982127943,-1.1136018672063077,0.3448461339237811,-3.229271717607364,0.0012410591859224637,0.003430864961667594,ENSG00000223414
ENSG00000176381,821.1073679255676,1.6020508089144747,0.27545425725572464,5.81603212408212,6.0260890564154e-09,8.716636463866925e-08,PRR18
ENSG00000186340,1228.3266002589678,1.1078383565686598,0.18371354089269631,6.030248783979008,1.6370746603111391e-09,2.7924336727759476e-08,THBS2
ENSG00000230960,6.150632576254872,1.3362184796911076,0.37228214038465807,3.5892629130972242,0.0003316142680505002,0.0010875614407203091,LOC154449
ENSG00000261795,24.216590990827957,1.321672407513146,0.3009803416694502,4.391225022146678,1.1271381650212143e-05,5.7065705331017865e-05,ENSG00000261795
ENSG00000273151,35.41296712586793,1.267468135746839,0.2518821694737903,5.031988323725812,4.854188365138473e-07,3.7107573280169664e-06,ENSG00000273151
ENSG00000230333,13.72793626810716,1.1539743293214384,0.4112265045190135,2.8061769283844478,0.005013315692446988,0.01167121113585542,ENSG00000230333
ENSG00000006747,177.42519233615764,1.3569228097115573,0.25038674883391265,5.419307595273885,5.983030100820797e-08,6.158810092901495e-07,SCIN
ENSG00000122644,375.3815612959609,-1.1802190362932492,0.12531250359833335,-9.418206502969797,4.588585421196834e-21,2.067048480215336e-18,ARL4A
ENSG00000229618,19.509433797224148,-2.925311336177967,0.370075477473487,-7.904634363101085,2.6872118658107764e-15,2.6758972895336784e-13,ENSG00000229618
ENSG00000136267,3023.7755737135326,-1.1599644052477829,0.17520318829188192,-6.620680916578561,3.5754801775279855e-11,1.0619793557116088e-09,DGKB
ENSG00000187546,19.33597211577302,1.2650999658478423,0.2774498389110907,4.559743018100097,5.121625681694174e-06,2.8694450073335436e-05,AGMO
ENSG00000106511,9.346947401901916,-1.54899688406213,0.34501908791086006,-4.489597643543514,7.135783194087556e-06,3.8431260470292225e-05,MEOX2
ENSG00000171243,48.23018122750382,-2.14548751977888,0.2326835835888849,-9.220622644224086,2.9537995610700744e-20,1.0958017195185452e-17,SOSTDC1
ENSG00000106537,741.8151109957214,-1.243811217147605,0.15641456725987346,-7.9520164837402065,1.834998304076447e-15,1.9395624532472837e-13,TSPAN13
ENSG00000122691,14.981997920305563,-1.8045212270776734,0.2944536696271401,-6.128370651188343,8.878356431904883e-10,1.648464216797256e-08,TWIST1
ENSG00000173452,162.7920405393812,-1.8572583417538409,0.21979377033036865,-8.450004469927533,2.912916699093506e-17,5.863019568813738e-15,TMEM196
ENSG00000105877,59.37536774659672,1.0095056368719546,0.3775200460907992,2.6740451197898865,0.007494236784700261,0.016562573458144568,DNAH11
ENSG00000050344,31.64422398553257,1.3165238756923239,0.3048863671898086,4.318080496110588,1.573920317692868e-05,7.614055845243943e-05,NFE2L3
ENSG00000234336,30.709947090331813,-1.0086569762578381,0.1809522354200382,-5.574161457118656,2.4872497845716094e-08,2.922904715782289e-07,JAZF1-AS1
ENSG00000146592,856.0750312113207,1.0408042217028015,0.23402791332030984,4.4473507751114765,8.693581187339845e-06,4.563888903009708e-05,CREB5
ENSG00000240583,1665.4606433601632,3.1574582820967403,0.5153139351669095,6.127251887869176,8.940986776705722e-10,1.6568410363885627e-08,AQP1
ENSG00000106341,14.273452765070589,-1.3890839812494975,0.26026000674317423,-5.337293265423804,9.4344377381805e-08,9.125744478853532e-07,PPP1R17
ENSG00000236494,12.89970042540306,2.0206872117917785,0.45818373722650785,4.410211554044815,1.0326968047814937e-05,5.2835650477192704e-05,LOC124901612
ENSG00000227544,289.9814146332153,1.423294358129783,0.2485952736522351,5.725347619121906,1.0322216064976035e-08,1.3880336030515038e-07,LINC03013
ENSG00000011426,3258.656562030685,1.7589705518686676,0.2966310804620667,5.929825523099915,3.032567440065661e-09,4.809402847111677e-08,ANLN
ENSG00000187037,6.254632154110181,1.6438870153237382,0.34435717966696044,4.773784641033468,1.8079571435980122e-06,1.1642800938350712e-05,GPR141
ENSG00000106483,65.14494065534952,1.0257476306140647,0.24198198975074817,4.238942045524251,2.245756194413292e-05,0.00010360816190758227,SFRP4
ENSG00000078053,1558.0601142630007,-1.1894551712940018,0.1879853340771666,-6.327382809585236,2.4935421203385593e-10,5.636537266046062e-09,AMPH
ENSG00000106536,85.38798176799642,-1.1425447644863178,0.1856970510351655,-6.152735103315957,7.615795190557585e-10,1.4481491960336635e-08,POU6F2
ENSG00000002746,1217.7072559024923,-1.4907416079873195,0.2164265128342493,-6.887980536511288,5.658995122872917e-12,2.2121526389412312e-10,HECW1
ENSG00000181211,15.000251376906968,-1.2812950501890115,0.36665978923094,-3.494506591182242,0.0004749388823227965,0.0014884617613959432,HECW1-IT1
ENSG00000164708,107.83463325228345,1.2701904068385141,0.2436956818825104,5.2121990715079365,1.8661513387519387e-07,1.6330646452872213e-06,PGAM2
ENSG00000106624,909.9213149370996,1.028717228765497,0.26025185610412427,3.952775761775613,7.724982301596597e-05,0.00030551142380060123,AEBP1
ENSG00000146678,5.3544136371356315,1.0015401802624786,0.4330627383274499,2.3126907295939834,0.020739649080501885,0.039946468553710236,IGFBP1
ENSG00000179869,9.500231908322505,1.7490195729730265,0.3547027069890839,4.930945094328962,8.183273439377407e-07,5.858022454522154e-06,ABCA13
ENSG00000267970,10.56152833966533,1.2543981193105778,0.34831588893375415,3.601323279137434,0.00031660159788563235,0.0010437536560369688,ENSG00000267970
ENSG00000231427,12.490273896374589,2.464360699183817,0.45243472893129033,5.446886681322978,5.1259096338879294e-08,5.39089551268258e-07,LINC01445
ENSG00000170419,875.2415890870207,-1.4254339703020547,0.23372441032371621,-6.098780903234628,1.0688044484524394e-09,1.933248581713208e-08,VSTM2A
ENSG00000224223,120.60552741963416,-1.7794739625483391,0.22591784173218674,-7.876642008017269,3.3629666429980845e-15,3.229813649011358e-13,VSTM2A-OT1
ENSG00000185290,15.460921100529294,-1.232832553621025,0.29892248179691283,-4.124255045020696,3.7193658259963825e-05,0.0001610675244400356,NUPR2
ENSG00000273142,13.002197768417549,1.3672792338100936,0.4187394659835596,3.265226578532665,0.0010937654597490127,0.003076723535303497,LINC02604
ENSG00000106089,1806.4614693377966,-1.2799780534028757,0.200094074809519,-6.396881340046477,1.58582466024181e-10,3.795126811260371e-09,STX1A
ENSG00000049540,209.55828364834866,1.0694439773877074,0.1859579923515226,5.7509976520186425,8.871834746575978e-09,1.2145811389668415e-07,ELN
ENSG00000158517,24.047896581509786,1.3611498290752064,0.24484548567689846,5.559219625030779,2.709835295407931e-08,3.143475400926919e-07,NCF1
ENSG00000165178,8.437918230535091,1.212425434037288,0.314269598337448,3.857915116356379,0.0001143583470883601,0.00043015107890890126,NCF1C
ENSG00000127946,1396.8732372129587,1.1095690903920667,0.2134034511244607,5.199396188513119,1.9993695468518837e-07,1.7320545708075841e-06,HIP1
ENSG00000164647,11.066411150770573,-1.9650538476437847,0.3661044629063642,-5.367467613052212,7.984984087486889e-08,7.925978575656748e-07,STEAP1
ENSG00000157214,779.0249613925932,-1.1172511360613375,0.1676661853897819,-6.663544789690351,2.6730053290976348e-11,8.34542257863486e-10,STEAP2
ENSG00000164692,529.3088219665909,-1.0662957525139654,0.28900715514656233,-3.6895133339284336,0.0002246834524960476,0.0007755903888387558,COL1A2
ENSG00000004799,1392.6779374053083,1.2233832697101228,0.1159960695640074,10.546764854261305,5.257633614611441e-26,9.043129817131678e-23,PDK4
ENSG00000004864,285.37679311548976,1.0826227302806606,0.20192809227480601,5.361427021294829,8.256707883176295e-08,8.136297559879973e-07,SLC25A13
ENSG00000231764,528.6102871126434,-1.1359129930478298,0.284339501571256,-3.994918000386127,6.47166477757475e-05,0.0002616322598113553,DLX6-AS1
ENSG00000106236,706.984071852361,-1.2837101416053256,0.19785461808201246,-6.488148490288038,8.689761566618184e-11,2.2930305277603353e-09,NPTX2
ENSG00000185955,8.896412784259711,1.1204614214309634,0.33620216922271406,3.332701344614835,0.0008600721268967103,0.0025015472161238677,SPACDR
ENSG00000106333,64.23649884189383,-1.0154037549554868,0.305067666252391,-3.328454199782074,0.00087329362721817,0.002534158807817144,PCOLCE
ENSG00000106327,82.38889764144452,-1.4649764927233508,0.1941974109074958,-7.543748837213795,4.5665023527159874e-14,3.348768391991724e-12,TFR2
ENSG00000227053,10.016773256893176,-1.344526199853165,0.3655705205441934,-3.677884633180171,0.00023517627961088065,0.0008068060218019696,MUC12-AS1
ENSG00000106366,119.8524954788729,2.29880625097467,0.2795677483012796,8.222716192918408,1.9894523406345721e-16,3.0355192165166216e-14,SERPINE1
ENSG00000106367,921.1601454786149,-1.0144193166598476,0.15461799545951035,-6.560810167310004,5.351621445418495e-11,1.5180311506344516e-09,AP1S1
ENSG00000128564,638.8392759324297,-1.016610460112175,0.1705483570561008,-5.960834086356912,2.5095366865003903e-09,4.0825824684941865e-08,VGF
ENSG00000167011,12.226082697464667,-2.083166294040292,0.3339798409841577,-6.237401299137414,4.448996358369593e-10,9.239847541202271e-09,NAT16
ENSG00000160963,251.94178038632734,-1.028677920924688,0.2444583066651274,-4.207989227111141,2.5765314683260547e-05,0.00011680125427104616,COL26A1
ENSG00000233123,98.14571039156793,-2.9182260287208,0.7017522880673717,-4.158484522733236,3.2036593467511404e-05,0.0001415866265838159,LINC01007
ENSG00000170629,322.88547765154,-1.0642111278202797,0.16420661673021197,-6.4809271941139635,9.116065610152814e-11,2.382264659448774e-09,DPY19L2P2
ENSG00000005249,988.9949385852516,-1.0785065040718107,0.12412018770798189,-8.68921102995121,3.649651636616687e-18,8.96771544997243e-16,PRKAR2B
ENSG00000172209,403.88601542801683,-1.0670285106001542,0.21643342345826153,-4.930054210439115,8.220680163725236e-07,5.882574459065108e-06,GPR22
ENSG00000233705,744.7675238985004,-1.319163050257595,0.26026631120777194,-5.0685124945137465,4.009366682370446e-07,3.1546651389863203e-06,SLC26A4-AS1
ENSG00000091137,84.40792862421472,-1.2114972649936657,0.20107721365496825,-6.025035074697693,1.6907295413640544e-09,2.8689329975433102e-08,SLC26A4
ENSG00000091136,360.798626980592,-1.1446058174757758,0.23098672482087704,-4.955288310890515,7.222311596082725e-07,5.241508837663412e-06,LAMB1
ENSG00000128573,182.4111514154286,-1.0640525689131766,0.1686414446759285,-6.3095555837885735,2.798378530107699e-10,6.2288613870161955e-09,FOXP2
ENSG00000105976,722.7894218665913,-1.010485898091955,0.276895654344087,-3.6493382335147273,0.00026291674263181046,0.0008873322815900561,MET
ENSG00000105989,23.606599092822584,-1.722320148280167,0.3276776581147766,-5.25614153308214,1.4710909430611394e-07,1.3349180164372545e-06,WNT2
ENSG00000002745,22.065973399207365,-1.0248691958003808,0.24857464451092726,-4.122983652724597,3.7399624981984296e-05,0.00016184833134930075,WNT16
ENSG00000081803,969.0339582189389,-1.189575474664255,0.17043388475043147,-6.979688789034912,2.958346487753899e-12,1.2328615759538276e-10,CADPS2
ENSG00000241345,22.997286801580184,1.855087920928518,0.4338473946750842,4.275899645122509,1.9036696829532978e-05,8.999857671533333e-05,LOC105375483
ENSG00000170775,2794.6368269991585,1.6459481964867215,0.2643590504507816,6.226184402160895,4.779315126031108e-10,9.800654778375866e-09,GPR37
ENSG00000128591,1033.4761954981484,1.540950113239106,0.21047865639194374,7.321170420100074,2.458174187233052e-13,1.448867776400291e-11,FLNC
ENSG00000240685,6.144483535614903,1.478519925453317,0.36791822427303317,4.018610190823554,5.854242998786904e-05,0.00024000493507486074,ENSG00000240685
ENSG00000128578,382.9082778953834,-1.121825038859866,0.16732616986956053,-6.704420711562258,2.022069105882924e-11,6.550949911524816e-10,STRIP2
ENSG00000270953,135.03801637407184,-1.0022077773113538,0.2165557353962146,-4.6279438199948615,3.6931416341953405e-06,2.1566123370054274e-05,ENSG00000270953
ENSG00000221866,1770.9839561179724,-1.0726933563651928,0.227919928327502,-4.706448287504819,2.5206988968312422e-06,1.5554997758658545e-05,PLXNA4
ENSG00000146859,149.74509488460131,1.0699449775574719,0.19610443970519906,5.455995688653988,4.86991744833058e-08,5.158949502934747e-07,TMEM140
ENSG00000272941,18.01211949265521,1.109128979479177,0.2963659158136215,3.7424309621916363,0.00018224861147598888,0.0006459617326949624,ENSG00000272941
ENSG00000164707,219.5294962897722,-4.4441175293230035,0.6881649516984825,-6.45792483089168,1.0614843989505108e-10,2.7102948486023837e-09,SLC13A4
ENSG00000258227,9.997001967210652,1.5153417052523914,0.4106429029679864,3.690168986971454,0.00022410512980100184,0.0007740443374739603,CLEC5A
ENSG00000211772,48.882701326187465,-1.2126255930765786,0.18537341358096496,-6.541529174284444,6.089295185798267e-11,1.6942568369897531e-09,TRBC2
ENSG00000106123,1367.3680934047704,-1.6580724231648154,0.20117667235713121,-8.241872199881035,1.6953660326372337e-16,2.6509359783054928e-14,EPHB6
ENSG00000165125,23.626978150373578,1.665037900883212,0.44939024961671087,3.7051046441335527,0.00021130347873264446,0.0007350361863617638,TRPV6
ENSG00000127412,24.57345783804534,1.247776359187385,0.3952556802447527,3.1568840665736393,0.0015946473298765064,0.004277715508473486,TRPV5
ENSG00000197993,56.06376494022768,1.1571443763058926,0.35029296655225767,3.30336171946309,0.0009553307236206028,0.0027379373767842025,KEL
ENSG00000179468,10.119294277265823,1.9265385936711656,0.6031488804015913,3.1941344107087275,0.0014025080072291101,0.003823552088872444,OR9A2
ENSG00000179420,5.647449602389504,1.3023949296380044,0.581193680986816,2.2408965758654706,0.02503277510765382,0.047042124060072535,OR6W1P
ENSG00000231840,21.09711859954449,1.0989044779030641,0.36141559493084235,3.0405563382325593,0.0023614150833657526,0.00603399885711808,TMEM139-AS1
ENSG00000178826,24.22325927933693,1.8415039523927113,0.443191752261935,4.155095267441589,3.251520348216896e-05,0.0001433001746756666,TMEM139
ENSG00000174469,2868.533940752832,-1.0455083661595994,0.18006244134830557,-5.806365604791561,6.384347358937989e-09,9.123251663980872e-08,CNTNAP2
ENSG00000252316,28.44927835996149,-1.1110759783374855,0.22667379521126704,-4.901651632478859,9.503425362475157e-07,6.6545080628434485e-06,RNY4
ENSG00000164889,505.7596596513918,1.0559081562151458,0.17120862258477404,6.167377204920343,6.943199271868428e-10,1.3390961286824737e-08,SLC4A2
ENSG00000220575,103.66912157683888,-1.2872325290786852,0.26054945055817236,-4.9404538229539945,7.794095015438538e-07,5.615547513027309e-06,HTR5A-AS1
ENSG00000218672,29.330793985935617,1.733998773626811,0.3687193971716575,4.702759841027693,2.566682590337166e-06,1.580782376600885e-05,LINC03010
ENSG00000260426,29.971599823641224,1.5193151468318535,0.41050729263134483,3.7010673722580396,0.00021469445801561662,0.000744777987835619,ENSG00000260426
ENSG00000233038,8.13822652373509,1.3277630429848388,0.3936424558357231,3.373017882854963,0.0007434912369779612,0.0022051817218408883,PTPRN2-AS1
ENSG00000002586,848.7728434721126,1.1050076414247954,0.16560524062585452,6.672540296724643,2.5141298474440914e-11,7.914698288459602e-10,CD99
ENSG00000056998,253.64356157859714,1.366919285297873,0.22046496466260407,6.200165579096813,5.640378859791508e-10,1.1268845620618303e-08,GYG2
ENSG00000228459,7.347198324615042,1.001425346737461,0.3725153673748926,2.6882792884344155,0.0071821297761929725,0.015958414018270233,LINC01546
ENSG00000169933,1146.1144023016923,-1.1822675261598763,0.16515160588791628,-7.158680170280923,8.145748008993483e-13,4.0988710726105504e-11,FRMPD4
ENSG00000198759,12.521789505808423,-1.2511419413570772,0.46337535312672007,-2.700061479132934,0.006932666372349914,0.015476819795263759,EGFL6
ENSG00000101958,147.70884543483263,-1.522590059174237,0.247019498750087,-6.1638456351766076,7.099915887706634e-10,1.3609970475725382e-08,GLRA2
ENSG00000173698,17.141971598169313,1.4221764306962508,0.5650371810797131,2.5169607918166648,0.011837200105006267,0.02456238495138392,ADGRG2
ENSG00000091482,9.149362684048073,-2.705252433954762,0.49670273113582347,-5.446421499975627,5.139326885371164e-08,5.40200359284569e-07,SMPX
ENSG00000233928,7.563806416264826,-1.6241298427563928,0.2884084029527102,-5.631354101089414,1.7880019572308605e-08,2.2067186582392617e-07,ENSG00000233928
ENSG00000165164,22.759796809517834,1.2754709494276937,0.3082808846191904,4.137366320987571,3.5131499958905994e-05,0.00015322452264234703,CFAP47
ENSG00000176034,44.48708677253218,1.1664797651518903,0.3112507479907094,3.747717146648299,0.0001784513278851355,0.0006344041945860135,ENSG00000176034
ENSG00000205081,28.334185208392864,1.0964860456965524,0.261970752392553,4.185528482406733,2.8450338935193503e-05,0.0001273735003913538,ENSG00000205081
ENSG00000130962,916.8506657683573,1.1623442517495228,0.2100649494365045,5.5332612835577315,3.1433068667444614e-08,3.5675684414400244e-07,PRRG1
ENSG00000101955,158.75969332156888,1.9443594213985613,0.20753319441897264,9.368908076812257,7.3286753101646e-21,3.224617136472424e-18,SRPX
ENSG00000269902,9.035647626383978,-1.1647508399756015,0.37229890076106253,-3.1285368761352483,0.0017567896503118833,0.004656550880344751,ENSG00000269902
ENSG00000126767,850.8640698960351,-1.010379988582213,0.2167079046490649,-4.662404863442404,3.1253557782526255e-06,1.8748170997000533e-05,ELK1
ENSG00000102001,24.16179247819051,-1.0420791253950943,0.1974129605993967,-5.278676345418624,1.30120403083169e-07,1.1968293759521426e-06,CACNA1F
ENSG00000158352,855.744618964805,1.306605770839292,0.2484530840759728,5.258963782634124,1.4486941575296676e-07,1.3171212619154882e-06,SHROOM4
ENSG00000122824,159.43887026780246,-1.2459584340665348,0.1317506821845443,-9.456941045066547,3.1708344030490324e-21,1.4998046726421924e-18,NUDT10
ENSG00000196368,429.9633622407501,-1.365419151039748,0.2127082647438764,-6.419210615458968,1.3698278345464554e-10,3.3571428276708466e-09,NUDT11
ENSG00000158423,19.879441424790034,1.2456017769010452,0.32201533733945925,3.8681442542221762,0.00010966678425630569,0.00041423349134144617,RIBC1
ENSG00000130055,123.8336321475716,1.0450727015961763,0.1620557556928359,6.448846553633246,1.127045998323904e-10,2.844341621871122e-09,GDPD2
ENSG00000169562,572.0106271434609,1.8607694818296416,0.28530336790431493,6.522073312691165,6.934210461470582e-11,1.8958852880205697e-09,GJB1
ENSG00000204131,202.5606216004568,-1.1446840784162897,0.20685055756994913,-5.533869919732754,3.1324132051926096e-08,3.557338405897009e-07,NHSL2
ENSG00000225471,14.807692580653628,-1.1681633839178285,0.22096979652853216,-5.286529662740547,1.2465861006099836e-07,1.1544155187924144e-06,LOC121627959
ENSG00000234969,5.164771352910884,1.0232526484625526,0.43776206046605515,2.337463066975621,0.01941511917146059,0.037795457837641155,AARSD1P1
ENSG00000147145,55.51773314783044,1.649130024114346,0.1892026239485598,8.716211169263222,2.8766654662400075e-18,7.256868082834792e-16,LPAR4
ENSG00000102362,252.72363526076833,1.0187225948249155,0.16336184618294883,6.23598850421933,4.489340695231882e-10,9.282877153419367e-09,SYTL4
ENSG00000123560,82703.39988051313,1.7593615608975248,0.281395713998828,6.252268507916408,4.0453310665596774e-10,8.551694277017776e-09,PLP1
ENSG00000189108,33.515452686473616,-2.40125299712766,0.3181654061824492,-7.5471844218999795,4.447685737697683e-14,3.300008398323144e-12,IL1RAPL2
ENSG00000236064,19.278198298980186,-1.1905234134887714,0.2599222449950041,-4.580305981550961,4.642961574144229e-06,2.6269387853710773e-05,LOC101928335
ENSG00000188153,1704.7253286422058,1.5064319475111725,0.2681004480667778,5.61890872758241,1.9216733330649568e-08,2.345681255586386e-07,COL4A5
ENSG00000226958,384523.47678731836,-2.026101047759857,0.5790639144994991,-3.498924724934849,0.0004671384415617095,0.0014667324260745085,ENSG00000226958
ENSG00000176076,36.61555259340455,1.3387296170012397,0.2686411650462512,4.983337593740536,6.249677128776863e-07,4.6027205635055755e-06,KCNE5
ENSG00000005893,5386.509981043679,1.0800216156112656,0.18801023730650518,5.744483019031309,9.220224741921685e-09,1.2595426145643197e-07,LAMP2
ENSG00000171388,598.5221046989702,1.1402603458906564,0.18601855249834864,6.129820550564594,8.797824764082865e-10,1.6387103163162927e-08,APLN
ENSG00000188706,1539.7713407353572,1.2081436461742285,0.22142390575645085,5.456247563002944,4.863018058768905e-08,5.154526704308554e-07,ZDHHC9
ENSG00000235189,10.656053960401874,1.157430473871784,0.3851791193350259,3.00491489743778,0.002656551673270459,0.006688217918599745,ENSG00000235189
ENSG00000147255,244.11892777392018,1.3780897712768292,0.22740320787482765,6.0601157923655515,1.360235907489288e-09,2.3799773045526987e-08,IGSF1
ENSG00000134595,11.611673479607424,1.7471692083948756,0.29255177234532376,5.972170991781049,2.34116956219286e-09,3.841711024864606e-08,SOX3
ENSG00000225660,12.77824511640617,1.0961579998162414,0.4267407387881863,2.5686743734122883,0.010208833606738193,0.02162081471999963,ENSG00000225660
ENSG00000102287,23.646123810697524,-2.7077403820895243,0.2667318499650837,-10.151545015880101,3.261584276926753e-24,3.428287473303009e-21,GABRE
ENSG00000147402,274.8026208174577,1.0094683226488885,0.4379964997740177,2.304740615894691,0.021181104716993894,0.04070562659074262,ENSG00000147402
ENSG00000198883,133.76243318084013,-1.4991607892099026,0.28346061205945455,-5.288779906026099,1.2313494802556533e-07,1.1436981917740285e-06,PNMA5
ENSG00000225110,122.54942950861421,-1.0970325861310897,0.19302731372792578,-5.6833023521084165,1.3211839261010441e-08,1.7097674337778218e-07,PNMA6F
ENSG00000198753,1365.3934035417137,1.4073060695337691,0.2546372130541133,5.5267101483501575,3.2629136584879735e-08,3.68535686547861e-07,PLXNB3
ENSG00000237647,44.44749672081342,-1.0676696477429906,0.2845776516718938,-3.7517691268812956,0.0001755911272534362,0.0006252934552296279,ENSG00000237647
ENSG00000254269,11.817907394091353,-1.421033231888111,0.32441925742473576,-4.380236990764292,1.1855030390566404e-05,5.9637642911331125e-05,ENSG00000254269
ENSG00000198010,819.0550472426194,-1.1697313456656762,0.20129665177469108,-5.810982623669977,6.210721054464197e-09,8.92231149206246e-08,DLGAP2
ENSG00000184608,7.643077095863494,1.1838669297965019,0.41997669568692014,2.818887195300566,0.0048190450546720335,0.011281407131204513,FAM167A-AS1
ENSG00000255069,5.975892120816117,1.7604288744528376,0.5335823336169802,3.299263794060545,0.0009693876989848744,0.0027726100173535635,ENSG00000255069
ENSG00000185053,28.29802083471016,-1.0573797750339207,0.1628449456817295,-6.4931691346472915,8.404923668286471e-11,2.221801308705127e-09,SGCZ
ENSG00000265520,9.03945084757303,1.535585430584674,0.38277247418956134,4.011744663291024,6.0271669319890405e-05,0.00024602804391204454,MIR548V
ENSG00000254040,6.90831326241766,1.4047318392801806,0.3331291180340131,4.216778910142447,2.4781672706695035e-05,0.00011311682692657902,ENSG00000254040
ENSG00000158815,28.857045647346986,-1.1362481057216631,0.2732842440112968,-4.157751976636801,3.2139468695028804e-05,0.00014187558276013647,FGF17
ENSG00000158856,2610.950095598819,-1.092087106426029,0.1719886849327576,-6.349761362807107,2.1564919020521765e-10,4.9395674076061955e-09,DMTN
ENSG00000261026,10.15112917709439,-1.2877939200069044,0.36568323509945316,-3.521610498924483,0.00042893386289186294,0.001360735862829317,ENSG00000261026
ENSG00000248738,34.62120232339151,-1.844523390845245,0.41224887565829726,-4.474295746470693,7.666357037559537e-06,4.092761714182462e-05,PEBP4-AS1
ENSG00000272163,195.6573843125082,-1.0691431174049961,0.19179601583912584,-5.574376051178087,2.4841860143808533e-08,2.922904715782289e-07,ENSG00000272163
ENSG00000147459,1811.1460421220925,1.3980020775234498,0.2751051261419273,5.081701301349862,3.740693095927694e-07,2.9697738168972893e-06,DOCK5
ENSG00000120903,40.17275331993911,-1.7554630858865894,0.44368899216997126,-3.9565171028946673,7.605044584583375e-05,0.00030120879954012445,CHRNA2
ENSG00000168079,104.50546174712493,-2.456073893591121,0.38247600216070765,-6.421511100607915,1.349281722920914e-10,3.3153779477485318e-09,SCARA5
ENSG00000168081,59.65871775199804,-1.5030170292578622,0.29416922951624935,-5.109361817786039,3.2324880244001496e-07,2.6203373359747568e-06,PNOC
ENSG00000197892,1996.6702061754538,1.2209484585806454,0.2016702884875467,6.05418114754192,1.411337223254822e-09,2.4520202262609028e-08,KIF13B
ENSG00000156687,518.8929845940477,-1.2212739988545844,0.2075004020280118,-5.885646422457133,3.965011713212662e-09,6.069419224432326e-08,UNC5D
ENSG00000253161,17.07070554747838,-1.095400783610743,0.2600961451434671,-4.211522562191485,2.5365521342908807e-05,0.0001153366171131542,LINC01605
ENSG00000147465,51.89186288274891,-1.2106475759471151,0.21628715418723743,-5.597408595514973,2.1757949894962395e-08,2.6120584518571606e-07,STAR
ENSG00000165061,213.41473881789352,-1.0946753589632325,0.1904961514220139,-5.746443436214906,9.11400998431704e-09,1.2459325787809133e-07,ZMAT4
ENSG00000147434,11.09623953406295,-1.1191615884059392,0.4111007163531575,-2.7223537782515552,0.0064818710970460415,0.014618761789633438,CHRNA6
ENSG00000221869,337.20094200599607,1.360736434482262,0.12409534624028427,10.965249509417418,5.614547569893023e-28,1.517532000319657e-24,CEBPD
ENSG00000147488,1872.324974975583,1.5460320058786312,0.3435986187394794,4.499529164437216,6.810413632830826e-06,3.685073505793299e-05,ST18
ENSG00000240534,13.200853876675396,1.4262595230939998,0.44193787178425803,3.2272851324908873,0.0012497086020904296,0.003452253869404428,RPL34P17
ENSG00000082556,183.5901596015032,-1.0533133824697447,0.2609515577969964,-4.036432628960027,5.427010042815763e-05,0.0002244841058375038,OPRK1
ENSG00000237807,83.52368659788485,1.1102976549599286,0.19794457971466925,5.609133912938596,2.03341641578137e-08,2.45672021625693e-07,LINC02984
ENSG00000170786,64.79950595759372,-1.1510274857333473,0.24367937212107235,-4.7235327131483995,2.317826549506448e-06,1.448737308115692e-05,SDR16C5
ENSG00000254777,9.194520571229438,1.4811267174488336,0.322247799564379,4.596235317823893,4.301928358431412e-06,2.4552785683717137e-05,ENSG00000254777
ENSG00000253554,8.676295719931725,-1.3884918834118198,0.35146016967420046,-3.9506379476767908,7.794315734047186e-05,0.00030767463736318124,LINC01414
ENSG00000254377,259.6672943368796,-1.8279372713770503,0.2080500994994481,-8.786043725885838,1.5491932151091675e-18,4.2479326999805e-16,MIR124-2HG
ENSG00000254102,8.015552960475707,-1.0484042544012209,0.3679860098367007,-2.8490329153178027,0.004385234338530097,0.010386659199422815,BHLHE22-AS1
ENSG00000254081,28.51785138622631,1.0440935495037214,0.3451936846398765,3.0246600559711068,0.002489127277470185,0.006322229573061606,LINC01299
ENSG00000147571,41.399076087891835,-1.546867682651243,0.3010303662301753,-5.138576888513864,2.7682692287367814e-07,2.2945636359253906e-06,CRH
ENSG00000253379,13.235730104840552,1.0399266779403336,0.26591769526979747,3.9107088262224674,9.202565716675973e-05,0.0003548248285296707,ENSG00000253379
ENSG00000250979,10.955055723327048,-1.6492526566103003,0.35229979644121917,-4.6813897517692045,2.8493662195839222e-06,1.7293046034094087e-05,TRPA2P
ENSG00000164764,45.6741467403724,1.5607355355872994,0.358869204375506,4.349037244093561,1.3673649119563782e-05,6.738875783853784e-05,SBSPON
ENSG00000121005,263.57256686377775,1.655265013636408,0.2422934026273874,6.831655322377756,8.394033919879789e-12,3.095811340431298e-10,CRISPLD1
ENSG00000184672,464.0172557914257,-1.1550471478197326,0.17913024772393576,-6.448085471303642,1.1327188382372224e-10,2.8536671663712717e-09,RALYL
ENSG00000253553,35.29789132861678,-1.0156951718069807,0.15352218287255134,-6.615950560383673,3.691717440689516e-11,1.0896613725092923e-09,ENSG00000253553
ENSG00000104327,232.30953994619088,-2.045972604731936,0.3144350154306885,-6.506821773425973,7.675738734916136e-11,2.0628547850087117e-09,CALB1
ENSG00000164951,1919.8190870216272,-1.4564900805115566,0.16330473716504643,-8.918847706417314,4.711647613241319e-19,1.4613831613528814e-16,PDP1
ENSG00000164949,145.5372799420363,1.3284402403756057,0.1362580580450794,9.749443515011102,1.8548221133518255e-22,1.2997494216524644e-19,GEM
ENSG00000175305,194.89520006457658,1.4486444444039448,0.27526973812869293,5.262636039297137,1.4200451785903858e-07,1.2941837562105057e-06,CCNE2
ENSG00000132561,563.7537226652559,1.0500278986261786,0.15448525949476946,6.796945560114946,1.068604537121488e-11,3.821927758476097e-10,MATN2
ENSG00000156486,292.69353364643223,-1.9518638125128949,0.22297236423304226,-8.753837361086061,2.062182185677346e-18,5.495279852537378e-16,KCNS2
ENSG00000272321,67.93252998830154,-2.1693668182450785,0.2682276586795042,-8.087781957032174,6.076105262637127e-16,7.767561592506382e-14,ENSG00000272321
ENSG00000253633,6.36285035018288,-1.0136885463143472,0.370319844416214,-2.7373325021573276,0.006193965325580907,0.014041262854399114,LINC03047
ENSG00000271830,7.697584503048176,-1.0664863899144357,0.3194866782423457,-3.338124756192355,0.0008434586988569941,0.002460412979089474,ENSG00000271830
ENSG00000253477,16.966225323171095,-1.0374004344053522,0.22506532921735722,-4.609330268739353,4.039681719028174e-06,2.3252442386374522e-05,ENSG00000253477
ENSG00000176406,2584.8409759291803,-1.1014513056158788,0.12909770481305635,-8.531920123683586,1.4393842928205307e-17,3.2039000964899344e-15,RIMS2
ENSG00000154188,247.32352428891363,1.5388080534114152,0.2296683329336392,6.700131593048318,2.082319358334176e-11,6.69943017677298e-10,ANGPT1
ENSG00000164841,156.70569735698152,1.024643806288681,0.21252327690449235,4.821325085953546,1.4260773421373836e-06,9.503833502373827e-06,TMEM74
ENSG00000174417,7.596565133075798,1.6133745472614265,0.5206000759904713,3.0990670606259316,0.0019413107367226515,0.005090727531364182,TRHR
ENSG00000164794,711.7633033067606,-1.9160450427336786,0.27590343292449443,-6.944621973072862,3.7947508762750786e-12,1.5407014287365768e-10,KCNV1
ENSG00000254241,12.65708886638626,1.657997297243861,0.44849075684097656,3.69683716320545,0.0002183022677127445,0.0007565151936635706,MTCO1P47
ENSG00000253877,59.676619017438604,1.3503375207052664,0.29678994104955475,4.549808918489599,5.369465236629673e-06,2.9870709284631995e-05,LINC01608
ENSG00000147676,887.4853179454414,-1.2212891136283086,0.20680827319999692,-5.905417103150624,3.5175563030712654e-09,5.464052976527779e-08,MAL2
ENSG00000136960,4936.043040056177,1.569582550198251,0.2766599518745509,5.673327634026211,1.4005000971145803e-08,1.794005540785908e-07,ENPP2
ENSG00000244642,120.31281403873724,1.3726416607096146,0.25048473246785363,5.479941420724215,4.2546667895818445e-08,4.621027305332291e-07,RN7SL396P
ENSG00000214814,21.299930034585334,-1.4824026556574512,0.4260890649243007,-3.479091057924277,0.0005031176009691899,0.0015666532275077473,FER1L6
ENSG00000168672,400.23788838003276,1.1661181582974747,0.16535587185573097,7.052172657738366,1.761454387076319e-12,7.823173005512665e-11,LRATD2
ENSG00000104419,4690.070243921927,1.0116240882996999,0.19832508063278317,5.1008379024578,3.3815308461826116e-07,2.7196892334402752e-06,NDRG1
ENSG00000261710,21.961264819525358,1.8985842090226641,0.43395052147277285,4.3751167819296795,1.2136748458691802e-05,6.081230954408074e-05,ENSG00000261710
ENSG00000182851,239.9684655651434,1.7111155687560833,0.2669436931425007,6.410024333643462,1.454964119834529e-10,3.538293206589883e-09,ENSG00000182851
ENSG00000147804,35.105353525777716,-1.0748437796039432,0.16832356101838641,-6.385581276328484,1.7074762483056045e-10,4.06357869408076e-09,SLC39A4
ENSG00000173253,55.46338135881832,1.2914843455116407,0.2685987083377914,4.808229918542504,1.5227257524059724e-06,1.0031327031866642e-05,DMRT2
ENSG00000235326,18.40767813983039,1.0500979165772544,0.21344768967310937,4.919696803396922,8.667837618065748e-07,6.15829845038693e-06,ENSG00000235326
ENSG00000107249,365.9474097402655,1.0527642717392411,0.161901765048121,6.502487921773643,7.90023662974088e-11,2.1111931784561788e-09,GLIS3
ENSG00000107165,26.967884827079466,-3.0405086442300693,0.35308231990427014,-8.611330765738796,7.221729005618698e-18,1.666281863247631e-15,TYRP1
ENSG00000270547,18.035229619675665,2.2358948099652296,0.42220901520271764,5.295705987925665,1.1855746287685953e-07,1.107771421253631e-06,LINC01235
ENSG00000107295,2230.9592956233078,-1.019035974969806,0.1810684472074223,-5.627904754727659,1.824117582769828e-08,2.242514923067261e-07,SH3GL2
ENSG00000171889,58.31622113501408,-1.0900913971603707,0.20635731666075802,-5.282542992902118,1.2740292421822153e-07,1.1746897301212237e-06,MIR31HG
ENSG00000244230,215.5585786888728,2.0826796980889517,0.48238663025722106,4.317449049071722,1.5784282874317957e-05,7.629043560991938e-05,RN7SL151P
ENSG00000107105,978.965337967179,-1.3629881126193417,0.21474833041556932,-6.34690900730991,2.1968397570157203e-10,5.013776622766879e-09,ELAVL2
ENSG00000231459,17.366928662271803,1.0337428650689802,0.37506471492032367,2.7561719989804474,0.005848223507241948,0.013356879376752494,ENSG00000231459
ENSG00000120160,7.056809947205513,1.1341725889702887,0.4793872153148335,2.3658799249066966,0.01798727717264252,0.035343159633024875,EQTN
ENSG00000120162,754.2239152403503,1.3445561895930653,0.21902439727148112,6.138842094045283,8.312514287657401e-10,1.5617951372639326e-08,MOB3B
ENSG00000260412,185.07043735975793,-1.6376456985337362,0.2868350453261054,-5.7093640586068615,1.1339909087537082e-08,1.506678932136247e-07,ENSG00000260412
ENSG00000174482,257.64724457002234,-1.3418894213442032,0.2692535037712645,-4.983739868002465,6.236691358828117e-07,4.5997698908995924e-06,LINGO2
ENSG00000188133,63.42412383746602,-2.161976637858257,0.5360427358138888,-4.033216931063652,5.501844587247777e-05,0.0002272318262185722,TMEM215
ENSG00000230453,73.5192964792629,-1.4624912095988745,0.2041663840587717,-7.163232166456351,7.879673201871294e-13,4.0076187360055075e-11,ANKRD18B
ENSG00000234373,9.037434363590512,-1.5855238816383308,0.355066808225445,-4.465424097404292,7.991029958933216e-06,4.24096176221645e-05,SNX18P7
ENSG00000226562,9.62477380245615,-1.5276869841274034,0.4046000786004992,-3.7757950750074785,0.00015949808319927204,0.0005765578399178882,CYP4F26P
ENSG00000010438,159.91844773151212,-1.3518982135025361,0.20951935112471912,-6.452378771914968,1.1010795590200683e-10,2.800057158153184e-09,PRSS3
ENSG00000215187,16.636555173430068,1.286223298006722,0.3928012475926598,3.2744888309024747,0.0010585332356414547,0.0029882794417093886,CIMIP2B
ENSG00000122694,264.615261859894,1.1768696641667074,0.183985618424882,6.396530741054643,1.589468447204099e-10,3.795126811260371e-09,GLIPR2
ENSG00000180071,185.66679922957795,1.0212392284031493,0.2916408164503485,3.501701993681718,0.0004622963889916778,0.001453414370176561,ANKRD18A
ENSG00000225345,74.58183865307976,1.2033426570629724,0.3019074034874895,3.985800424774401,6.725302361986117e-05,0.00027055649731825925,SNX18P3
ENSG00000227318,8.422944543919684,-1.1373637996073802,0.3421386879863609,-3.3242770827855646,0.0008864807175854331,0.0025661283930104644,ENSG00000227318
ENSG00000197550,11.968914520301665,-1.141303634394803,0.2657287289769449,-4.294995271263367,1.746970602487204e-05,8.344530118419061e-05,ENSG00000197550
ENSG00000119139,3247.470603391903,1.6272410908792916,0.20041087412582506,8.119524940835554,4.680120026574881e-16,6.235765556534983e-14,TJP2
ENSG00000135063,264.27073219143085,1.1507876635647232,0.15916288897448846,7.230251165830358,4.821015723631018e-13,2.6135707017506838e-11,ENTREP1
ENSG00000204711,8.761424382348943,1.1848296982791542,0.462614665846803,2.5611589639302874,0.010432360963254318,0.02202413182601782,CFAP95
ENSG00000165092,1219.7507621301781,1.0020287072451477,0.22587696379553032,4.4361704283939725,9.157335822545474e-06,4.762418740037393e-05,ALDH1A1
ENSG00000224825,20.498103385822677,-1.7125303522318431,0.28316625675473234,-6.0477910463575135,1.468452339122712e-09,2.5465736256830167e-08,RORB-AS1
ENSG00000198963,1506.30642590612,-1.3865633185644384,0.17290723429742197,-8.019116864592124,1.0650813780060613e-15,1.2561170510007903e-13,RORB
ENSG00000165105,16.314587674838602,1.2518528126101054,0.3639633822068023,3.439502086775335,0.0005827852917178485,0.001781596012167021,RASEF
ENSG00000213694,160.26290654170276,1.1183809452180802,0.24436756321862793,4.57663419190173,4.725166517443636e-06,2.67185147967823e-05,S1PR3
ENSG00000187764,3105.59196342141,1.020149204978059,0.22949713444964964,4.4451500774702435,8.783053210491366e-06,4.6057474152576675e-05,SEMA4D
ENSG00000130222,126.99122015614327,1.1634410517304776,0.18263823289216707,6.370194418259588,1.88788732907109e-10,4.420647062626859e-09,GADD45G
ENSG00000106809,235.23532945932817,-1.9058305122942105,0.4097957470059095,-4.650683971756123,3.308359685466507e-06,1.962814840044726e-05,OGN
ENSG00000130948,41.59734072219918,1.161466693340034,0.3395162037276047,3.420946277638883,0.000624036578678109,0.0018954522505361733,HSD17B3
ENSG00000130958,186.60498485922025,1.0149116148252921,0.21405088631281025,4.741450186485647,2.1219383406447154e-06,1.339128532521615e-05,SLC35D2
ENSG00000136928,2503.6665270571307,-1.2058286283302164,0.2150810963989182,-5.6063905592787435,2.0658950162711698e-08,2.494367179824539e-07,GABBR2
ENSG00000225376,8.442003792998564,1.0573082751828018,0.4358738960244225,2.4257205692436323,0.015278028635152254,0.03070407655775677,TMEM246-AS1
ENSG00000070214,6321.60450091199,1.2362122910783204,0.21686513745992922,5.700373538862321,1.1954518754624293e-08,1.5736277301891141e-07,SLC44A1
ENSG00000136826,126.51447479126549,1.056532598512438,0.2782969040751939,3.796422392923818,0.00014679929018104597,0.0005361858243678358,KLF4
ENSG00000095203,961.2046768942724,-1.6353260123003623,0.21749857182400537,-7.518789657265561,5.5285646861879466e-14,3.962138025101362e-12,EPB41L4B
ENSG00000070159,387.70602396282203,-1.4080398192301553,0.27708412755224904,-5.081632902139603,3.7420405811221657e-07,2.9697738168972893e-06,PTPN3
ENSG00000030304,13.813934733368177,1.5791208868576063,0.4528284514715826,3.4872386700213873,0.0004880356176546438,0.0015244566428967905,MUSK
ENSG00000198121,4211.597569247425,1.077910013722468,0.23773060584951566,4.534165930678648,5.783155363927127e-06,3.186292937842203e-05,LPAR1
ENSG00000259953,114.12582299073338,-1.0915715510763842,0.17711002759558964,-6.163239687189605,7.127149989990904e-10,1.3648347956541286e-08,LINC02977
ENSG00000231528,12.240363352370967,1.215013547341728,0.2474639596773733,4.909860607281077,9.114115513598079e-07,6.417531280881119e-06,FAM225A
ENSG00000136867,830.0175397252673,1.5354926365050954,0.26330030493168566,5.831716134561581,5.486019110254528e-09,8.043710803415997e-08,SLC31A2
ENSG00000095397,360.4595405073213,1.1565055031892468,0.25117615960312073,4.604360163068907,4.137359068986279e-06,2.3706491091829315e-05,WHRN
ENSG00000041982,1531.7618623492308,2.6107198426306497,0.38144437992708874,6.844300191628662,7.685061781937337e-12,2.8678770989004814e-10,TNC
ENSG00000148180,5308.300522906096,1.0852507785478105,0.14737232076113158,7.364006842959603,1.7847054028385512e-13,1.0998901049415437e-11,GSN
ENSG00000106852,250.94440084637904,-1.073264948743222,0.19747122497361974,-5.4350447711386805,5.4782675441426185e-08,5.71697859543179e-07,LHX6
ENSG00000148204,1065.8895170764467,1.0787206754909078,0.19254828191084533,5.602338617544158,2.114789040282848e-08,2.545280447974013e-07,CRB2
ENSG00000236668,26.93551999117489,-1.1555723143644248,0.21932368084989112,-5.268798653599646,1.3731948466853367e-07,1.2569350023844495e-06,LHX2-AS1
ENSG00000228392,5.542996878130539,1.5934124082684704,0.4406786985832894,3.6158144548194255,0.00029940477987732095,0.0009934651763028608,ENSG00000228392
ENSG00000136859,273.0158423507616,1.201590384107397,0.189112280649294,6.353846402686714,2.099965255756004e-10,4.851201787411916e-09,ANGPTL2
ENSG00000106976,7210.591144000987,-1.1093169020390306,0.1972771385955474,-5.623139659954841,1.8751767835454745e-08,2.29782025548448e-07,DNM1
ENSG00000207955,360.09370874885775,1.716982073314727,0.37724484919447815,4.551373138641806,5.3296929937304705e-06,2.968436604103047e-05,MIR219A2HG
ENSG00000167123,3168.472457140146,1.565444101964486,0.36950618100022575,4.2365843454281205,2.269456932677717e-05,0.00010457409928461375,CERCAM
ENSG00000228510,11.354892153523556,1.4414090157156014,0.4074237715873564,3.5378618437008567,0.0004033810612784844,0.0012889663366642333,ENSG00000228510
ENSG00000264169,41.300636671591306,1.979861570754262,0.41697057599250925,4.748204513092141,2.052304540221808e-06,1.3008241842879935e-05,RN7SL665P
ENSG00000130720,112.69435877351066,1.6454293174766805,0.4352660121858513,3.7802844040441865,0.0001566493164198147,0.0005669099209378144,FIBCD1
ENSG00000196990,285.516920928121,-1.5275372145091317,0.20584706110084003,-7.420738514993053,1.164690588334652e-13,7.704876199752315e-12,FAM163B
ENSG00000123454,11.476887856619571,-2.885655732426143,0.44189890390288217,-6.530126476757079,6.571417542299814e-11,1.8071398241324488e-09,DBH
ENSG00000130558,5949.572442637688,-1.2293574601775283,0.21996145244605553,-5.588967732785008,2.2842338910146327e-08,2.728390480934145e-07,OLFM1
ENSG00000233936,6.1185107646271595,-2.4313822728671517,0.5481795667791713,-4.435375596271741,9.191189723491067e-06,4.7787114473330854e-05,ENSG00000233936
ENSG00000177984,16.009813225871586,-1.9015007144532707,0.3533117843637209,-5.3819340271304075,7.368977417559945e-08,7.404198233682112e-07,LCN15
ENSG00000180539,12.147612028131752,1.275837090475904,0.30558633598781215,4.175046264263559,2.9792550129974593e-05,0.00013278564156869713,LINC02908
ENSG00000148408,1346.5931280926302,-1.0229374075117696,0.15728151105957772,-6.5038630454426665,7.828317239882048e-11,2.1008760592704727e-09,CACNA1B
ENSG00000225140,126.07143236138741,1.291951410109107,0.24187710665481293,5.341354657234566,9.225456633264297e-08,8.960248434361422e-07,DIP2C-AS2
ENSG00000205696,10.245629307552539,1.750200664424155,0.41640522697751053,4.203118863632038,2.6326225462431065e-05,0.0001190184434287206,ADARB2-AS1
ENSG00000229672,8.50343824877117,-2.1372565869891336,0.38127874187606614,-5.605496326579479,2.076590271587603e-08,2.505681628726878e-07,ENSG00000229672
ENSG00000215244,49.31784389454559,1.2708826326850113,0.21526521256713674,5.903799399490289,3.5522405819530138e-09,5.513403758043562e-08,LINC02649
ENSG00000212743,23.685577202530926,1.2803057983564596,0.23240137696917657,5.509028453502953,3.608195859740893e-08,4.013348951575408e-07,LINC02656
ENSG00000237943,168.7702349602205,1.1410176523323288,0.2267808350278907,5.031367188466346,4.869944152621149e-07,3.7197958565842606e-06,PRKCQ-AS1
ENSG00000232591,14.952621689161033,1.04329330150636,0.27188150249648274,3.837308871425913,0.0001243899789911436,0.00046337042774413016,LINC02642
ENSG00000270111,18.850462316225354,-1.1049056605115637,0.25794938942527224,-4.283420336731032,1.8404201209160494e-05,8.740147762984854e-05,CELF2-DT
ENSG00000229206,20.303080964497525,-1.0968981983062434,0.32208720375904565,-3.4055938438548963,0.0006602031872471501,0.001988703120954638,ENSG00000229206
ENSG00000183049,2863.5841266700163,-1.2368534938217197,0.15215330340733804,-8.128995336436901,4.3286296536720327e-16,5.934613988947454e-14,CAMK1D
ENSG00000151468,580.5015746174969,-1.2828397191909813,0.20649153357088687,-6.212553594845538,5.213039119061811e-10,1.0560032134116643e-08,CCDC3
ENSG00000065809,2005.6493578423438,1.5431130310232835,0.2783973582164617,5.5428436566681425,2.975985619865507e-08,3.412463510779115e-07,FAM107B
ENSG00000165985,945.2934399213957,-1.1317969417998326,0.2694306665138804,-4.200698296314852,2.6609299181640608e-05,0.00012012597005885,C1QL3
ENSG00000165995,568.4056828206013,-1.2122263641944782,0.18160058876380597,-6.675233667723008,2.468385525502336e-11,7.783642357084034e-10,CACNB2
ENSG00000150867,4357.524961345551,1.2025802905706395,0.23786499843797265,5.055726140742951,4.287562303031525e-07,3.33007712534304e-06,PIP4K2A
ENSG00000165309,47.709639261337024,1.0436122851223515,0.2810479835050682,3.713288642412664,0.00020458332870527563,0.0007144179732565181,ARMC3
ENSG00000232224,43.2754187037994,-1.1059325322022724,0.23769161138950295,-4.652804218614142,3.2745112075779423e-06,1.9451727487401778e-05,ENSG00000232224
ENSG00000150051,108.85551979984082,-1.6036421664619442,0.19672313485095505,-8.151772122160034,3.586296082696034e-16,5.0636359615379826e-14,MKX
ENSG00000150054,235.99465101739435,-1.5958950225178492,0.15324176674951215,-10.414230117344491,2.1351811603282274e-25,2.8855448252435755e-22,MPP7
ENSG00000273312,10.43555467437784,-1.3096208676506047,0.27559398274407493,-4.751993692354158,2.0142065776560835e-06,1.2801071027629526e-05,ENSG00000273312
ENSG00000182632,7.814708219675213,-1.1858076368273487,0.2983444280790848,-3.974626388909855,7.048982177920727e-05,0.0002819592871168291,CCNYL2
ENSG00000150201,9.834834821498381,1.4898939432944962,0.4030135465561275,3.6968830353869992,0.0002182628413184711,0.0007565151936635706,FXYD4
ENSG00000165388,399.7949173001097,1.010576953215291,0.17556107735179505,5.756269945816429,8.59928361232333e-09,1.1824014966944578e-07,ENSG00000165388
ENSG00000227781,11.482225953055025,-1.0108686609898567,0.2654457554595454,-3.808192974266321,0.00013998601416910592,0.0005146784663971015,ENSG00000227781
ENSG00000204161,130.2938938877952,1.101140016204277,0.2243047368067964,4.90912511202444,9.14836027363673e-07,6.4368529705171784e-06,TMEM273
ENSG00000237949,409.4028225534918,1.1126210513713055,0.22910563641309312,4.85636699642419,1.195590226385159e-06,8.133968746208992e-06,LOC102724768
ENSG00000182010,26.923391182494814,-1.0873497163837398,0.1943613004673586,-5.594476440367053,2.212885146214722e-08,2.651538123266785e-07,RTKN2
ENSG00000122877,208.71735653148514,2.1253736569418686,0.4205344256223162,5.053982569433391,4.3269111479020133e-07,3.3510093703768353e-06,EGR2
ENSG00000165476,1220.0237079013827,1.1182296577139736,0.20653678981520193,5.414191141028703,6.156637272788943e-08,6.29640957844145e-07,REEP3
ENSG00000228065,40.63506920904741,1.4048015761673691,0.23007874044163143,6.1057426404146735,1.0232377417520071e-09,1.8632972159718938e-08,LINC01515
ENSG00000183230,1592.223741571513,1.5024130828713205,0.2956139362231615,5.082348626950847,3.7279637503946124e-07,2.9648202672327057e-06,CTNNA3
ENSG00000198739,582.0506948424603,-1.041861177226061,0.11852590949731427,-8.79015551658491,1.493530798535438e-18,4.183163994605131e-16,LRRTM3
ENSG00000099282,586.7403801142425,1.339158411202826,0.23848374552923657,5.61530266237224,1.962184795576041e-08,2.385895651176008e-07,TSPAN15
ENSG00000197467,16.25717746588759,-1.0151783552588654,0.2702646660951383,-3.756237801731371,0.00017248680403853068,0.0006159777901866743,COL13A1
ENSG00000138316,85.3231330460251,1.4198829819553758,0.34550006772059033,4.109646030818293,3.9626606125250756e-05,0.00017008516059204725,ADAMTS14
ENSG00000214688,197.92941687994738,2.0107874689305527,0.27079583152797426,7.425474231211829,1.123765459356126e-13,7.512947876684773e-12,C10orf105
ENSG00000122863,558.6432757604329,1.3289276556201188,0.19773772050807706,6.72065831549745,1.8090535798875045e-11,5.94588210360989e-10,CHST3
ENSG00000122375,14.286279991506055,-1.1091545890556953,0.3141217768529135,-3.5309700593443845,0.00041403861211205536,0.001319456045336043,OPN4
ENSG00000122367,504.0003458826409,1.44797792969924,0.3129186994918814,4.627329501402352,3.7041094745820045e-06,2.1623496223107536e-05,LDB3
ENSG00000180139,37.035053266936174,-1.1736429896164717,0.2058771082329373,-5.700696885097914,1.1931863491851384e-08,1.573176705685214e-07,ACTA2-AS1
ENSG00000138135,260.6994515418523,2.7145940897710963,0.29207155506225596,9.294277524534944,1.4820930611299266e-20,5.849775083281427e-18,CH25H
ENSG00000197430,3798.2723275651547,1.3945605707910873,0.24700570163927377,5.645863887092366,1.643538421186592e-08,2.0538802462913027e-07,OPALIN
ENSG00000165887,19.92746188895867,-1.1123923142069707,0.29208819462053354,-3.8084124408113635,0.00013986185318235375,0.0005143219168532814,ANKRD2
ENSG00000138131,16.516080968179057,1.0597602803080897,0.23368911027801573,4.534915123119395,5.762665478521343e-06,3.178524177764218e-05,LOXL4
ENSG00000107593,33.2205002535927,-1.983019361724283,0.3365442974642029,-5.892298210565313,3.808610464789824e-09,5.8441938356710034e-08,PKD2L1
ENSG00000099194,16034.004405767764,1.0298216864174594,0.16513539398889157,6.236226296142993,4.482525309559536e-10,9.280863178043607e-09,SCD
ENSG00000242311,10.302126458753062,1.0834655953412333,0.38372799528125556,2.8235250194531707,0.004749871852427928,0.011140148189901623,ENSG00000242311
ENSG00000108018,510.39147908412207,-1.4257895090298,0.2064092068514293,-6.907586782483327,4.929673969273585e-12,1.9459028820382936e-10,SORCS1
ENSG00000214067,7.957202263374593,1.037504489716132,0.41407938146592255,2.5055690675617845,0.012225451864695175,0.025248941085037953,ENSG00000214067
ENSG00000148702,9.222555703279129,-1.287421158047228,0.4169840082073974,-3.087459309487228,0.0020187540742125356,0.005264110862207429,HABP2
ENSG00000197893,16.31237533427856,-2.7389130879014645,0.40359953443851776,-6.786214686079367,1.1511381713382986e-11,4.06334593315683e-10,NRAP
ENSG00000095627,13.805817025357046,-1.558387657225573,0.2809634625583808,-5.54658475175134,2.913034578381123e-08,3.3524704515189076e-07,TDRD1
ENSG00000107518,10839.861309453761,-1.4314001798360798,0.15029790236202492,-9.523753541072342,1.6703433517355093e-21,8.778582281898843e-19,ATRNL1
ENSG00000203805,157.5041377238551,1.390248417198586,0.15712791892730693,8.84787647344687,8.920030458422875e-19,2.678840893227949e-16,PLPP4
ENSG00000177234,43.440180133694085,1.1669033536886253,0.2168754245353215,5.380523663245104,7.426947526353931e-08,7.454400539315571e-07,LINC01561
ENSG00000138152,23.845053162587106,1.3268539903660288,0.35247418245134815,3.7644005048488163,0.0001669491236152043,0.000599597080258099,BTBD16
ENSG00000187908,43.34051725098443,1.8363758693298917,0.3487891514233316,5.265002830036561,1.4018719795106332e-07,1.2819438304659826e-06,DMBT1
ENSG00000233334,6.735297528337859,1.497486961294108,0.34934007014729285,4.2866166502534915,1.8141495882659494e-05,8.624047791455217e-05,FAM53B-AS1
ENSG00000235180,25.954916450994318,1.0868639046909716,0.313079195903251,3.4715302674625454,0.0005175009893253607,0.0016049948697673066,LINC00601
ENSG00000154493,542.3858110087675,1.3960611630146127,0.244910973567413,5.700280157639975,1.1961069287541819e-08,1.5736277301891141e-07,C10orf90
ENSG00000189275,10.372211257148285,-2.5671584362728397,0.4690037084270643,-5.47364208458506,4.408790814310876e-08,4.7475425274195656e-07,LINC01164
ENSG00000234531,95.07072170517199,1.6698295267883452,0.33414654600099686,4.997296984728861,5.813949425132403e-07,4.344388748953596e-06,ENSG00000234531
ENSG00000148826,745.1247276160382,1.8228472655795054,0.302632028625927,6.023312449300151,1.708831019707381e-09,2.8944568391104427e-08,NKX6-2
ENSG00000243562,16.90064264253014,1.482472092487102,0.3945966969487676,3.756929806940524,0.00017201071888522725,0.0006147975447270115,RN7SL838P
ENSG00000180176,17.93736560423021,1.2805895155508602,0.527201160704549,2.429033945675474,0.015139114816842578,0.030466184800149277,TH
ENSG00000237941,7.407929734245427,1.889813508093297,0.44676104937794214,4.230031939276312,2.3365813452626646e-05,0.00010730776544981397,KCNQ1DN
ENSG00000129757,467.8835776462833,1.4868876339161277,0.27487022974571806,5.409416782936605,6.323032314467978e-08,6.445677337808951e-07,CDKN1C
ENSG00000177105,428.08141836641204,1.2894304970101202,0.20270641120857988,6.361074074185687,2.003477901641233e-10,4.645318860177957e-09,RHOG
ENSG00000110148,199.0547701992723,-1.5728942455933248,0.1993526562046379,-7.890008969726141,3.02164817663662e-15,2.9775824740606695e-13,CCKBR
ENSG00000166394,239.40032998018677,1.4326073819321385,0.2574338265994072,5.564953917891369,2.6222169655601412e-08,3.060484560139082e-07,CYB5R2
ENSG00000254921,12.126394901490432,-1.0986671431382231,0.4200719385352533,-2.6154261743099525,0.00891161840615468,0.019262860761389985,ENSG00000254921
ENSG00000148926,43.90555255059029,1.3240499141097883,0.22769181679932501,5.815096619290155,6.059887413339269e-09,8.758828866339111e-08,ADM
ENSG00000246308,14.85041409270326,-1.0573098627885051,0.21197616652811382,-4.98787142019703,6.104817549264467e-07,4.522441191545956e-06,LOC101928053
ENSG00000006611,255.76582166077077,1.9273913829886644,0.24450343967966343,7.8828804433747,3.199191399105844e-15,3.1200361479939464e-13,USH1C
ENSG00000188162,5.9350373319388705,1.5461500805837898,0.38160295864026744,4.0517245623384355,5.084149656227687e-05,0.00021201699690506467,OTOG
ENSG00000129159,607.3019167799757,-1.1399057458675605,0.20366631823590317,-5.596928130979554,2.181830986103358e-08,2.617643770264777e-07,KCNC1
ENSG00000110786,1095.5547469918922,-1.0527555837299645,0.21176509094023863,-4.971336772532817,6.649283232059008e-07,4.861067957904035e-06,PTPN5
ENSG00000165973,555.4001153559881,-1.2194178665004856,0.22468250163418121,-5.427293436877837,5.721502240511592e-08,5.915345485818542e-07,NELL1
ENSG00000091664,297.6360512816728,-2.7657862605822214,0.5195642321014606,-5.323280721991882,1.0191228503152283e-07,9.728458288579273e-07,SLC17A6
ENSG00000134343,673.2602489857519,-1.1683465274364182,0.223379117269494,-5.230330129861135,1.6920759692915748e-07,1.5015983742493713e-06,ANO3
ENSG00000261340,68.09860188127148,-1.527326084894015,0.20289021538114324,-7.527844958047029,5.158459016895899e-14,3.768264270257545e-12,LINC01616
ENSG00000182255,321.88779265363706,-1.212656374580246,0.1695657607767608,-7.151540317014531,8.580950925989441e-13,4.249524682974238e-11,KCNA4
ENSG00000228061,14.7810021145591,1.239027492373104,0.21329606715453664,5.80895610923481,6.286356524989815e-09,9.00362342564779e-08,ELP4-AS1
ENSG00000135378,43.130164135935765,1.081836011708656,0.16527749515210044,6.545573616741175,5.926745381185832e-11,1.6587873167460938e-09,PRRG4
ENSG00000110427,3495.3961726046573,-1.3270582836202833,0.2286976078596474,-5.802676713762149,6.526455163317615e-09,9.298232807979615e-08,KIAA1549L
ENSG00000026508,1151.6763873647715,2.299165268430074,0.28305151524131683,8.122780287785814,4.556237000433063e-16,6.157428860585254e-14,CD44
ENSG00000135362,338.65672952175316,1.5298426498859865,0.25756876396383166,5.939550380032922,2.8580483797083236e-09,4.58256570712555e-08,PRR5L
ENSG00000052850,15.545118762026776,-1.2116925483745862,0.5144250427272442,-2.3554307192176167,0.018501246669629698,0.03620806198243641,ALX4
ENSG00000157570,90.82979044310946,1.0361563349121303,0.14535401646547974,7.128501572285126,1.0146744020787554e-12,4.872497382571079e-11,TSPAN18
ENSG00000175274,511.3601479635163,-1.1631507173905935,0.19973864955132486,-5.823363279983076,5.767499878580357e-09,8.381036689918614e-08,TP53I11
ENSG00000019505,2180.2751626718227,-1.1958939351521103,0.23974686896585248,-4.988152463932463,6.095945304570311e-07,4.517637491675295e-06,SYT13
ENSG00000254746,29.649363061562337,-1.3747000257568078,0.162055402725305,-8.482901542548499,2.1964651555925415e-17,4.566716565253944e-15,LOC105376654
ENSG00000165923,10.627315772038111,1.3846208149018309,0.4436892286142377,3.1206996375061404,0.0018042195718116808,0.004768906719569293,AGBL2
ENSG00000086205,814.7755706732074,1.7309659438546545,0.28148751494207197,6.149352464925041,7.77999159769801e-10,1.4764036211479072e-08,FOLH1
ENSG00000205035,109.05035536820823,-1.3074722612662326,0.17135416379317614,-7.6302333851913104,2.343291047126265e-14,1.91866022599342e-12,GRM5P1
ENSG00000134817,2411.331235729559,1.383592153183313,0.2681129164250495,5.160483021973669,2.4631350096893584e-07,2.0749115932022556e-06,APLNR
ENSG00000186907,200.12253085144872,-1.0843442945064818,0.22241909091405673,-4.875230314314499,1.086815797501088e-06,7.488184591668092e-06,RTN4RL2
ENSG00000110077,89.36023212912123,1.046506294835168,0.23082893791078474,4.533687605665985,5.796273668984102e-06,3.188877517219518e-05,MS4A6A
ENSG00000256196,13.994090009039724,-1.8455023063691722,0.3243251866288604,-5.690283648802958,1.2682851400142337e-08,1.6521287296000795e-07,ENSG00000256196
ENSG00000011347,1975.9180341837734,-1.14674990951926,0.19202159780533487,-5.9719839988093275,2.3438552462964344e-09,3.842785204499873e-08,SYT7
ENSG00000256443,32.13584110144618,-1.0299038460133152,0.2750882536061122,-3.743903392865306,0.00018118334029478033,0.0006425471037258189,ENSG00000256443
ENSG00000243742,33.191000883336606,-2.0366480225820953,0.2980656807909406,-6.832883333558197,8.322463884731415e-12,3.075410482404656e-10,RPLP0P2
ENSG00000124920,3275.944388123797,1.7553249018148935,0.34048786259829433,5.155322978093396,2.5319413645712116e-07,2.124360559542675e-06,MYRF
ENSG00000167995,443.7394875267667,1.2378301270707863,0.21116022350274727,5.862042133397731,4.572089680340652e-09,6.843665882282053e-08,BEST1
ENSG00000177363,18.51872449378512,-1.2363467899270355,0.33571244756967766,-3.6827552832113257,0.000230726626084781,0.0007935553109478378,LRRN4CL
ENSG00000168539,727.1091915372355,-1.0131945539665985,0.21323327325492616,-4.75157811208618,2.01835158778013e-06,1.2823106796776379e-05,CHRM1
ENSG00000197901,67.44708251731203,-1.4532271231290714,0.393811387367786,-3.6901602384897068,0.0002241128372453676,0.0007740443374739603,SLC22A6
ENSG00000149452,30.046490971924364,-5.395041144235747,0.9901523703719908,-5.448697903140788,5.073991167359981e-08,5.345206730871428e-07,SLC22A8
ENSG00000184999,90.79529830029232,-2.001714129905049,0.2757063641913416,-7.260311657208789,3.8619945001578337e-13,2.1876926929037787e-11,SLC22A10
ENSG00000149742,31.437330356289916,-1.8778472456375512,0.2915287884333024,-6.441378416619654,1.1839327161265323e-10,2.9629638874489407e-09,SLC22A9
ENSG00000176485,1765.0975224870526,1.1866238066547283,0.21150342976341774,5.610423471534504,2.0183211223685848e-08,2.4431628685357403e-07,PLAAT3
ENSG00000149798,298.2004362430166,1.1572539171132183,0.24073766574088207,4.807116134285477,1.531230493990894e-06,1.0076828155237466e-05,CDC42EP2
ENSG00000245532,4183.508356530678,1.0449907044404088,0.2583291760539775,4.045190405523763,5.228061483800824e-05,0.00021734766704792702,NEAT1
ENSG00000175463,8.3904866281686,1.071336106229462,0.29446701668752845,3.6382210757624596,0.0002745277286493713,0.0009219142041260392,TBC1D10C
ENSG00000172508,3175.839611071674,1.8099687185092346,0.36939995520560226,4.899753486710182,9.595697521777055e-07,6.7116671760451706e-06,CARNS1
ENSG00000186642,2954.939097000863,-1.035867796823001,0.18961305393484945,-5.463061615889181,4.679920689130468e-08,4.99351949791613e-07,PDE2A
ENSG00000021300,9462.8171985828,1.0117577056708014,0.16566326496425263,6.107314774274924,1.0132129055115927e-09,1.8490342355047203e-08,PLEKHB1
ENSG00000255136,28.390423975826685,-1.5846402741107057,0.2243720777809881,-7.062555598640439,1.6346787447674614e-12,7.346347233016715e-11,TPBGL-AS1
ENSG00000149269,2955.246441282679,-1.3709648670636754,0.19667741345670847,-6.970626890847559,3.1553177754583973e-12,1.3091800945542298e-10,PAK1
ENSG00000245832,24.057585011658368,1.4951521725055692,0.23724569288278574,6.302125675445952,2.935909515080586e-10,6.496772868459027e-09,MIR4300HG
ENSG00000137501,2397.9165652891675,-1.5649204230063654,0.1850693382250703,-8.45586004691497,2.770377287579569e-17,5.636079385054349e-15,SYTL2
ENSG00000215504,8.944395207611802,-1.1291422785406684,0.3180547729705276,-3.5501503970364876,0.0003850111296793027,0.001237792790744674,ENSG00000215504
ENSG00000149201,20.802936787621064,1.1133435976288117,0.29390876663484444,3.7880584862310087,0.00015182911310169446,0.0005519997732290659,CCDC81
ENSG00000134612,22.270686952472765,1.5027557719510474,0.42340382891885414,3.5492257493000903,0.0003863656930837488,0.0012418870048681013,FOLH1B
ENSG00000214376,44.74836409531206,-1.0246993156308621,0.18015299781461414,-5.6879392963825435,1.2858150946428824e-08,1.6708531312255038e-07,VSTM5
ENSG00000123901,229.8806159638252,-1.0529744783673562,0.3160306243688211,-3.3318748158358558,0.0008626305005044385,0.0025078317562298672,GPR83
ENSG00000170962,71.36272341026618,-1.50022895727166,0.2821362262928609,-5.317392158334194,1.0526503483195546e-07,1.001314459034991e-06,PDGFD
ENSG00000255403,11.460936265137281,-1.140188724901877,0.3442568125808947,-3.3120295175972774,0.0009262177271763727,0.002666875574216553,HSPD1P13
ENSG00000170290,15.86093737190065,-2.6744832379037153,0.5613614418326361,-4.764280263305087,1.8952892604040255e-06,1.2130877133573804e-05,SLN
ENSG00000185742,1172.0658378034925,-1.3353788208895137,0.2141336371698643,-6.2361936150657495,4.483461387278994e-10,9.280863178043607e-09,C11orf87
ENSG00000110777,12.697110988305,1.1838859622225901,0.41708857737441024,2.838452133297922,0.004533291814635272,0.010691405109440593,POU2AF1
ENSG00000204381,205.64963046395061,1.0329572858887996,0.19686971862259298,5.246907920201886,1.5467315402185374e-07,1.3902214128710084e-06,LAYN
ENSG00000109846,5067.840664257296,1.3935136445183678,0.2254557510180459,6.180874243508777,6.374758353555164e-10,1.2472639922364397e-08,CRYAB
ENSG00000149305,38.283402163284926,-3.1158617870501937,0.3895745944741563,-7.9981134068969535,1.2633998471553698e-15,1.4228288754868807e-13,HTR3B
ENSG00000149573,18.549190682134927,-1.1478677292652444,0.4040094507151292,-2.8411902920424907,0.004494548447253796,0.010615011437029313,MPZL2
ENSG00000019144,3363.534387440673,1.1773113792770764,0.24017782358670894,4.901832157922122,9.494694326992843e-07,6.65085585585726e-06,PHLDB1
ENSG00000248712,9.923702285281937,1.055643007837508,0.34644362978771726,3.0470844809135373,0.002310727563012808,0.005926388164864082,DRC12
ENSG00000254561,13.990301610982566,-1.1944539842175408,0.21024042737590656,-5.681371556964522,1.3361884166879775e-08,1.728003065190467e-07,ENSG00000254561
ENSG00000137699,11.574126331016554,1.6106561392425138,0.47996746282675706,3.3557610962972206,0.0007914690719878236,0.0023274160463179396,TRIM29
ENSG00000259571,9.190962924012657,1.4000118300944862,0.39580329315144486,3.537140428891794,0.00040448453821795413,0.0012920559620266238,BLID
ENSG00000154146,2873.649198600356,-1.3311641517429895,0.14423464803127575,-9.229156585554538,2.727711901678875e-20,1.0437134865096476e-17,NRGN
ENSG00000165495,334.50345983066507,-1.0746062364923272,0.15768051519168388,-6.815085777630705,9.420753777712208e-12,3.4211259400060457e-10,PKNOX2
ENSG00000255087,23.542198006132253,-3.45323007046047,0.38429954837516406,-8.98577707171628,2.5691233325745566e-19,8.370224675044122e-17,LOC101929473
ENSG00000134909,3903.694940064811,-1.0229693605266221,0.14129366152476092,-7.240023009435229,4.4860862601799575e-13,2.4673474430989765e-11,ARHGAP32
ENSG00000224795,70.13376694772094,1.1976301602563566,0.3065226258138387,3.9071509226327614,9.339082389800159e-05,0.0003595024187487671,NTM-AS1
ENSG00000255371,7.879454953518427,-1.1608921885811727,0.3843002236346556,-3.02079498575781,0.0025211199856271854,0.006391408288693957,OPCML-IT2
ENSG00000264919,19.640729502838155,-1.3893151741091825,0.20464936855935095,-6.788758665073835,1.1310245246019872e-11,4.007300375556104e-10,ENSG00000264919
ENSG00000080854,442.5988021174265,-1.0292379194835144,0.15783384564984554,-6.521021617675585,6.983011865184947e-11,1.903726001286732e-09,IGSF9B
ENSG00000166086,2073.387055100527,1.0324424804441898,0.21201668457045147,4.869628456533652,1.1180827956945146e-06,7.681236926122083e-06,JAM3
ENSG00000251226,19.609613587048646,-2.682599295716955,0.4294298579994654,-6.246885831865689,4.187168813426414e-10,8.792589783576888e-09,LINC02714
ENSG00000010379,148.9527439281091,-1.3565775314540283,0.30950146641914184,-4.3831053440531536,1.1699950185886276e-05,5.8935851309097005e-05,SLC6A13
ENSG00000139044,97.76866835110444,-1.1405515460378166,0.16389504708979127,-6.959036080040637,3.426087705582331e-12,1.406108012789972e-10,B4GALNT3
ENSG00000171840,189.06545796365353,1.7425037334922129,0.2680612162720467,6.500394789389458,8.010949937403702e-11,2.1377598422521584e-09,NINJ2
ENSG00000006831,1755.7182156553115,1.006049256210305,0.1791589825348179,5.615399473564149,1.9610864413267414e-08,2.385895651176008e-07,ADIPOR2
ENSG00000166159,290.7631017059253,-1.2562634066274634,0.2468189365818617,-5.089817758820148,3.5840779750645015e-07,2.8648396826455584e-06,LRTM2
ENSG00000235049,10.998646236309854,1.5904500031887465,0.4395175499649923,3.6186268405332767,0.00029617033137983357,0.0009844593586975493,LINC00940
ENSG00000151067,883.4010737751015,-1.0814698104396292,0.1506288526246314,-7.179698919533449,6.986510366386341e-13,3.618746021188581e-11,CACNA1C
ENSG00000250770,15.24879168739279,-1.578259831126438,0.4456880334340756,-3.541176142796053,0.0003983475489430769,0.0012752513749582088,ENSG00000250770
ENSG00000111218,189.09510550725062,-1.1777700894852972,0.24988958426160338,-4.713161986985092,2.4390215322032274e-06,1.5134892551421799e-05,PRMT8
ENSG00000010278,1171.6970723614718,1.3642511191077664,0.21247599705594136,6.420730520203569,1.3562192601116033e-10,3.328102256979447e-09,CD9
ENSG00000171860,208.43852806817722,1.281160458609141,0.18062153246175797,7.09306604338768,1.311728174664314e-12,6.143043827883371e-11,C3AR1
ENSG00000166523,9.275533220442144,1.1023682052648873,0.3000319777241601,3.6741690456687572,0.00023862471726167087,0.0008167112247812614,CLEC4E
ENSG00000197614,22.36989391066907,1.8254137711246512,0.30246754239842016,6.035073240090523,1.5889060596222155e-09,2.7230165442076374e-08,MFAP5
ENSG00000110848,27.132138926514887,2.179262032431221,0.2938400125204122,7.416491762774594,1.202633574874542e-13,7.873296621670013e-12,CD69
ENSG00000197992,55.23418976139648,1.0977210626177039,0.18729719798845204,5.8608514938135094,4.604996756277103e-09,6.87660131245168e-08,CLEC9A
ENSG00000172243,84.48815493286723,1.1120157554169356,0.19527626511666868,5.694577140506845,1.2367805915262094e-08,1.618304897537903e-07,CLEC7A
ENSG00000173391,382.81893198996653,1.1617254551134395,0.2214676873197117,5.245575411804286,1.5579531754348054e-07,1.3989783616149273e-06,OLR1
ENSG00000060140,140.6551796433098,-1.5549991257265867,0.2899106077833066,-5.3637193120193425,8.152555857347157e-08,8.058848318756959e-07,STYK1
ENSG00000013588,10.41425414062378,-1.132793038672172,0.42239758714347575,-2.6818170206246856,0.007322349864181394,0.016220449529365646,GPRC5A
ENSG00000111341,116.16091236776624,-1.235818813310424,0.3061438724126338,-4.036725620445327,5.420239800213086e-05,0.00022430213696419856,MGP
ENSG00000139144,8.939341779677784,-2.156775249489485,0.5415184846604948,-3.982828491702691,6.809990144107666e-05,0.00027338216322197545,PIK3C2G
ENSG00000084453,3633.0993183225664,1.236146849439214,0.24303305050359175,5.0863322781727796,3.6505425536752837e-07,2.9118155613632533e-06,SLCO1A2
ENSG00000134548,669.6409422318541,1.0813104749176068,0.207894074182474,5.20125683798237,1.9794533017260906e-07,1.7171598564263012e-06,SPX
ENSG00000152936,27.774853787748928,1.9949108973707883,0.260379440742452,7.661553046133186,1.8369797358627878e-14,1.5378609116161038e-12,LMNTD1
ENSG00000110975,61.353363105843485,-2.229298355317828,0.26744850934550163,-8.335430101193511,7.721698309366208e-17,1.3044154644036486e-14,SYT10
ENSG00000151229,2413.736723548153,-1.3374104245915255,0.21856775498830114,-6.118974066705817,9.417972846822326e-10,1.733346753520218e-08,SLC2A13
ENSG00000205592,14.713362324412705,-2.457607308886519,0.4679132626259205,-5.252271104893399,1.502351090085288e-07,1.3587228787960634e-06,MUC19
ENSG00000241710,5.448703367719396,1.798554884293199,0.7432325867316569,2.4199085406121523,0.015524411150572843,0.031121197178304534,ENSG00000241710
ENSG00000139219,10.293005303864673,-2.2198795145139036,0.6603897771834794,-3.3614686223362655,0.000775291648554161,0.002289451848079402,COL2A1
ENSG00000167535,758.2751423142315,-1.3677251472266732,0.2087558005902006,-6.551794696769143,5.6849664866469174e-11,1.5982104892624023e-09,CACNB3
ENSG00000181418,4771.520583953176,-1.0290559543513262,0.23680843379357877,-4.345520714217189,1.3894565848669725e-05,6.821099788708645e-05,DDN
ENSG00000257913,22.854266658957986,-1.094799117981364,0.20509354926713178,-5.338047549001173,9.395282254910476e-08,9.101830018581987e-07,DDN-AS1
ENSG00000167550,35.36343954877775,-1.5993887346459383,0.24957254500799525,-6.408512340949605,1.469463871617997e-10,3.5643918526939102e-09,RHEBL1
ENSG00000135406,8.141341107660148,1.3039747895656162,0.4020603964943337,3.243231118845084,0.0011818230105388832,0.003290184131753336,PRPH
ENSG00000178401,37.512361450954266,1.429088756242679,0.32236770542103277,4.433101493141808,9.288711259632642e-06,4.8227886123010314e-05,DNAJC22
ENSG00000086159,38.58803861807628,1.171904089161508,0.22463799072487847,5.216856175484481,1.8198545505388795e-07,1.6007274800648814e-06,AQP6
ENSG00000167588,467.84016394703366,1.7124917326065605,0.1938599064663936,8.833656034510819,1.0130885177643769e-18,2.994942930640939e-16,GPD1
ENSG00000139629,294.9496403818252,1.6634367925559312,0.2963242065990549,5.6135703918602395,1.9819392188933408e-08,2.4052783849558695e-07,GALNT6
ENSG00000186081,9.012466141497626,-1.998206352469665,0.4326406100218409,-4.618628732907875,3.862843000591608e-06,2.2384376591483378e-05,KRT5
ENSG00000167779,108.66492661744813,-1.0906418149472579,0.24251343982259121,-4.497242774442143,6.884036773119875e-06,3.721313592783658e-05,IGFBP6
ENSG00000123360,659.239033874019,-1.1554023565757374,0.16348720654597065,-7.067234072843811,1.5805223054158382e-12,7.18833702367011e-11,PDE1B
ENSG00000135426,489.54396601286714,-3.0975233652019596,0.5492010811691825,-5.64005329087792,1.6999754310363213e-08,2.113241468804678e-07,TESPA1
ENSG00000170439,45.277333026799376,1.2895835488173664,0.2905728266111498,4.438073455998389,9.076764518712944e-06,4.7305231109324984e-05,TMT1B
ENSG00000065361,1451.5668669721028,1.5050692887125625,0.26298651720038946,5.72299030663133,1.0466523916662924e-08,1.404444202150798e-07,ERBB3
ENSG00000166863,79.56237635654459,-1.348554961038105,0.23419406439824378,-5.758279845832924,8.49753982543668e-09,1.1709647013638892e-07,TAC3
ENSG00000111087,16.90590223040729,-1.3706783214789997,0.34661555729257837,-3.95446278345207,7.670681020285014e-05,0.0003036177508447541,GLI1
ENSG00000198673,820.9722284355012,-1.6412043621514667,0.28653817925786923,-5.727698718551811,1.0180215495710552e-08,1.3718637975701115e-07,TAFA2
ENSG00000156076,432.8902494948505,-1.3648685632479503,0.28560409894861505,-4.778882965168903,1.7627175614264251e-06,1.1386349014062125e-05,WIF1
ENSG00000257181,12.59131285980022,1.1225388089409107,0.29058135175707095,3.8630793137729125,0.00011196663442771741,0.0004219097238343783,ENSG00000257181
ENSG00000135678,424.99591310385364,1.1381713924102799,0.22710000309879871,5.0117629981498695,5.393360586317314e-07,4.067053897693247e-06,CPM
ENSG00000257139,11.242417756351012,1.4505138202607177,0.3866669873623038,3.751325734207555,0.00017590199443304848,0.0006260469779295104,LINC02821
ENSG00000127324,22.861214996494486,1.7455924602045945,0.3915780208285951,4.457840755491969,8.278936679290035e-06,4.3692463590562756e-05,TSPAN8
ENSG00000139292,193.35637221733245,1.3982497877461164,0.29787951056538203,4.694011297024782,2.6789922890028625e-06,1.6414033066040854e-05,LGR5
ENSG00000072657,662.609296034454,-1.474524712718122,0.2283062070629606,-6.458539746628476,1.0571809876367166e-10,2.704788094470006e-09,TRHDE
ENSG00000236333,72.99792694075538,-1.1220020100754495,0.19261944623610894,-5.8249674786216685,5.712372241386061e-09,8.313698677463405e-08,TRHDE-AS1
ENSG00000251138,28.357022510728985,1.414608880313561,0.34579187603403655,4.090925722541614,4.2965473392977595e-05,0.00018284002622472696,LINC02882
ENSG00000257183,5.554246033076656,1.9189359998366722,0.45211556029465,4.244348499277652,2.1922942074472297e-05,0.00010152853615794508,ENSG00000257183
ENSG00000166006,1687.9745503323543,-1.3609423351867866,0.19161401209714873,-7.102519905990934,1.2250237875015125e-12,5.794362514882154e-11,KCNC2
ENSG00000067715,13574.013038419713,-1.066143296589766,0.1843286278530273,-5.783926832243579,7.297669342193028e-09,1.0257942344301047e-07,SYT1
ENSG00000165899,120.26568561896347,-1.190027409405277,0.2312287276390064,-5.146537895858443,2.653378812729996e-07,2.2105648232871654e-06,OTOGL
ENSG00000139304,24.483865221749845,-1.0918279642620639,0.2601844872624935,-4.196360727534638,2.712381238184498e-05,0.0001221281604627575,PTPRQ
ENSG00000198774,27.819225358480935,1.7898695955585568,0.4110312575482032,4.354582681217747,1.3332065446853908e-05,6.59457982364643e-05,RASSF9
ENSG00000133636,49.142614372611376,6.990329165918655,0.7827890446218333,8.930029378854803,4.258956743375186e-19,1.342991026410975e-16,NTS
ENSG00000246363,22.917493368432122,-1.2703219231996814,0.27834511027905035,-4.563837754958731,5.022690022115143e-06,2.820697394432131e-05,LINC02458
ENSG00000057704,991.5105675324958,1.3265032309457427,0.22884117276213545,5.7966108761579855,6.766845277861505e-09,9.61898667596842e-08,TMCC3
ENSG00000257501,11.844516767102858,-2.795961487076404,0.4258347030233886,-6.565837559093529,5.174119737185165e-11,1.485498413164542e-09,PAFAH1B2P2
ENSG00000227825,91.3148398607715,-1.2426921182392245,0.23234846650965083,-5.3483981921938275,8.873606774094554e-08,8.654053616797369e-07,SLC9A7P1
ENSG00000257703,7.808538770415587,1.1780609530875805,0.3309516252211234,3.5596167636296268,0.0003713963778204796,0.0011987747869266602,ENSG00000257703
ENSG00000258072,11.896511142454766,-1.6875310000229011,0.3815563688644452,-4.422756734595163,9.74494443152582e-06,5.032051000121957e-05,ENSG00000258072
ENSG00000183160,313.01151428390733,1.0049740530719622,0.1351187564289432,7.43770946116176,1.0244606611294314e-13,6.947238605221807e-12,TMEM119
ENSG00000110887,22.148642848468235,3.918957805132743,0.5903275599008118,6.63861569632835,3.166427578298108e-11,9.554834095917098e-10,DAO
ENSG00000139438,471.80805451934583,1.2499093166833914,0.2574940315410656,4.854129275163622,1.209168415158792e-06,8.214530130988993e-06,FAM222A
ENSG00000139433,1050.4800283391721,1.2956030456142977,0.20907956232004063,6.1966986693376676,5.765973748276281e-10,1.1495492446510774e-08,GLTP
ENSG00000258240,35.48644054289017,-2.4780528127252515,0.5019351254370836,-4.936998203836343,7.933420143796798e-07,5.700733350574836e-06,LINC01404
ENSG00000111249,627.3583241563338,-2.627841452520255,0.5035356491448366,-5.218779359481626,1.8010616464411233e-07,1.587148875205685e-06,CUX2
ENSG00000186710,15.073339691284602,1.513542058073434,0.4864755088082269,3.1112399918781652,0.0018630345984943842,0.004909961638600606,CFAP73
ENSG00000249550,37.5599057162218,-1.0212650945603612,0.22452464499385555,-4.548565680120816,5.401278633767641e-06,3.0038857069630733e-05,LINC01234
ENSG00000139767,712.2063033664384,-1.1669477613333576,0.2105048576501459,-5.5435669008303705,2.9637136320556383e-08,3.404581780114916e-07,SRRM4
ENSG00000152137,2111.30179240444,1.1765315704684376,0.19056365712814466,6.173955664994811,6.660222449747346e-10,1.2897790045979508e-08,HSPB8
ENSG00000213144,26.3940161189362,1.6046186771074697,0.29165093242263207,5.501846552584351,3.758339949539395e-08,4.1486459653025294e-07,ENSG00000213144
ENSG00000224982,47.60998220101265,-2.035441059812304,0.2538615749630146,-8.0179170877233,1.0755336271782665e-15,1.2561170510007903e-13,TMEM233
ENSG00000122966,2166.827079601926,-1.1569165727302757,0.17266492979745965,-6.700356430731871,2.079117813961765e-11,6.69943017677298e-10,CIT
ENSG00000256008,12.038816629484339,-1.1434033330102746,0.24781245193348006,-4.613986601921023,3.950178998651489e-06,2.2813610089891994e-05,CABP1-DT
ENSG00000157782,849.2511873932923,-1.424514426035791,0.19042138895794664,-7.480853037735094,7.384171829856575e-14,5.136343052238471e-12,CABP1
ENSG00000110931,2163.299620188776,-1.7113967505217536,0.14173988817781988,-12.074207003569239,1.4455101322968302e-33,9.116350567685343e-30,CAMKK2
ENSG00000196917,9.738876768983758,-1.374606406157142,0.4070423587939592,-3.3770598476041016,0.00073265107187726,0.0021771255347758376,HCAR1
ENSG00000090975,917.0961192418127,-1.0892628137320939,0.17327539451759952,-6.286309817759254,3.251008427260232e-10,7.08629947508797e-09,PITPNM2
ENSG00000197653,65.63565663220344,1.368538790458797,0.2482439604111012,5.512878493367758,3.53011952953448e-08,3.942730903116432e-07,DNAH10
ENSG00000214043,18.289946440969793,-2.3445868327521455,0.28851536584454524,-8.126384623879725,4.4228409034885117e-16,6.020154668633284e-14,LINC02347
ENSG00000189238,24.120854171416585,-2.0502894761018102,0.3360682176519898,-6.100813371840343,1.055300673492373e-09,1.912479764604952e-08,LINC00943
ENSG00000256193,141.79860061125197,-4.851257809200084,0.7422274142369113,-6.53608006945916,6.315211520771443e-11,1.7493968078037437e-09,LINC00507
ENSG00000151952,654.3727930297529,-1.3497657526739195,0.14914745276783087,-9.049874655083926,1.431325470606755e-19,5.014940352570334e-17,TMEM132D
ENSG00000251536,8.753970512956336,-1.560704816936053,0.452685766574635,-3.4476560390787925,0.00056547366431236,0.0017338031295116509,ENSG00000251536
ENSG00000250208,23.318294865583375,1.2169562131037626,0.2361704507976136,5.1528724656016935,2.565264310099935e-07,2.150412084496711e-06,FZD10-AS1
ENSG00000204603,11.130052590870255,-1.2321075743134378,0.35852841343124836,-3.4365688412857343,0.0005891326160873665,0.0017983848170979306,LINC01257
ENSG00000182870,602.3501277070044,-1.0490362231531425,0.15705057063469047,-6.679607841688565,2.3958248477867255e-11,7.592798345079539e-10,GALNT9
ENSG00000255916,17.746289043862458,-1.0311706710838546,0.2950292601359437,-3.4951471274703785,0.0004738005011533554,0.0014858785814389995,LOC101928416
ENSG00000265624,10.043430029210212,1.1323822231954608,0.3030071639896843,3.73714670070973,0.00018612034232283657,0.0006574676767640157,ENSG00000265624
ENSG00000165474,53.445130968023236,-1.4994273977333037,0.3958436234467463,-3.787928638782342,0.00015190846374947464,0.0005521821583362267,GJB2
ENSG00000224429,5.934880228178089,1.158676613549971,0.36752858819938083,3.1526162882366036,0.0016181435550093736,0.004334599470590025,LINC00539
ENSG00000102678,107.21336597327834,-1.155018515879823,0.23170412768784746,-4.984885368273921,6.19985590045028e-07,4.578504045141269e-06,FGF9
ENSG00000262619,16.100395479999374,-1.129500102296817,0.19321717353962095,-5.8457541925754475,5.042782340768854e-09,7.465527534221183e-08,LINC00621
ENSG00000234685,14.872642681027815,-1.4908507085779636,0.2518451621023112,-5.919711524862688,3.2250680322184306e-09,5.093346174421762e-08,NUS1P2
ENSG00000102683,8.128159695465602,-2.491284833607822,0.6046920907512952,-4.119922968584795,3.789990862084538e-05,0.0001636017045645436,SGCG
ENSG00000182957,786.7511995032838,1.0580835006375464,0.1443573928550534,7.329610764721615,2.3082213779222547e-13,1.3733191342858195e-11,SPATA13
ENSG00000228741,7.758881832563924,1.4516158079859798,0.35444998857714094,4.095403737529128,4.214333110514307e-05,0.0001795433065771914,SPATA13
ENSG00000234056,11.665071882292725,1.1013806559425168,0.34854497709462606,3.1599383962532452,0.0015780250025235558,0.004238533936363668,LINC00463
ENSG00000180730,42.528398433634585,1.5854931041260252,0.26575426631515164,5.966011857908715,2.431226234464398e-09,3.979134978898479e-08,SHISA2
ENSG00000132938,232.18702685831312,-1.0336210726808572,0.2251735905015688,-4.590329933357153,4.425459134763183e-06,2.51591607060455e-05,MTUS2
ENSG00000230490,11.230384866019259,1.1609676123488706,0.3497261815202264,3.319647409016548,0.0009013120605969585,0.0026058716666403506,ENSG00000230490
ENSG00000120693,739.8022248800005,1.0601590314205036,0.12016263232544663,8.822701458047167,1.1173093781104131e-18,3.252229759053695e-16,SMAD9
ENSG00000102760,776.125528043739,1.0344917467745989,0.1646454415895662,6.283148423589008,3.3178402043472026e-10,7.2153490420975946e-09,RGCC
ENSG00000179813,30.932089010411033,1.7657608775454576,0.7336788877877127,2.4067216692984275,0.0160964321587691,0.032124946882269134,FAM216B
ENSG00000179630,411.14369964470353,1.0426747340645988,0.233400481524484,4.467320406771401,7.920545583785685e-06,4.2130087839534764e-05,LACC1
ENSG00000226519,8.799724940073535,-2.519804194902771,0.42301201862060955,-5.956814662428609,2.5720164263457754e-09,4.166314279662849e-08,SMIM2
ENSG00000215475,58.480342273833166,-1.2709918133264355,0.18085745486788896,-7.027588739733497,2.1013316728736123e-12,9.139585115119252e-11,SIAH3
ENSG00000173988,49.355368693303035,1.3751815968695,0.3082331897602711,4.461497471894736,8.138890668897468e-06,4.304943009660053e-05,LRRC63
ENSG00000102468,810.0373008501628,-2.075355425673358,0.19823854446308603,-10.468980345342525,1.1992781094814863e-25,1.7454109101069016e-22,HTR2A
ENSG00000150510,592.894893898657,1.0480805912752744,0.24894381603245963,4.2101089634563,2.552475531631036e-05,0.0001158935374573055,FAM124A
ENSG00000136110,19.895043953163732,1.3413190812772928,0.2002889935782047,6.696918574078122,2.1286014629752434e-11,6.802654345528885e-10,CNMD
ENSG00000150361,105.54615950996238,-1.308455913088823,0.26270020337898514,-4.980795204034066,6.332352552202439e-07,4.652742147093986e-06,KLHL1
ENSG00000165659,98.01265295174315,-1.32248624413547,0.17368394416648364,-7.614326416193135,2.6507014700974675e-14,2.1250538904340714e-12,ENSG00000165659
ENSG00000139737,3979.4915879457053,1.1370695352845026,0.2264419426557585,5.0214616689325,5.127973834372557e-07,3.8913560209046615e-06,SLAIN1
ENSG00000228824,52.62646216698266,-1.260351582341071,0.1741599211537781,-7.236748696206732,4.595685570673655e-13,2.513016502807675e-11,MIR4500HG
ENSG00000272515,10.489895965322123,-1.2894555718546221,0.2552552970586931,-5.051631001248629,4.3805334016493566e-07,3.3883766132136478e-06,ENSG00000272515
ENSG00000165621,22.360395484081046,-1.2986399622776503,0.5840967091944459,-2.2233303866215293,0.02619352997296865,0.048873923775992784,OXGR1
ENSG00000169508,89.35351980562575,1.0154999017075967,0.17718851920908557,5.731183409853371,9.973235407950572e-09,1.3487749386592195e-07,GPR183
ENSG00000272349,17.549901082339325,-1.4537663712512783,0.27238665181251986,-5.337142483222293,9.442283890339985e-08,9.128666898581119e-07,ENSG00000272349
ENSG00000235875,8.453315038823835,-1.0565996715604702,0.26175645753590765,-4.036575378147171,5.423710494070577e-05,0.00022439668171400683,ARHGEF7-AS2
ENSG00000153495,18.02539548412391,-1.4790958237662213,0.24116438653320652,-6.133143641267119,8.615928717088191e-10,1.612397342505525e-08,TEX29
ENSG00000225210,19.301693878768965,-1.2044468763597047,0.21842040570301652,-5.5143514292221205,3.500684817268538e-08,3.916119077346579e-07,DUXAP9
ENSG00000129538,2032.860627741399,1.2843341649364477,0.2068724186292837,6.208339291657726,5.354744359338172e-10,1.080082764165013e-08,RNASE1
ENSG00000199436,9.413048385338852,-1.3661076000270742,0.3698778651965112,-3.6934018728081477,0.00022127391810200257,0.000765776939910351,SNORD9
ENSG00000100842,637.6736313064873,1.3978905593687365,0.24339909465224696,5.7432036111964715,9.29019050292146e-09,1.2654456754159397e-07,EFS
ENSG00000166091,526.6890276231314,1.5769353238251642,0.25768634598768053,6.119592086965114,9.381520223362827e-10,1.728319012911633e-08,CMTM5
ENSG00000100906,860.9007739061565,1.0053074954610166,0.10048021464206305,10.005029338782629,1.4484875010137388e-23,1.4423886062726284e-20,NFKBIA
ENSG00000168348,29.671542863308055,-2.0288090222774127,0.2664795210175167,-7.613376872379066,2.6702570380867552e-14,2.1316988675359245e-12,INSM2
ENSG00000258342,59.70151408106964,1.9998481113148663,0.4397025769936096,4.548183740446741,5.411088321762777e-06,3.0084569805392813e-05,ENSG00000258342
ENSG00000257585,91.10220517317008,1.777911134627004,0.31613078958223084,5.623973346527007,1.8661445593797162e-08,2.288234287975647e-07,LINC00609
ENSG00000258844,31.679973063901148,1.8720589014973281,0.3674147270557799,5.095220097732003,3.483363242250598e-07,2.790229997602935e-06,ENSG00000258844
ENSG00000139865,68.72716565370986,-1.8305783580609687,0.2835942481663663,-6.454920612448696,1.0827564732205856e-10,2.757167223867225e-09,TTC6
ENSG00000139874,331.50682912817484,-1.1429321577317986,0.25878337168222604,-4.416559496470531,1.0028430693365364e-05,5.154520747581437e-05,SSTR1
ENSG00000259070,347.24483377509125,1.2045884635237294,0.2687597722631937,4.4820266566682765,7.393750531599285e-06,3.9673783340288846e-05,LINC00639
ENSG00000165379,570.5033126412746,-1.0344413169247946,0.17945032666221997,-5.764499492229554,8.190052468451187e-09,1.1335463987058995e-07,LRFN5
ENSG00000259071,23.29090466188375,-1.1143741758172903,0.19623457520084472,-5.6787860889281925,1.3565399637484774e-08,1.745968443137496e-07,ENSG00000259071
ENSG00000168229,13.695044915226381,-2.5811784620142686,0.5449640621657442,-4.736419593902018,2.1752698683997273e-06,1.3682216060546157e-05,PTGDR
ENSG00000258731,12.690486522677933,-1.042194296976145,0.2856527330700646,-3.6484660439797607,0.00026381076220107315,0.0008900320293944908,DDHD1-DT
ENSG00000258469,7.48355790425217,-1.023014055700141,0.3073992620660057,-3.327965229404085,0.0008748278450671201,0.002537660922949927,CHMP4BP1
ENSG00000126778,9.230942476062566,-1.4646242542680727,0.4065508313578484,-3.60256120833978,0.0003150971729647541,0.0010402440259105125,SIX1
ENSG00000182107,20.42019728785334,-1.174495119257786,0.3741066370643707,-3.139466138516266,0.0016925597446118702,0.004508409174722876,CDC50B
ENSG00000258926,7.0914195156457165,1.7163151395040817,0.41175207375522116,4.168321786095967,3.068505380703539e-05,0.00013615413180795253,PRKCH-AS2
ENSG00000139973,685.7264081221168,-1.0591011216820974,0.15050763001938924,-7.036860002018887,1.966202247370143e-12,8.631217290079607e-11,SYT16
ENSG00000259796,303.0505287102572,-1.1180207373343325,0.16477007278876807,-6.785338614055313,1.1581455014947414e-11,4.072883436483366e-10,ENSG00000259796
ENSG00000140015,257.9360286353984,-1.5537574312923994,0.2557596577276222,-6.07506846504742,1.2393483238262224e-09,2.199668882438286e-08,KCNH5
ENSG00000179841,1014.5107318604156,-1.4586583288963415,0.2726259672369003,-5.350401297719486,8.775940731382431e-08,8.566899081656408e-07,AKAP5
ENSG00000126803,3361.202460353163,1.6446051988986454,0.24286460238495594,6.771695762776663,1.2728158253578088e-11,4.426778569075321e-10,HSPA2
ENSG00000126822,1596.956141774902,1.376471988761095,0.26155137234981035,5.262721339959709,1.4193862645850712e-07,1.2941837562105057e-06,PLEKHG3
ENSG00000054690,4152.98061350449,1.5923490107516465,0.3430612616173329,4.641587928770079,3.457418360800688e-06,2.037195745448428e-05,PLEKHH1
ENSG00000198732,722.1486618499995,1.2222299255745588,0.15596335160169778,7.836648244748633,4.6273196890751005e-15,4.3556660953881043e-13,SMOC1
ENSG00000258517,6.652544155740005,-2.3786497604928294,0.4959475057851666,-4.796172443144028,1.617260699867525e-06,1.057258951941629e-05,ENSG00000258517
ENSG00000269945,24.635270810897683,-1.9961891394404463,0.31559565390996974,-6.32514774747152,2.529903984274849e-10,5.7119073248782985e-09,ENSG00000269945
ENSG00000182732,281.6569266854994,-1.4929302598885328,0.22783746631340746,-6.55261087671549,5.6539709030722315e-11,1.5918620459245032e-09,RGS6
ENSG00000119608,6.115097962091779,1.3781714367680578,0.36729329583539344,3.752236842857324,0.00017526376673411272,0.0006244803138624129,PROX2
ENSG00000170345,1778.4608002812213,2.3230838156134905,0.37339428449878365,6.221530194903286,4.923293829718269e-10,1.0059256939337975e-08,FOS
ENSG00000119699,563.4684040340951,1.0656450294268829,0.2110200981219748,5.04996935794672,4.4188093969295305e-07,3.416586587245881e-06,TGFB3
ENSG00000269883,35.517779175949926,-1.0024561730270636,0.1764591771950374,-5.680952325415557,1.3394681339905986e-08,1.7309694792767636e-07,ENSG00000269883
ENSG00000165553,99.67919758831076,-2.195717889026348,0.21608150887304461,-10.161526085586566,2.9443127526210942e-24,3.2768468987994767e-21,NGB
ENSG00000205562,63.69230236081403,-1.1509018478265851,0.25794318181533665,-4.461842486887378,8.125794727167148e-06,4.301623845495312e-05,FLRT2-AS1
ENSG00000258859,7.640385866950604,-1.9263322816947241,0.38398832515360276,-5.016642839138805,5.258218673472143e-07,3.977828760579486e-06,LINC02296
ENSG00000119714,54.685187916140876,-1.710826750790501,0.3077052549395469,-5.559952985289827,2.6984733243463683e-08,3.1322156623701407e-07,GPR68
ENSG00000100599,121.19482464647886,1.0927131858117582,0.17583694518010695,6.214354922354398,5.153592327804699e-10,1.0450800304615745e-08,RIN3
ENSG00000175785,143.98844210376816,1.7836103992388967,0.2935139477635382,6.076748354990666,1.2264399596711678e-09,2.178802256993286e-08,PRIMA1
ENSG00000100628,29.607220698338462,-2.6125502669632135,0.24716503308992635,-10.570064196793915,4.102137333958121e-26,7.761243835848765e-23,ASB2
ENSG00000119698,916.9967123022954,-1.044477793146643,0.2233622242364141,-4.6761613192082665,2.9229470309249495e-06,1.7679717974776228e-05,PPP4R4
ENSG00000197249,117.94084777748992,1.012513211335226,0.2144665344346058,4.721077878208345,2.3459808587857542e-06,1.4643917532157716e-05,SERPINA1
ENSG00000188488,14.825648699651074,2.6151117528802277,0.4995661968963119,5.234765220559971,1.6519470843375574e-07,1.470197578200742e-06,SERPINA5
ENSG00000273259,7.169968487474459,2.936520721599615,0.655652076059692,4.478778957350952,7.507122001871512e-06,4.01454913158307e-05,ENSG00000273259
ENSG00000196136,9.338129474102749,3.8478561752798037,0.6032655440441347,6.378378830464575,1.789723618899913e-10,4.222141006182837e-09,SERPINA3
ENSG00000165959,1403.6502555150764,1.1493769644823808,0.2588637565172934,4.440084544649636,8.9923543931966e-06,4.694683916094914e-05,CLMN
ENSG00000229645,90.01245391794279,1.0722066793454639,0.19650914218826143,5.456268687582275,4.862439841158361e-08,5.154526704308554e-07,ENSG00000229645
ENSG00000176438,206.17742919985594,1.1111870140410933,0.2128416927295068,5.220720620058509,1.7822824255740885e-07,1.5720644984550936e-06,SYNE3
ENSG00000202048,12.645667810028788,-1.0726061852871032,0.2140674697652831,-5.010598697986085,5.426096053156061e-07,4.086801234245293e-06,SNORD114-20
ENSG00000239224,8.555862362063394,1.3919655968726832,0.3891097159633621,3.5773087634844574,0.00034715002378996973,0.0011312570530668665,RN7SL546P
ENSG00000153666,13.951268896282818,-1.8584053507189529,0.26624541275486985,-6.980046459729891,2.9508246429438574e-12,1.2324415506511652e-10,ENSG00000153666
ENSG00000261739,10.202917057535092,-1.353712290383911,0.4123003958399833,-3.283315524415107,0.0010259376679227958,0.002910156023553118,GOLGA8S
ENSG00000207063,29.486551178176146,-1.2251292969392167,0.3728742678427089,-3.2856364801660654,0.001017522347698778,0.002887150992570618,SNORD116-1
ENSG00000207001,26.482967051981994,-1.0107218168699441,0.403459924603022,-2.5051355915074534,0.012240445864346411,0.02527705030028654,SNORD116-2
ENSG00000207442,21.682321003946235,-1.056002237705414,0.3043489203811668,-3.469709162703373,0.0005210222116361436,0.0016146994666921927,SNORD116-6
ENSG00000207174,66.4197527237004,-1.2520850603860956,0.49267778638018517,-2.54138728190984,0.0110413541585946,0.023141954212984362,SNORD116-15
ENSG00000207263,54.19927696881382,-1.1709128060048153,0.41675364883844473,-2.8096042092692555,0.004960245799785491,0.011564738204798704,SNORD116-16
ENSG00000207375,18.80845796489836,-1.6935754904877613,0.41819945489578014,-4.049683639376859,5.128691856826496e-05,0.000213686082209111,SNORD116-23
ENSG00000207279,44.7460626071465,-1.401213804037834,0.38646075751164816,-3.625759606382805,0.0002881132867209044,0.0009619028383200125,SNORD116-24
ENSG00000270523,23.743405033013637,-1.195136411220435,0.3361617807886878,-3.5552417898800375,0.0003776316498757785,0.001215927640512207,ENSG00000270523
ENSG00000200503,42.56213848510487,-1.2333551796700695,0.30040960967522806,-4.105578316896873,4.033046115718143e-05,0.00017279264608104,SNORD115-5
ENSG00000201331,15.535128962958728,-1.8799987940604281,0.48027900566394277,-3.9143888695727975,9.063346822244667e-05,0.00035017055723273247,SNORD115-23
ENSG00000199704,21.25768271285412,-1.1448275092768376,0.24006738226006863,-4.768775743289559,1.853488466365564e-06,1.1899559478668635e-05,SNORD115-29
ENSG00000200949,25.82600389555868,-1.0887343559337745,0.3953817753011456,-2.753628072777334,0.005893870477512749,0.013446906552811973,SNORD115-32
ENSG00000200593,19.6780090875745,-2.2132095346029788,0.47437464037571564,-4.665530882616461,3.0782125743705025e-06,1.850056604418358e-05,SNORD115-33
ENSG00000201907,8.52103375251382,-1.1156916913597874,0.2594356714470162,-4.300456005671688,1.7044700840274217e-05,8.157999997419382e-05,SNORD115-38
ENSG00000206187,10.969901259497034,-1.6690841993581313,0.3472545734283677,-4.8065146640968095,1.5358422287565208e-06,1.0103663062612438e-05,LINC02346
ENSG00000175344,37.94772024801641,-1.1325545576525513,0.29558261587712326,-3.8316006991539915,0.00012731224591740493,0.0004734173924444381,CHRNA7
ENSG00000166923,474.58552094140157,1.1581044813045158,0.303507211646244,3.815739583329429,0.00013577564256323383,0.0005007553912858448,GREM1
ENSG00000248905,1082.3218266146746,-1.393887289100228,0.17108142760015635,-8.147507936150483,3.715005167811649e-16,5.168227777573265e-14,FMN1
ENSG00000184984,40.32011139564852,1.424381025963911,0.29920856394183143,4.760495512557663,1.931182285139927e-06,1.2314785586399536e-05,CHRM5
ENSG00000159248,46.90123606975265,-1.2845501018524,0.2164827378923556,-5.933729933197411,2.9612878951269764e-09,4.7161251663133325e-08,GJD2
ENSG00000250007,13.451923864403804,-1.4745760442252382,0.29518439297030247,-4.99544040722231,5.870164918939744e-07,4.379476351196371e-06,GJD2-DT
ENSG00000137825,472.7335945470965,-1.7111735364914458,0.28151101801230605,-6.078531307846157,1.2128830388096058e-09,2.160804811137264e-08,ITPKA
ENSG00000062524,19.919464341975726,-2.0893501331725663,0.39762105498173894,-5.2546265017794935,1.483251678554273e-07,1.3427330984807103e-06,LTK
ENSG00000092529,126.22998613134942,1.2693576545617657,0.32948547012174295,3.8525451641091957,0.0001168964067630922,0.00043873834873193904,CAPN3
ENSG00000223572,101.07214762790412,-1.0363148225389218,0.1717772150426904,-6.032900360396313,1.6104272152322575e-09,2.7524194139290255e-08,CKMT1A
ENSG00000184716,6.627868659502643,1.3171211370511209,0.40781364519593843,3.2297132589035757,0.0012391442782475647,0.003426071860944604,SERINC4
ENSG00000140254,10.24933468267669,1.5117418364347583,0.41863724768126526,3.6111020813555084,0.0003048986143363872,0.001009569790557306,DUOXA1
ENSG00000137857,32.59387455662902,1.6530622543919604,0.3425289956789062,4.826050568698643,1.3926716095327884e-06,9.295332265704886e-06,DUOX1
ENSG00000259433,7.929919377691518,1.2398660559358028,0.41059398674409875,3.0196887825065613,0.0025303454495537218,0.0064105698855860226,ENSG00000259433
ENSG00000259255,20.17383468701774,3.0054928644903356,0.4541613897471955,6.6176758578339605,3.648900196422098e-11,1.0803942365619107e-09,ENSG00000259255
ENSG00000140285,8.335818710538295,1.646128515987337,0.43607625311051484,3.774863924016881,0.00016009503085780835,0.0005783841863337281,FGF7
ENSG00000241175,26.05205631012992,1.6343373398645922,0.4139020779909012,3.948608684927936,7.86067258406751e-05,0.00030977697415237926,RN7SL494P
ENSG00000186417,1660.5767946482633,1.5660811501349936,0.30098617131677063,5.20316645540098,1.9592123438837924e-07,1.7019420361010722e-06,GLDN
ENSG00000259194,10.443477086939792,1.2983580555830345,0.4955684610717501,2.6199368151377445,0.0087946060055239,0.019049106539726638,ENSG00000259194
ENSG00000137766,2546.9117164038353,-1.3528571260772773,0.1905712381401103,-7.0989575304256585,1.257014266879462e-12,5.91609699735309e-11,UNC13C
ENSG00000157483,666.2647518965911,1.341776143815732,0.268008155751755,5.006475045701834,5.543584477488151e-07,4.1604370612485445e-06,MYO1E
ENSG00000245534,8.082123524750916,1.0874262553806875,0.35023467176305306,3.1048503847625124,0.0019037529543202481,0.005003416253151209,RORA-AS1
ENSG00000157734,549.0209210291921,1.0256991852914663,0.18380090424841244,5.58049041970546,2.3984136346377824e-08,2.8414518451688694e-07,SNX22
ENSG00000103710,379.8947747747988,1.9319710652056925,0.22705112373535677,8.508969404870832,1.7548613128167064e-17,3.772951822555918e-15,RASL12
ENSG00000137809,32.83693456475962,-1.1922015563116928,0.2883376537540469,-4.134741130024749,3.5535496881844214e-05,0.00015484375886791628,ITGA11
ENSG00000259744,7.163869739379761,1.3133061018876326,0.5197702868242201,2.5267048447726608,0.011513822112832323,0.023990542904689934,ENSG00000259744
ENSG00000259964,36.06320901323476,-2.1030426305622485,0.23927003327608462,-8.78941086674079,1.5034627464754169e-18,4.183163994605131e-16,THSD4-AS1
ENSG00000167178,278.8911531578902,-1.5726067881086083,0.16350547977674415,-9.618067787427664,6.707934040162188e-22,3.8458821830263217e-19,ISLR2
ENSG00000248540,22.118047670950634,-1.3735203144471666,0.21756049092541124,-6.313280084103443,2.7318242947257346e-10,6.10269255080628e-09,LOC283731
ENSG00000129009,214.25427636764587,-1.562058997062452,0.25332775275399955,-6.166158188673982,6.996908999612365e-10,1.3439748047986392e-08,ISLR
ENSG00000137868,18.766372904128495,-1.4398576742672897,0.3284313998036133,-4.384043898142071,1.1649628211245658e-05,5.877283059628557e-05,STRA6
ENSG00000243365,6.356964557700898,2.20531009683495,0.7484043050699276,2.946682804862935,0.0032120250005832148,0.007911927224454423,RN7SL278P
ENSG00000166426,61.08111503664396,-2.6395673748867314,0.43927123791621925,-6.008969281503852,1.8670649333230556e-09,3.137199692581902e-08,CRABP1
ENSG00000140379,9.086458662818762,1.813716197323692,0.44380305241766094,4.086759177169453,4.3744076581077424e-05,0.0001856106590971036,BCL2A1
ENSG00000103888,538.49677961073,-1.3941376409791402,0.30338258672479274,-4.595311998719964,4.321022313215918e-06,2.463946418506485e-05,CEMIP
ENSG00000259343,7.7023752974620425,-1.1089729130620385,0.28080312939441815,-3.949289722851938,7.838343340251761e-05,0.0003089925569346762,LOC105370921
ENSG00000197696,107.23093794759643,1.5745480613305596,0.18714417929091293,8.413556153851557,3.9776371909728525e-17,7.167323395543464e-15,NMB
ENSG00000166819,160.4326366667461,1.5165625313481848,0.2280020770502318,6.651529455207842,2.900627861080021e-11,8.909071287602921e-10,PLIN1
ENSG00000140527,7.24064896738633,1.465016483764976,0.3547907164463826,4.129241312846965,3.639622492011574e-05,0.00015815722909705784,WDR93
ENSG00000242620,20.093830543395644,1.4313077451559426,0.32401686802243407,4.417386520311784,9.990148965672079e-06,5.139032583755186e-05,ENSG00000242620
ENSG00000185518,6468.5608509251715,-1.2063177310699371,0.17117778426233932,-7.047162902992069,1.826025022150051e-12,8.090958646154325e-11,SV2B
ENSG00000176463,674.0197575737385,1.013515146241873,0.1857918454336324,5.4551110350207255,4.89422531433579e-08,5.177088302272879e-07,SLCO3A1
ENSG00000258754,28.122504290581297,3.0474476430625357,0.2969110220923329,10.263841408066169,1.0254446951404355e-24,1.212588352003565e-21,LINC01579
ENSG00000251209,7.9787761528299725,-1.2032803923739097,0.3565588366791331,-3.3747036073508974,0.000738952301849493,0.0021930945178027304,LINC00923
ENSG00000140450,1852.4847368379776,1.6088655244395225,0.22530696629893088,7.140771325751754,9.280863959451644e-13,4.5373112690652476e-11,ARRDC4
ENSG00000182397,22.351297991946446,1.3911617602198292,0.28552710043673235,4.8722582132902845,1.1032983949402377e-06,7.590692957188835e-06,DNM1P46
ENSG00000272808,18.324725627693677,1.6158255306088223,0.3600374788429446,4.487937022005637,7.1916179909323725e-06,3.867692222525312e-05,GCAWKR
ENSG00000259583,107.83965360033226,-1.625153080108251,0.26140933961511525,-6.216889888100544,5.071053498880334e-10,1.0316594860087734e-08,ALDH1A3-AS1
ENSG00000140479,1116.280571939486,1.7595016372212584,0.2873346651023014,6.12352719987619,9.15262223197243e-10,1.687793495408561e-08,PCSK6
ENSG00000259660,28.118839957791796,1.137868460361078,0.2550600242129361,4.461179143506754,8.150991544028073e-06,4.3101386252937715e-05,DNM1P47
ENSG00000206172,176.56029674521508,1.084704968221053,0.2937842703038529,3.692181909872754,0.00022233833720915346,0.0007690386361969256,HBA1
ENSG00000086506,14.051604451918825,-1.0697858952875305,0.2935956610758525,-3.6437387779077013,0.000268706137858037,0.0009049341630961304,HBQ1
ENSG00000228201,6.138562843713473,1.0764397418132918,0.314745298631011,3.4200343785762053,0.0006261322234704734,0.0019005970909772754,ENSG00000228201
ENSG00000127585,5327.694004018328,-1.0196754452410126,0.18274305405780797,-5.579831477033617,2.407517263324256e-08,2.849058010104036e-07,FBXL16
ENSG00000260439,8.168449995772765,2.2698862653677545,0.5200878181265465,4.364428825778518,1.2745533761439696e-05,6.339261271462646e-05,LMF1-AS1
ENSG00000005513,1463.6951300505134,1.2438151360808665,0.23354340983664634,5.325841294133978,1.0048684232101462e-07,9.606928027860518e-07,SOX8
ENSG00000206053,327.8076216286758,1.1771489945109985,0.23748390504343037,4.9567527293932825,7.168110835409435e-07,5.216179115613328e-06,JPT2
ENSG00000162073,995.1450277963777,1.1604775237502443,0.17527141384499265,6.621031338153938,3.567013326910748e-11,1.0611303796407446e-09,PAQR4
ENSG00000006327,16.891888112103352,1.284706386162144,0.3131917467441394,4.101980334787299,4.09629094934274e-05,0.0001753038334348895,TNFRSF12A
ENSG00000166246,16.08820147072627,1.2026405682067831,0.2741574468205911,4.386678465800683,1.1509473453876308e-05,5.811562256400847e-05,DNAAF8
ENSG00000078328,1773.8385378922594,-1.171655072069208,0.16484547199773447,-7.107596331704582,1.1808131745555977e-12,5.599244426714764e-11,RBFOX1
ENSG00000261617,58.046991964084825,1.349901732729001,0.25426397140424745,5.309056274366251,1.1019430935905728e-07,1.0393202059189252e-06,LINC02177
ENSG00000266439,17.26687873588758,1.211852607943917,0.39029569488296423,3.1049602233181393,0.0019030461477269828,0.0050028669049596375,RN7SL493P
ENSG00000179583,163.83697662806782,1.2873365730676223,0.2264728452998884,5.684286658574765,1.3135978635810461e-08,1.701163482637197e-07,CIITA
ENSG00000262222,6.292128489269538,1.2228595704191276,0.3664677158437446,3.336882125083383,0.0008472387251455458,0.0024695357694890967,ENSG00000262222
ENSG00000189067,731.5580621743018,1.2825696054056055,0.19744322893807775,6.495890551951243,8.25436523843657e-11,2.1903589103957912e-09,LITAF
ENSG00000186260,3479.5456905301075,-1.1392437906325348,0.16504484870543154,-6.902631615397051,5.104788791107736e-12,2.0037884632315016e-10,MRTFB
ENSG00000262470,6.988526223587387,-1.0280016919010706,0.42114178454087253,-2.4409871678294635,0.014647175217170188,0.029582040468494875,TVP23CP2
ENSG00000262454,23.645662997600166,-1.1072814119796002,0.22533511754202368,-4.9139318542885295,8.92677885309533e-07,6.309101826692703e-06,MIR193BHG
ENSG00000072864,342.38017487279524,1.30991309770713,0.2621371368313286,4.997052739421617,5.821315197067112e-07,4.348175425523481e-06,NDE1
ENSG00000263335,24.43606271934355,1.3986961742565807,0.350771064171101,3.987490181271957,6.677596707555429e-05,0.0002689232220241565,ENSG00000263335
ENSG00000170537,371.7413897495648,1.2540839154308416,0.2547676502038626,4.9224613659832235,8.546244005646855e-07,6.0787570145428e-06,TMC7
ENSG00000188477,19.562461264796124,-1.3573088916243425,0.3265589809065283,-4.15639737684277,3.2330529470165916e-05,0.00014258592484278304,ENSG00000188477
ENSG00000183549,147.63099070266244,1.2147103880236867,0.1683494559622185,7.215410237478259,5.37716209601445e-13,2.859255227001131e-11,ACSM5
ENSG00000158486,21.086622824480393,1.8561527190537426,0.5463713540026097,3.3972365232106894,0.000680701035943601,0.002042318997788286,DNAH3
ENSG00000166501,7235.319913320192,-1.2256691519539524,0.17319958594710855,-7.076628649263895,1.4770363452540054e-12,6.799398455524521e-11,PRKCB
ENSG00000158865,328.45949232497145,1.929048219287664,0.36752566730200303,5.2487442127478054,1.5313953189550552e-07,1.3810295250061796e-06,SLC5A11
ENSG00000261329,75.2690747312749,1.2697262298680463,0.3238847690799334,3.920302376289523,8.843793383746613e-05,0.0003427377526023882,LOC100128079
ENSG00000176046,207.50535437360563,1.1479033106602177,0.18344423917729613,6.2575053640729825,3.911842050518843e-10,8.321836299156909e-09,NUPR1
ENSG00000167371,750.1716874492434,-1.0073484184921,0.14772998377809698,-6.818848772130261,9.177294369369768e-12,3.3391232590091545e-10,PRRT2
ENSG00000149927,713.8129225117294,-1.5421858404019666,0.21342270293763874,-7.225969023794939,4.975411548733314e-13,2.6819027493457068e-11,DOC2A
ENSG00000005844,70.93202464369904,1.0237334345702893,0.18859375450271548,5.428246747988407,5.691032550902736e-08,5.893504973348647e-07,ITGAL
ENSG00000099365,2555.214575852082,-1.0040442816254758,0.15582697407092094,-6.443327848800483,1.1688183273611365e-10,2.9367918663575966e-09,STX1B
ENSG00000260911,7.470018671890216,1.2709483035272424,0.3670256408990317,3.4628324615524035,0.0005345211090832564,0.0016519339078495934,ENSG00000260911
ENSG00000169900,29.021939892420146,-1.4242484074434485,0.307051960986379,-4.638460548723312,3.5101391949240093e-06,2.0663296069683342e-05,PYDC1
ENSG00000140678,264.3005565505537,1.1743556510750857,0.19757177050357844,5.943944562939551,2.7824373494614526e-09,4.476506347943086e-08,ITGAX
ENSG00000205456,6.020636882364596,-1.328287030981172,0.3200455036648544,-4.150306802535583,3.3202992178727305e-05,0.00014595739126894067,TP53TG3D
ENSG00000171208,471.21040999206497,-1.056013523296947,0.1469753281505401,-7.184971359378905,6.722127674378439e-13,3.4940289999791224e-11,NETO2
ENSG00000140798,38.6343722033075,-1.2621782231848169,0.29026346221037724,-4.3483882317575855,1.3714167865367817e-05,6.753567309025483e-05,ABCC12
ENSG00000102924,53.57372210407463,-1.1509740352568731,0.3062093716610617,-3.758781218919936,0.00017074305549908252,0.0006110230028688342,CBLN1
ENSG00000260249,6.2819790193471325,1.224963119080056,0.43481798310244135,2.8171859644348234,0.00484464657425436,0.011331204529551116,ENSG00000260249
ENSG00000167208,15.98493452201883,1.0274576871044263,0.20131148219299133,5.103820586445403,3.328638677882718e-07,2.683333778676652e-06,SNX20
ENSG00000177508,12.14749492320198,3.2996115780459356,0.6320104174409698,5.22081833936562,1.7813421373172898e-07,1.5719679681923097e-06,IRX3
ENSG00000245694,9.035536996891626,2.5078761122142175,0.5019194040251311,4.996571346121235,5.835859052009498e-07,4.355599734280856e-06,LOC101927480
ENSG00000087253,539.4648644482857,1.099591154708561,0.14172922420108583,7.758393943852101,8.60116266102539e-15,7.712511732066368e-13,LPCAT2
ENSG00000198848,31.820462599809336,-1.0333246484393719,0.41824047959305066,-2.470647148847955,0.013486881958554997,0.027508819173766765,CES1
ENSG00000205362,6.175930982440974,1.3781534694415039,0.3629190479586567,3.7974128864090417,0.00014621413564154312,0.0005342548177555032,MT1A
ENSG00000187193,105.28275543269942,1.1972240854744647,0.17081062581281625,7.009072648597688,2.3990287045849626e-12,1.033932188855296e-10,MT1X
ENSG00000260946,9.023757561715417,1.166857689104477,0.3911435786180103,2.983195309577169,0.002852558992645503,0.007129513360746752,ENSG00000260946
ENSG00000102934,1648.6177923341675,1.424912637943512,0.23458082958635454,6.074292773438117,1.245353386083204e-09,2.2082554887248566e-08,PLLP
ENSG00000159625,16.959532144379544,1.093348887757513,0.35156384582054223,3.1099582643535517,0.0018711378050053423,0.004929257486870103,DRC7
ENSG00000070729,160.82873733229377,-1.172423571682673,0.4469637346857184,-2.623084337048195,0.008713769962086762,0.018893482429828277,CNGB1
ENSG00000181938,48.08599638127042,1.2271204052413829,0.1731224640459129,7.088163930684033,1.3590293399673755e-12,6.348848175847591e-11,GINS3
ENSG00000259846,7.226216369724925,1.2439096315773832,0.3813117416183487,3.26218549236913,0.0011055677528701209,0.0031053060992135817,ENSG00000259846
ENSG00000246898,12.651409385571204,1.0823022604767538,0.27252967729092525,3.971318908220762,7.147582230668854e-05,0.00028554108066776755,LINC00920
ENSG00000140931,112.02762595181044,1.000738314222207,0.15721184611305158,6.365540122864359,1.9460369302861705e-10,4.534361911454968e-09,CMTM3
ENSG00000166592,51.15846723275211,1.4532003283925332,0.2412814584859186,6.022842938332716,1.713797337777835e-09,2.8997951830546123e-08,RRAD
ENSG00000237172,223.82801514010308,1.1116821230990044,0.13742595578071476,8.089317020089512,6.000021756186292e-16,7.72247698143161e-14,B3GNT9
ENSG00000159713,1439.3443053886044,1.4205259873352012,0.21311834344420047,6.665432756177223,2.6388661342614085e-11,8.252454092599314e-10,TPPP3
ENSG00000261777,11.37019044153394,1.2550935955745963,0.33419736963312935,3.7555460025086247,0.00017296398603900567,0.0006175345746599733,DDX19A-DT
ENSG00000172137,297.224180235673,-1.1339927140592345,0.3095720806883364,-3.6630974974803645,0.0002491836384100673,0.0008473318545504086,CALB2
ENSG00000103089,816.7855544334092,1.808266665136736,0.2960017330236522,6.108973236964952,1.0027413966039798e-09,1.8330306496374202e-08,FA2H
ENSG00000183196,412.7065426048944,1.7027161109661348,0.27260108055634824,6.246182544438497,4.206055855195681e-10,8.82245862309338e-09,CHST6
ENSG00000140873,122.03076612112083,1.0647218420195137,0.32343849524460894,3.291883488433526,0.0009951883195315479,0.0028335534997045724,ADAMTS18
ENSG00000135697,12.992784014302396,1.1800166801177794,0.2689500882622729,4.387493187832899,1.1466458389212594e-05,5.791387953120722e-05,BCO1
ENSG00000140945,1060.592804840248,-1.3299819737179528,0.17669192271783699,-7.5271237827992215,5.187019314934803e-14,3.77455405532948e-12,CDH13
ENSG00000260788,61.69245843647212,2.3671590483075162,0.38445759737280133,6.157139472554437,7.40706135287618e-10,1.4127177499638845e-08,CEDORA
ENSG00000260523,10.144350506247255,-1.492608277032136,0.30922288283395544,-4.8269657903475,1.3862892339522844e-06,9.264780044640488e-06,ENSG00000260523
ENSG00000103154,728.0199483192808,-1.7495477173401104,0.2723112966856963,-6.424807705864113,1.3203631897632756e-10,3.257010632375642e-09,NECAB2
ENSG00000166558,10.87309153810267,-1.8033115137781826,0.3193229430327842,-5.64729704872174,1.6299007012617037e-08,2.0395318298856768e-07,SLC38A8
ENSG00000140955,84.14139938244487,-1.133269137465849,0.3820497260783252,-2.9662870043087373,0.0030141906270187953,0.007485035656017274,ADAD2
ENSG00000135709,6362.434977309035,-1.0107002611706422,0.16746559203196915,-6.035271179632527,1.5869595669908807e-09,2.722146419534675e-08,KIAA0513
ENSG00000263968,35.79864118680207,1.4001063905925437,0.3574091177011592,3.917377373017148,8.951755657428916e-05,0.0003464250706454389,RN7SL381P
ENSG00000269935,46.47903845345771,-1.1231578552375316,0.24120059015375608,-4.656530295060894,3.2158297781108643e-06,1.9181431085074892e-05,LOC124903750
ENSG00000260166,29.123678803997,-1.5918841802559816,0.26229068351538837,-6.069160211565757,1.2858082740719697e-09,2.267240684570519e-08,ENSG00000260166
ENSG00000185669,18.411763054743822,1.1057447751277758,0.20658212531604278,5.352567524591663,8.671492769040014e-08,8.474413387925469e-07,SNAI3
ENSG00000205018,7.315012280362466,-1.2199595236868193,0.2887999821055319,-4.224236839602807,2.397518179285947e-05,0.00010972676330936168,ENSG00000205018
ENSG00000132386,405.31422207307077,-1.2408235690877547,0.16372166316093045,-7.578860030685648,3.486043445210746e-14,2.681135852983224e-12,SERPINF1
ENSG00000185924,292.63058084915167,-1.037822720374033,0.21082000305552726,-4.922790557500769,8.531875112868293e-07,6.070818997196995e-06,RTN4RL1
ENSG00000108381,1125.804086604161,1.3936393061227064,0.2754178883273558,5.060090012985127,4.1905860107763253e-07,3.2668268365837693e-06,ASPA
ENSG00000257950,7.994168275962392,-1.2441922628925992,0.32696646386627704,-3.805259561425387,0.00014165556205302635,0.0005199075138784206,P2RX5-TAX1BP3
ENSG00000004660,1223.1027414719413,-1.2813671542362952,0.16820820211238502,-7.617744783813661,2.581460571625939e-14,2.0783503836239477e-12,CAMKK1
ENSG00000108405,10.137708717978763,1.550876097603769,0.3525346476405664,4.399216099703752,1.0864260149680748e-05,5.530045790475107e-05,P2RX1
ENSG00000091622,2118.64942638381,-1.3570924327577736,0.25603565562886993,-5.300404076238947,1.1554666167713504e-07,1.0833215257340908e-06,PITPNM3
ENSG00000141485,106.35005496565121,-1.2056970092955608,0.2994012472451422,-4.027027343370973,5.648646581082555e-05,0.00023258409861606514,SLC13A5
ENSG00000167858,33.8008402980179,1.7086168356542777,0.41672227100931564,4.100133241057525,4.12912336859642e-05,0.0001764694242914937,TEKT1
ENSG00000179593,7.301295670009319,2.3953928059666914,0.5832908550177944,4.106686716172868,4.0137502727329274e-05,0.00017208283516906183,ALOX15B
ENSG00000179148,10.033471018651614,-1.457462862007751,0.3816439263773167,-3.8189075242004855,0.00013404399751113882,0.000495237733433069,ALOXE3
ENSG00000154914,123.9892461212472,-1.3751323337892551,0.13963057457266775,-9.848361205973532,6.967066989253315e-23,5.492371143194696e-20,USP43
ENSG00000065325,116.12655826040216,-2.2447522988700395,0.3280436665525299,-6.842846022483977,7.763508690255968e-12,2.885767866790627e-10,GLP2R
ENSG00000233670,184.2081656191044,2.2794281579144817,0.28354934866467224,8.038911634426471,9.06399123234968e-16,1.0785579504154461e-13,PIRT
ENSG00000109099,1950.2078124825855,1.1987122551114815,0.19141213962566625,6.262467247143961,3.7893348511984846e-10,8.11020536025739e-09,PMP22
ENSG00000239888,9.690173338835127,1.1466542225530107,0.3694420735963751,3.1037456329507283,0.0019108754060247035,0.005019264567817213,RN7SL792P
ENSG00000091536,47.88673588955381,-1.0912669676974518,0.15535856110551102,-7.024183024946549,2.1532240426153264e-12,9.343807084009628e-11,MYO15A
ENSG00000131899,2400.1920753778604,1.1354765430920877,0.17544775352195832,6.471878495440388,9.679194424045884e-11,2.5155269025130237e-09,LLGL1
ENSG00000263934,219.07910847635335,-1.0031623808175312,0.21786708563337126,-4.604469637536998,4.135183398246033e-06,2.3701202633994232e-05,SNORD3A
ENSG00000180638,59.440238540150105,4.259989443715521,0.6289494251874004,6.773182823795768,1.2597958659998468e-11,4.3895649695611604e-10,SLC47A2
ENSG00000184185,140.90773889474994,-1.3253707115088558,0.22430609720652586,-5.908759182272893,3.4469416128000196e-09,5.375128443705265e-08,KCNJ12
ENSG00000007171,51.06769403951714,-1.1149176145413864,0.23782216835535713,-4.688030650176653,2.758467117906574e-06,1.6800520661467572e-05,NOS2
ENSG00000260019,7.889328919543527,1.5317329906480173,0.37183484742894723,4.119390641407571,3.7987566045392484e-05,0.00016390530207042778,LINC01992
ENSG00000258472,91.65636772346541,-1.1220401043425028,0.18473306007998966,-6.073845709353042,1.2488272339711314e-09,2.2082679091566753e-08,ENSG00000258472
ENSG00000264608,16.7899626265199,-1.3237597001939132,0.23254598852049316,-5.692464138452583,1.2521890453819235e-08,1.6338908095604133e-07,ENSG00000264608
ENSG00000264050,16.007089280408454,1.0349212218993824,0.3866340850566537,2.676745951531239,0.007434098001792214,0.016442344283209082,LOC100421028
ENSG00000178082,13.29366045673025,1.167678625082897,0.36722705895129687,3.1797183693856264,0.0014741824955075877,0.003992489667192035,TWF1P1
ENSG00000126860,851.3743079058497,1.4319516241347696,0.27366486751070723,5.2325007486711606,1.6723197564047392e-07,1.48545961460928e-06,EVI2A
ENSG00000176658,954.5518560400686,1.0776662296536859,0.22370694709230282,4.817312308182519,1.4550485202567972e-06,9.649322819228392e-06,MYO1D
ENSG00000006042,639.9466273779751,1.267087441264247,0.2523372842796317,5.0214039708064035,5.129514754828872e-07,3.8913560209046615e-06,TMEM98
ENSG00000108691,64.9290011597672,1.798988365438903,0.35738978056636356,5.033687204452253,4.811345081894708e-07,3.6824696176961113e-06,CCL2
ENSG00000197322,31.33416044760447,-1.7380183136319038,0.21091112109998103,-8.240524750745637,1.714569912187939e-16,2.65898874906523e-14,TMEM132E-DT
ENSG00000092871,697.0581520940862,1.1783772169827165,0.2134010035473983,5.521891637782238,3.353693081236424e-08,3.7724062483349074e-07,RFFL
ENSG00000154760,24.295170624560548,1.131454380265145,0.23789589211029957,4.756090448760462,1.9737806300267276e-06,1.2565252193844444e-05,SLFN13
ENSG00000006075,296.21332205507855,3.0417522256937937,0.4698162939095476,6.474343834229414,9.522483918430383e-11,2.4782035176988013e-09,ENSG00000006075
ENSG00000129277,107.62193617948866,3.2950828256794917,0.5829094890680901,5.652820699397793,1.5783593172091945e-08,1.9881863037015952e-07,ENSG00000129277
ENSG00000205021,36.614816425776986,3.217396848104845,0.5208688001259669,6.17698131914745,6.533880071278965e-10,1.2731309057528118e-08,ENSG00000205021
ENSG00000197262,13.53979757847695,3.0230514343615025,0.6014913855544909,5.025926400549647,5.010080218626881e-07,3.817588309964582e-06,ENSG00000197262
ENSG00000179294,285.48189918892956,-1.8718952513150442,0.24534267607256624,-7.629717264359602,2.3526911862075767e-14,1.91866022599342e-12,ENSG00000179294
ENSG00000227450,10.182387621223494,-1.2645736598494257,0.2737670411630832,-4.619159612775003,3.852973904854984e-06,2.2347721115835774e-05,ENSG00000227450
ENSG00000141744,51.24927989475454,-1.324960553721728,0.20442148243498012,-6.48151328294547,9.080717198626128e-11,2.3763093969295484e-09,PNMT
ENSG00000094804,29.349543709612277,-1.3473162079856633,0.2158462118339349,-6.242019243878344,4.319577916234711e-10,9.020575516022156e-09,CDC6
ENSG00000213424,127.40949452152698,-1.0042341835203215,0.19193466570952683,-5.2321667886723775,1.6753447592443585e-07,1.487448279910993e-06,KRT222
ENSG00000094796,9.299699395483502,-1.6769682388687897,0.3930315174016251,-4.266752574845428,1.9833892049292433e-05,9.31853085603707e-05,KRT31
ENSG00000173786,19274.16001417473,1.4982333621643886,0.25560694946256785,5.861473505765523,4.5877768487905894e-09,6.856298418571719e-08,CNP
ENSG00000089558,40.54813104784683,-1.7287088983752235,0.343152619635463,-5.037726071308041,4.7109498862222215e-07,3.6217461132598306e-06,KCNH4
ENSG00000131470,43.39142778935063,1.0001940307586252,0.15418521505263047,6.486964592663526,8.758291058935695e-11,2.3035889386004705e-09,PSMC3IP
ENSG00000175832,8.821699291152363,-1.2649396466497176,0.3155633748732459,-4.008512227243775,6.110247567754873e-05,0.0002491506120300047,ETV4
ENSG00000161653,13.547498506570204,1.0035481950808889,0.2404895668256549,4.17293859491385,3.0069600299510943e-05,0.00013385843802076397,NAGS
ENSG00000224911,28.213538951720675,1.778679857982913,0.27050132455884524,6.575494078942954,4.8491873276094846e-11,1.3985765889995648e-09,ENSG00000224911
ENSG00000131095,156309.07506716723,1.7124535019097948,0.2752752132625613,6.22087794107504,4.943806622551747e-10,1.0090271984755022e-08,GFAP
ENSG00000233175,31.194317794334903,-1.02664779258957,0.1986929900881007,-5.167005600622111,2.3787413791043622e-07,2.0176292159611077e-06,FMNL1-AS1
ENSG00000120088,142.02456345503145,-1.3007753722785158,0.24463860543202698,-5.317130425843346,1.0541650798685275e-07,1.0022514226689719e-06,CRHR1
ENSG00000263142,35.80560224421991,-1.002592398010507,0.1529203230331343,-6.556305781496866,5.5157073968283844e-11,1.5598981158145445e-09,LRRC37A17P
ENSG00000108798,87.1330868803965,1.070998321366471,0.15768502849158733,6.792010196602844,1.1058173084826545e-11,3.940124948491869e-10,ABI3
ENSG00000248714,12.320763479588305,1.3023746715332551,0.2825559058779801,4.609263669383988,4.040975863133193e-06,2.3252817314622872e-05,ZNF652-AS1
ENSG00000154920,7.921174356058281,1.319219700028973,0.32777786750186994,4.024736966175567,5.703903324870607e-05,0.00023440266112618758,EME1
ENSG00000049283,13.295340970167151,-1.757865977488489,0.2643581749571979,-6.649561632709503,2.9396723301749256e-11,8.985234327449046e-10,EPN3
ENSG00000006283,353.55283254096787,-1.6584872341304526,0.2075811108295894,-7.989586468163583,1.3539213659745839e-15,1.5157510203691792e-13,CACNA1G
ENSG00000225860,18.93686079961861,1.3030168025355688,0.4561558134629947,2.856516927063728,0.004283171653073198,0.01017549066752196,ENSG00000225860
ENSG00000154975,658.840591262032,-1.0006515426734406,0.18612753363646467,-5.376160759900601,7.60908592102875e-08,7.604847549460565e-07,CA10
ENSG00000167419,6.98296134336421,1.2431296440823563,0.40798511180519587,3.046997569548381,0.002311395786869532,0.005926863727813796,LPO
ENSG00000005379,3463.754119286521,-1.0973050413302798,0.1046011249719916,-10.49037514294515,9.564787138712902e-26,1.5080481055370676e-22,TSPOAP1
ENSG00000265206,8.448692761072785,1.1845249068516819,0.4321509578814066,2.740997989819905,0.006125288224207434,0.013900738059494383,MIR142HG
ENSG00000108375,82.05763412950152,-1.0178466635797272,0.26430272427708323,-3.8510638373619708,0.00011760583521708315,0.00044105102127001253,RNF43
ENSG00000108387,7000.196300990904,1.224647786144252,0.23566225211598893,5.196622603527956,2.0294177390583643e-07,1.754871280757964e-06,SEPTIN4
ENSG00000212195,33.88322708257626,1.64506652637253,0.2072021398786838,7.9394282671777,2.031153155518582e-15,2.077265821751977e-13,LOC124904154
ENSG00000202077,16.80500895174705,1.8738921081089723,0.3650728780688579,5.132926110592991,2.85271922070798e-07,2.3548624631673203e-06,ENSG00000202077
ENSG00000265313,34.93193381062376,-2.525911757027832,0.3915425170660912,-6.451181281550238,1.1098164748898363e-10,2.814708807629451e-09,LINC01476
ENSG00000167434,139.08972488141066,-1.196777024300101,0.14815335204695382,-8.077961165001584,6.58585713913604e-16,8.362712555198247e-14,CA4
ENSG00000265702,7.110914472712665,1.1590736879922845,0.36170265562312953,3.2044931657896463,0.0013530050245486216,0.003706219062467051,MARCHF10-AS1
ENSG00000224383,77.04519464401572,1.5075715737056858,0.18715711353562053,8.055112334369051,7.940584859852471e-16,9.630504201821075e-14,PRR29
ENSG00000108370,117.95165745101359,1.144324557497233,0.15991922202073927,7.155641098284171,8.328277584318661e-13,4.1575464880028774e-11,RGS9
ENSG00000108950,39.54577127981889,-1.6101368064534982,0.4378801676483836,-3.677117452248792,0.0002358844466114038,0.0008089421297603334,FAM20A
ENSG00000141338,1643.506065442693,1.3891581013525145,0.264009920507308,5.261764780214241,1.426792277858506e-07,1.2997067836823754e-06,ABCA8
ENSG00000180616,350.18005153442755,-1.0243240709204435,0.1981095678919528,-5.17049268149987,2.3347761775475012e-07,1.9844548642946417e-06,SSTR2
ENSG00000141540,2498.437565927971,1.5062190126190014,0.2390492729136087,6.300872595263412,2.9597460885061716e-10,6.52661957978284e-09,TTYH2
ENSG00000196169,196.73688443326915,2.111944644086392,0.31529972199682016,6.698212832892036,2.1098383523400504e-11,6.765786716317586e-10,KIF19
ENSG00000186074,15.477327591556085,1.2196593053309097,0.2769865785366442,4.403315538877468,1.0660893228572412e-05,5.4367681909593e-05,CD300LF
ENSG00000109089,393.19024283538926,1.1650320445274125,0.22789795311269093,5.112077702388699,3.1863470437589856e-07,2.5898990315200676e-06,CDR2L
ENSG00000239607,185.14520768759334,2.240440703051868,0.510122165439574,4.39196893379701,1.123287524418569e-05,5.6885974202353656e-05,RN7SL573P
ENSG00000204323,106.8321915518075,2.0850464069903536,0.3412960400900817,6.10920187189991,1.0013061015055292e-09,1.8321771219037343e-08,SMIM5
ENSG00000259120,24.287607893031968,2.131659624645182,0.44096138386365386,4.834118593260528,1.3373684577047822e-06,8.981505976572272e-06,ERLN
ENSG00000132470,1238.1787359150037,1.7651213721862677,0.19616515639380563,8.998139142727007,2.295757338637602e-19,7.620303306495338e-17,ITGB4
ENSG00000129654,88.77480064716208,1.7106345968979453,0.4758506697957693,3.5948979490396304,0.000324518757345066,0.0010661390673673639,FOXJ1
ENSG00000129667,231.96646128595293,1.0629351655027786,0.1473160478323702,7.21533859442309,5.379993978923904e-13,2.859255227001131e-11,RHBDF2
ENSG00000161544,142.5139509183839,-1.3193459138178876,0.19681200776370505,-6.703584444918171,2.0336808022980173e-11,6.577306116150169e-10,CYGB
ENSG00000070731,30.277297262709308,1.4712168562893513,0.31801186312045904,4.626295515686698,3.7226404574548383e-06,2.1691517540820925e-05,ST6GALNAC2
ENSG00000261335,8.061443162530386,1.022143042716044,0.3890922989837414,2.6269937631398745,0.008614291291616024,0.018712100027253178,LOC105274304
ENSG00000167889,1006.1363278274915,-2.080846434014722,0.28583031298402967,-7.280006141724326,3.3380497912934256e-13,1.919632281193666e-11,MGAT5B
ENSG00000267506,113.10658678240937,-1.3683880518688463,0.27025563776810374,-5.063309920820259,4.120391901552474e-07,3.229628966759899e-06,ENSG00000267506
ENSG00000204282,88.01999544516629,1.3469598937360951,0.2817155569735643,4.781276221328776,1.7418582840062465e-06,1.1270847720040419e-05,ENSG00000204282
ENSG00000141524,663.4479860321056,1.5489090628496935,0.27395727418747895,5.653834407002161,1.5690738639489636e-08,1.9778066293080875e-07,TMC6
ENSG00000108639,550.832863053837,1.1845353526914273,0.20440243726687396,5.795113642137556,6.827493315813442e-09,9.697910926065341e-08,SYNGR2
ENSG00000204278,329.58661785598525,1.657001906958015,0.31025251338620136,5.340817029563865,9.25286098187583e-08,8.982253964961042e-07,TMEM235
ENSG00000184557,78.4307650350515,1.5566427606947415,0.3692172892288227,4.2160613982787,2.4860610041720233e-05,0.0001134497689313427,SOCS3
ENSG00000187775,297.7884629168697,2.009744501372493,0.3712459709396102,5.413511953505925,6.180046672362731e-08,6.316935874721928e-07,DNAH17
ENSG00000267432,12.834444418553048,1.9474880398728596,0.4799478505779952,4.057707597872402,4.955675990047102e-05,0.00020743670294621938,DNAH17-AS1
ENSG00000268470,5.411090501430479,1.8607424584513015,0.5804076319283662,3.205923485652846,0.0013462978176084317,0.0036889145125490993,ENSG00000268470
ENSG00000108679,1236.2162422110875,1.1455977490336315,0.15396696332778273,7.44054259610713,1.0027257701565569e-13,6.824306320633834e-12,LGALS3BP
ENSG00000173918,94.47829991367458,1.1469321096951166,0.18352822748460765,6.249349897913163,4.1216463115296244e-10,8.68391405502678e-09,C1QTNF1
ENSG00000167281,639.0138690729494,-1.1672081103337295,0.21212084485056887,-5.502562047383808,3.7431142769700704e-08,4.135331098523476e-07,RBFOX3
ENSG00000262188,22.87321676752302,1.5908247480672788,0.40841511065130126,3.895117263243233,9.815123382388976e-05,0.0003758107952661395,LINC01978
ENSG00000171246,4593.557459548615,-1.393044014427353,0.18223351838216453,-7.644279860228458,2.1011795610077195e-14,1.7364564080686242e-12,NPTX1
ENSG00000262873,7.164130452039941,-1.5169978161747988,0.42616016717999183,-3.5596893679978394,0.00037129371766797455,0.0011987747869266602,ENSG00000262873
ENSG00000262223,117.38941034247314,1.2252459504422488,0.2991170235452377,4.09620935619181,4.1997016486468194e-05,0.00017904090850022044,LINC03048
ENSG00000262877,84.45414206612956,1.1582279011800567,0.31266236286065996,3.7044046190370175,0.0002118878151842088,0.000736391892594642,ENSG00000262877
ENSG00000235296,15.313270460630875,-1.0396702083391283,0.2952985919693538,-3.5207421796546376,0.0004303408168704449,0.001364512863279507,ENSG00000235296
ENSG00000176912,59.81948570365658,1.5599381024939074,0.29892866471689006,5.218429299750483,1.8044683236104308e-07,1.5886710415406863e-06,TYMSOS
ENSG00000176890,101.3338367571763,1.3313034995360393,0.26058974384338107,5.108810039493249,3.241940873109166e-07,2.626874574699162e-06,TYMS
ENSG00000265179,9.960366355220499,-1.647022785834939,0.377940479217551,-4.35788934078923,1.313227485239017e-05,6.512782181054312e-05,ENSG00000265179
ENSG00000141433,119.0268582290958,-1.4921549113993402,0.3549814686467589,-4.203472697004868,2.6285087045272764e-05,0.00011893061757340122,ADCYAP1
ENSG00000177426,95.96465194053026,1.0533192532393691,0.13939349122536604,7.556445024656158,4.142348616172166e-14,3.1184201006673797e-12,TGIF1
ENSG00000262001,11.564719633401083,1.0948139749925443,0.31396374975651203,3.487071280813802,0.0004883411821019691,0.0015251593207938686,DLGAP1-AS2
ENSG00000263878,58.92010660516626,-2.2697917437370076,0.3227971557678713,-7.031634892623564,2.041273828419098e-12,8.919376635955966e-11,DLGAP1-AS4
ENSG00000261520,9.877173739912605,1.3930031847322908,0.38182239499839027,3.6483014170453876,0.00026397982900526267,0.0008902849135079447,DLGAP1-AS5
ENSG00000231824,13.276968241212836,1.3803258240420508,0.39314745502120085,3.510962124802806,0.000446488008135544,0.001409805259333193,AKAIN1
ENSG00000168502,449.9596426358199,-1.0537949331794818,0.14034295234121758,-7.508712875138732,5.971152768493503e-14,4.231243834453074e-12,MTCL1
ENSG00000154864,837.6499460484691,1.5693642627235167,0.30592209780019286,5.129947375519492,2.8982318965865564e-07,2.384110760148593e-06,PIEZO2
ENSG00000265787,8.985603850395739,-1.1995952419306566,0.4137781467735292,-2.8991266244595177,0.003742037370460487,0.009035487006821748,CYP4F35P
ENSG00000180777,92.63416813029765,-1.3946958607514242,0.18385509273633152,-7.585842959224262,3.303323246116059e-14,2.550974523123096e-12,ANKRD30B
ENSG00000134508,1009.6081166704543,-1.056638613544876,0.1849196225914324,-5.714042667496941,1.1032331770583116e-08,1.470977569411082e-07,CABLES1
ENSG00000141458,1962.2490832335195,1.223026119308828,0.20663387033813033,5.918807586130482,3.242840759470851e-09,5.1128789307657087e-08,NPC1
ENSG00000154080,56.251550123321074,1.9077645570939459,0.1611322474754318,11.83974398038994,2.4319419863109866e-32,9.202468476200774e-29,CHST9
ENSG00000134762,11.800756041489716,-3.4742367648184467,1.0056424773369312,-3.454743453178973,0.0005508166726614085,0.0016956478110565977,DSC3
ENSG00000101695,147.2120437028605,1.1400451711809327,0.22696380819963072,5.02302627112329,5.086358399781367e-07,3.867922062856248e-06,RNF125
ENSG00000197705,24.404125073844316,-1.0268598660041475,0.2199800852071868,-4.667967398217008,3.041941536739377e-06,1.830583138521279e-05,KLHL14
ENSG00000166960,12.156064833813033,-1.2985772855070834,0.31151114187209367,-4.168638327679074,3.0642477172422034e-05,0.00013599710722548086,CCDC178
ENSG00000267651,14.212810716923496,-1.3041899262426728,0.238057952229164,-5.478455619861872,4.290541685633105e-08,4.6443947618251474e-07,ENSG00000267651
ENSG00000101489,1774.0662138531222,-1.134539269442352,0.17102447587756894,-6.633783051348352,3.27190631865452e-11,9.810533684460146e-10,CELF4
ENSG00000141469,679.2663697780263,2.113298989571224,0.18812993958090418,11.233188052252641,2.8018309482880423e-29,8.835106923601627e-26,SLC14A1
ENSG00000101670,66.9911910092749,1.3122139939891853,0.2686356923817225,4.884734349166723,1.0356839409921588e-06,7.164585068947585e-06,LIPG
ENSG00000227115,115.07528784558579,1.1470249841594082,0.2849835425446086,4.024881485848832,5.7004016204085266e-05,0.00023435810225582205,LINC01630
ENSG00000041353,1253.6302134764821,-1.24918288743138,0.21748661504141414,-5.743723066329892,9.261721540813705e-09,1.2633869614433692e-07,RAB27B
ENSG00000166510,77.75186113051862,-1.3076063187473512,0.2911491657427316,-4.491190333352328,7.0826221201498515e-06,3.8210211152904245e-05,CCDC68
ENSG00000177511,2742.725581420949,-1.2554576201764687,0.20658752538577252,-6.077122119702446,1.2235858071421773e-09,2.1757747623242476e-08,ST8SIA3
ENSG00000119547,29.67976576611694,-2.636478971295674,0.3167188175901003,-8.324352153612242,8.479118536298152e-17,1.407236164094395e-14,ONECUT2
ENSG00000141655,119.22129233022994,-1.0090160679243074,0.20361336543543132,-4.95554928708391,7.212623571539398e-07,5.238988491652054e-06,TNFRSF11A
ENSG00000221887,12.808094803155457,1.0144510280560475,0.2472157384674626,4.1035050371178725,4.069375886946436e-05,0.00017423080285364692,HMSD
ENSG00000081138,108.73092831548418,-2.029627948634141,0.24446999035800387,-8.30215580105328,1.0223900916648309e-16,1.682053959504226e-14,CDH7
ENSG00000071991,371.094448054632,1.173069033889166,0.2682572975200427,4.372924966939701,1.225928674138403e-05,6.13288485317255e-05,CDH19
ENSG00000141668,302.40030767026474,-1.7913083374891174,0.19243596768079418,-9.308594225277444,1.2953538956059069e-20,5.327846892361686e-18,CBLN2
ENSG00000166342,692.8270607768834,-1.064704805020904,0.15628466758357193,-6.812599223475086,9.585090011376227e-12,3.474136073088855e-10,NETO1
ENSG00000265579,369.67991561712813,-1.1027310627740357,0.17198116851817824,-6.411929121515871,1.4368964347522783e-10,3.5124135071722355e-09,ENSG00000265579
ENSG00000150656,2530.5412742080966,1.5830319842467326,0.25582909731134545,6.1878496265034855,6.099046571848338e-10,1.199984367190215e-08,CNDP1
ENSG00000266844,41.58574770861474,1.1378667860733922,0.4135758496789611,2.751289242243383,0.005936120383436016,0.013523347098688673,MBP-AS1
ENSG00000197971,111720.68781870781,1.5343153396944296,0.3329765824260121,4.607877612640693,4.067999772035361e-06,2.337120216169814e-05,MBP
ENSG00000267287,39.57343067688452,3.4131260167962503,0.36723441142278973,9.294134510904495,1.4840867018895797e-20,5.849775083281427e-18,ENSG00000267287
ENSG00000101282,10.8607075396369,1.5354488401283568,0.38920711004182534,3.9450688348508156,7.97770582444001e-05,0.0003138008195393035,RSPO4
ENSG00000125895,58.84122528667916,-1.390099235387883,0.25284121255178027,-5.497913972799033,3.8431032296147215e-08,4.2348764614038155e-07,TMEM74B
ENSG00000088882,30.612250753804723,-1.294944021418344,0.35455553391210026,-3.652302383015069,0.00025989958826982615,0.0008795028098846558,CPXM1
ENSG00000101265,4566.585019876662,1.226935355411928,0.20454263688843383,5.998433256148694,1.9923037538063892e-09,3.32109136757858e-08,RASSF2
ENSG00000125869,751.4470644524172,-1.3038173958462753,0.2810971024855162,-4.638316739367513,3.5125819531998914e-06,2.0671244340448508e-05,LAMP5
ENSG00000125848,366.18511960422927,-1.057202798133387,0.2338937274746564,-4.5200134674323,6.183569763005856e-06,3.376425394403197e-05,FLRT3
ENSG00000131044,48.568065022810345,1.0210414400450558,0.18093291543721565,5.643204485915448,1.6691390360716537e-08,2.0817475650939806e-07,TTLL9
ENSG00000260903,106.22897660827563,-1.2107356287360322,0.12226389325120736,-9.902642526264199,4.0541855532677006e-23,3.4865995758102226e-20,XKR7
ENSG00000182584,7.474355042924996,1.0004429206567105,0.35098173109626163,2.850413089968848,0.004366248109176726,0.010348166632296587,ENSG00000182584
ENSG00000078804,3231.4325629413984,1.197756742481365,0.22727818456522406,5.270003123144598,1.3642143758412265e-07,1.2504776968655884e-06,TP53INP2
ENSG00000261582,8.565733528903335,1.0962797228615262,0.31370211885685767,3.494651954715546,0.0004746803141148163,0.0014878978699556535,ENSG00000261582
ENSG00000149633,652.143980187283,1.143481624920918,0.22308205989205354,5.1258340786087135,2.9622339617632714e-07,2.4283131090364424e-06,KIAA1755
ENSG00000240474,66.25525842603608,1.9918582563638936,0.39560191102385667,5.0350066591153935,4.778322221305919e-07,3.6616385754195215e-06,RN7SL116P
ENSG00000196090,2424.715107844783,-1.1371991341843768,0.23593960942450243,-4.819873767521284,1.4364908536560182e-06,9.55936670500976e-06,PTPRT
ENSG00000101049,247.86825364296573,1.6230880126096119,0.29976867358223924,5.414468407301172,6.147105515766112e-08,6.290061457993232e-07,SGK2
ENSG00000124194,375.05364882301774,-1.043308633678432,0.17177018416154957,-6.073863393528193,1.2486896423392004e-09,2.2082679091566753e-08,GDAP1L1
ENSG00000064205,15.204145352064145,1.0952233412567147,0.26004334474882046,4.211695332232426,2.5346124691328966e-05,0.00011527612479806347,CCN5
ENSG00000101098,1560.0089514038768,-1.1499204130724112,0.19642835526169233,-5.85414672713838,4.794651954832775e-09,7.137278913094894e-08,RIMS4
ENSG00000124134,242.45769798278937,-2.441871276927633,0.3209146442297225,-7.609098932798005,2.7601341795605693e-14,2.1759057782202486e-12,KCNS1
ENSG00000124107,17.393132233603517,-2.5318979572709397,0.5310263395864969,-4.767932903747288,1.8612574526535413e-06,1.1937285086171187e-05,SLPI
ENSG00000124251,90.01251058240702,1.3909627534762,0.33333300196131094,4.17289240876799,3.0075698732889405e-05,0.00013385843802076397,TP53TG5
ENSG00000244274,484.13192178461765,1.4681068791094563,0.2797745601067265,5.2474638099668995,1.5420732912494416e-07,1.3871612849333375e-06,DBNDD2
ENSG00000101470,9.241626327778183,-1.4043503763505778,0.2968236198455427,-4.731262212492914,2.231280809919378e-06,1.401122898230157e-05,TNNC2
ENSG00000124140,3512.3043395175364,-1.0052885371524292,0.21738614656998798,-4.624436989266812,3.7561724365062336e-06,2.1869260192768607e-05,SLC12A5
ENSG00000149654,431.8519765766236,-1.4220062499891881,0.22490157858191342,-6.3227935479842206,2.568764042966611e-10,5.779001115892956e-09,CDH22
ENSG00000158445,2077.666742976711,-1.0132115381080273,0.17451997452597118,-5.805705283077762,6.409561958460198e-09,9.145468495781823e-08,KCNB1
ENSG00000264946,7.429792753565743,1.2821942797618129,0.5436236657691954,2.358606441365248,0.018343698287174255,0.035935959706239536,ENSG00000264946
ENSG00000124216,13.922550773676152,1.1123040022738073,0.30342035123155064,3.6658846308729283,0.00024648503555191217,0.0008399861078026014,SNAI1
ENSG00000239742,12.214820490996532,1.9578668789487523,0.4095018117061867,4.781094547033412,1.7434333743242364e-06,1.1277182715287027e-05,RN7SL672P
ENSG00000064787,7322.343017747976,1.23374629031901,0.2613379058060715,4.720885347702007,2.348202808099686e-06,1.4645385963554456e-05,BCAS1
ENSG00000054803,494.9148542157412,-1.5140156302024097,0.4545161212730159,-3.3310493497170817,0.0008651926264179116,0.0025145076024311653,CBLN4
ENSG00000124253,27.83169558797453,2.19842015187518,0.4030046525647945,5.45507387541071,4.8952489285233515e-08,5.177088302272879e-07,PCK1
ENSG00000238194,17.963308056243,1.1941284229781366,0.3399059325380204,3.51311439038966,0.0004428867588780564,0.0014003037229232665,PHACTR3-AS1
ENSG00000176659,6.919117317200529,1.1855713014389522,0.3846705750243863,3.0820431257675285,0.002055850504797562,0.005350301451275086,ENSG00000176659
ENSG00000225106,8.056174753154748,-4.525057579268128,0.6111498355791036,-7.4041704927897865,1.3197278271181892e-13,8.492942343223178e-12,CDH4-AS1
ENSG00000092758,771.4912408634464,1.1835731020703375,0.21492992678925463,5.506785954618908,3.6544414202993927e-08,4.0576309666704523e-07,COL9A3
ENSG00000141934,341.60035010403357,1.4778492933148115,0.28940010499390667,5.106595567219741,3.2801475231307906e-07,2.651020552654189e-06,PLPP2
ENSG00000183186,328.0661520838588,-1.4211147547791143,0.1896423003746467,-7.4936591254780165,6.697954083458542e-14,4.710977370224372e-12,C2CD4C
ENSG00000196415,7.029792722791483,-2.06044305716091,0.4785270075800929,-4.305803067585575,1.663810266899277e-05,7.99157069971388e-05,PRTN3
ENSG00000248015,25.081451535310606,1.1203490247228551,0.32464755171269744,3.450970194638424,0.0005585752520192288,0.0017159025439525586,ENSG00000248015
ENSG00000188305,7.580477748763264,1.4028529214088592,0.3399930018749706,4.126122930979462,3.6893011287192664e-05,0.00015991197561367358,PEAK3
ENSG00000095932,15.642510651580878,-1.2968237255883823,0.26826777119910433,-4.834064560911788,1.3377317041215994e-06,8.981505976572272e-06,SMIM24
ENSG00000105289,10.27680301425566,-1.6559116153162463,0.35322382334608216,-4.687995276280714,2.758943852810769e-06,1.6800520661467572e-05,TJP3
ENSG00000105355,385.94682223436786,1.2082416512012144,0.18433056631661457,6.554754728664391,5.5733403416170875e-11,1.573844765125303e-09,PLIN3
ENSG00000034063,36.62956798735394,1.2376544941497762,0.30770890557950203,4.0221601380659635,5.7666828141514037e-05,0.00023667166777384936,ENSG00000034063
ENSG00000223573,105.72906415010719,-1.7839158250752305,0.24923329868376223,-7.157614309549938,8.209313069169211e-13,4.119899290946458e-11,TINCR
ENSG00000105519,256.09878628679337,1.7766303425033194,0.30470890046332744,5.830582368292657,5.523426584391012e-09,8.088485369711916e-08,CAPS
ENSG00000268758,8.072614569861738,1.2574482644797753,0.3444523279913128,3.6505726984417093,0.0002616562345545258,0.0008844981164501748,ADGRE4P
ENSG00000260001,98.73145727846175,-1.243831857841691,0.2538082220610369,-4.900675981814997,9.550746221673585e-07,6.682696690608884e-06,TGFBR3L
ENSG00000167772,213.3644571238819,1.0921290018381986,0.2130265650448465,5.1267268080311155,2.9482283540059227e-07,2.4189280337290567e-06,ANGPTL4
ENSG00000133246,43.15477722532119,1.0417483972064836,0.21250518949397942,4.902225680639191,9.475688526870301e-07,6.6424611681506525e-06,PRAM1
ENSG00000224689,36.722044091432444,1.9392814759729482,0.30414021763364996,6.376274374567905,1.8144773580015186e-10,4.269889504152827e-09,ZNF812P
ENSG00000180739,389.72113441302906,1.5747140736539658,0.2974416873924063,5.294194258575768,1.1954230654423735e-07,1.1141578521265866e-06,S1PR5
ENSG00000171223,941.1216063909915,1.3075255144573437,0.2538022262297431,5.151749588176444,2.580674757806872e-07,2.159503158677843e-06,JUNB
ENSG00000160888,373.7337405065517,1.208110966788879,0.21418394252833042,5.640530062747726,1.6952746558869177e-08,2.1087834641275797e-07,IER2
ENSG00000267519,14.42740808265992,1.3278167491927728,0.34524602869581006,3.846001514365536,0.0001200610205818357,0.00044901255374744643,MIR23AHG
ENSG00000123146,159.71857355479662,1.1299392710787561,0.188282268850568,6.001304732393804,1.9573823893959553e-09,3.2773163546346436e-08,ADGRE5
ENSG00000187912,22.125983387027766,1.0135133083265704,0.3112037793585379,3.256751285012197,0.0011269513117313867,0.003157867123512713,CLEC17A
ENSG00000127507,36.74017543008883,1.3495475467208287,0.312253000716128,4.321968223286073,1.546434649432385e-05,7.490666555878322e-05,ADGRE2
ENSG00000105122,72.00410991066882,1.0172221616581238,0.15972740931569274,6.368488451769967,1.9090014282280072e-10,4.459050249638753e-09,RASAL3
ENSG00000186529,79.1602925893582,1.8896795548823977,0.29212385124841495,6.4687616119214475,9.880933275001524e-11,2.560921336479847e-09,CYP4F3
ENSG00000186204,22.69866804047208,1.7257193858631943,0.34615081685616944,4.985455188396262,6.181610578307854e-07,4.568596568030648e-06,CYP4F12
ENSG00000160111,329.04135578627046,1.6285775828964093,0.3197236518136595,5.093703808455098,3.51135195962209e-07,2.8102698424725013e-06,CPAMD8
ENSG00000130477,4332.267432580915,-1.1244178984289093,0.1898032773129849,-5.924122672417022,3.1396902490760794e-09,4.9709572813823785e-08,UNC13A
ENSG00000105641,56.93205275770753,-4.427347335738383,0.7598192683049563,-5.826842672225378,5.6485816157379686e-09,8.233525744973988e-08,SLC5A5
ENSG00000105643,1084.470600957497,1.2598534052776535,0.22114993568202965,5.696829173349054,1.220561125893117e-08,1.6010091448188484e-07,ARRDC2
ENSG00000268032,8.896450870629325,1.0875698702503136,0.4057794757486142,2.6801993083654074,0.007357833625974579,0.016285705685942797,ENSG00000268032
ENSG00000105650,58.160657306665385,-1.4686750831125739,0.20584663488540858,-7.134802489873885,9.692623666203882e-13,4.6988982372313236e-11,PDE4C
ENSG00000175489,41.64439485281713,1.045822332885641,0.14649051139488767,7.13918139084426,9.388837046137508e-13,4.5664986352936154e-11,LRRC25
ENSG00000105662,1219.6934033035795,-1.0198523481758694,0.14390266376675567,-7.087098469760749,1.369529406297053e-12,6.382141962349813e-11,CRTC1
ENSG00000178093,21.086359323789118,1.1140066624126181,0.23863070553537882,4.668329081596158,3.0365924318812925e-06,1.828522857867227e-05,TSSK6
ENSG00000197360,47.77900781987686,-1.492948796511463,0.1758637102687339,-8.489237456835848,2.0799734171222467e-17,4.372566339105879e-15,ZNF98
ENSG00000269138,10.641196700189786,-1.5651634991759398,0.32064193483117454,-4.881343733158405,1.0536539935825326e-06,7.275888893062293e-06,ZNF209P
ENSG00000268038,13.380519520592776,-1.5713337639679736,0.4300107819063111,-3.6541729419015567,0.0002580123202841524,0.0008737413817390664,LINC01785
ENSG00000267799,6.635470154151044,-2.1728381823114087,0.33301693463130594,-6.52470777414677,6.813424100158012e-11,1.865556931620689e-09,MAN1A2P1
ENSG00000267339,8.50149255921603,1.1850548039930209,0.38165217109383887,3.1050650140324896,0.001902372048437618,0.005001789766042208,LINC00906
ENSG00000267498,16.026458564794208,1.0696775659310296,0.19788665208504924,5.405506408139622,6.462554016025571e-08,6.559631007682607e-07,UQCRFS1-DT
ENSG00000105707,81.8129071750427,1.431935713671259,0.26279910656597294,5.448784557841663,5.071520038958881e-08,5.345206730871428e-07,HPN
ENSG00000227392,48.92975623633391,1.2626647780204183,0.3535382327722991,3.571508428152533,0.0003549311241414763,0.0011522472321133718,HPN-AS1
ENSG00000105695,5103.945851118697,1.7897801027224352,0.2833707616930359,6.3160366017621525,2.6835651635865044e-10,6.015764561025671e-09,MAG
ENSG00000012124,311.1885094875874,1.4486043379808389,0.3763906964238181,3.848672009548562,0.00011875989221220106,0.0004450261756099909,CD22
ENSG00000269553,21.492966078028452,1.6494266414235554,0.4205385957862,3.9221766038856436,8.775263269481636e-05,0.0003404305537391687,ENSG00000269553
ENSG00000167604,51.22892436547181,1.0640983592967215,0.27838350058040273,3.8224189187871374,0.00013214893758253855,0.0004889045559369631,NFKBID
ENSG00000267142,6.806386874054785,-1.3015599516786907,0.37751581200696827,-3.447696520999407,0.0005653889246694734,0.0017338031295116509,ENSG00000267142
ENSG00000167641,359.93701260943465,1.6011917803662281,0.2912364067239389,5.497910781065182,3.84317277179194e-08,4.2348764614038155e-07,PPP1R14A
ENSG00000268055,7.602922684423478,-1.5347896456585495,0.45731935555797637,-3.356056609031886,0.0007906238377603583,0.0023260150848120015,LOC124904710
ENSG00000128016,407.8724130763856,2.4004433477710223,0.2876481794638321,8.345067061593712,7.117348574580713e-17,1.2241839548278826e-14,ZFP36
ENSG00000270164,21.29621250548422,1.5072246852223452,0.34758725227707743,4.336248453728874,1.4493511485796263e-05,7.071099466510193e-05,LINC01480
ENSG00000079435,465.2394508282625,1.5116145002905574,0.2621320710069584,5.766614113579528,8.087995248751212e-09,1.1260108175597714e-07,LIPE
ENSG00000204936,7.7947280650930475,-1.0239919528101815,0.3485750588983816,-2.9376512365696845,0.0033070882627185545,0.008122823566225503,CD177
ENSG00000104881,85.87969863070896,1.9683524580677167,0.2465897169843317,7.982297405340652,1.4363443788645313e-15,1.570845991220632e-13,PPP1R13L
ENSG00000125740,267.50707408223246,1.2001949950370552,0.3864955304128194,3.1053269717119782,0.001900687882317621,0.004998056252043,FOSB
ENSG00000010310,26.233081463244684,1.3393735676005154,0.4019195915650499,3.3324416020256136,0.0008608753550032269,0.0025034985731111365,GIPR
ENSG00000105281,92.25206460142616,1.3163674623622934,0.16533565741407558,7.961788055588707,1.6957075629993895e-15,1.802403769210587e-13,SLC1A5
ENSG00000197405,46.25263307933335,1.0628078030300872,0.21397960103346556,4.966865055813747,6.804390119954043e-07,4.9667847634849724e-06,C5AR1
ENSG00000105479,21.174494256716834,1.2896940406737165,0.3515837957132927,3.668240847269958,0.0002442250704976316,0.0008337672922798971,ODAD1
ENSG00000063180,3226.5682900609127,-1.1640196636050433,0.14573671480293296,-7.987140818832409,1.3810430758315589e-15,1.537019705572535e-13,CA11
ENSG00000174951,82.19974856924976,-1.5280752761853966,0.25897515095676454,-5.900470645697224,3.6246610661913645e-09,5.602825765714103e-08,FUT1
ENSG00000126453,14.291441874590605,1.2411245181408128,0.23482783471895452,5.28525300088982,1.255311439287494e-07,1.1596920132480168e-06,BCL2L12
ENSG00000131401,51.29095575841283,1.5507175786137772,0.2777383693475779,5.583375398424405,2.3589480162315145e-08,2.803473396174639e-07,NAPSB
ENSG00000167754,18.53781400385898,-1.1462808332035779,0.34222818636639024,-3.3494635417795986,0.0008096821071034122,0.002375435798789977,KLK5
ENSG00000167755,829.3970655366277,1.9520162731267834,0.3543432058620622,5.508829408420093,3.612277571803894e-08,4.0155282995610854e-07,KLK6
ENSG00000169035,179.92245362454244,-1.1715422929268664,0.26092344529961553,-4.489984760018776,7.122826959008203e-06,3.838333411120342e-05,KLK7
ENSG00000129450,27.107322234839106,1.514451872392997,0.26139340437228153,5.793764674475432,6.882588040990581e-09,9.746898632899834e-08,SIGLEC9
ENSG00000254415,29.622884061491597,1.2017291732940991,0.19377014545206303,6.201828307918549,5.581094681286122e-10,1.1174001203167559e-08,SIGLEC14
ENSG00000171051,127.02889214955601,1.2194714541282368,0.13083130642515453,9.320945326078107,1.153083023337732e-20,4.9582570003522474e-18,FPR1
ENSG00000242779,93.47875926424014,-1.325162384238064,0.18220362094449377,-7.2729750230472066,3.5165536257109405e-13,2.0100663020680057e-11,ZNF702P
ENSG00000239961,59.6560432175773,1.1738045806316015,0.2128358017984026,5.515071105111468,3.4863897358132866e-08,3.903106142105762e-07,LILRA4
ENSG00000186818,190.08784303580052,1.0456995001068152,0.15002245422096583,6.9702865850109355,3.1629599782033224e-12,1.3094792732517912e-10,LILRB4
ENSG00000105048,86.40790087604319,-1.2259046996451368,0.19244217827821233,-6.370249550349897,1.8872087999043064e-10,4.420647062626859e-09,TNNT1
ENSG00000268568,6.305279733894514,1.6018293342482446,0.3589270473663496,4.46282704522206,8.088533918903633e-06,4.284296241479752e-05,ENSG00000268568
ENSG00000268654,10.463267050944511,-1.0051391962578373,0.3010096475332389,-3.339225850383567,0.0008401222986173542,0.0024518145750177913,MIMT1
ENSG00000225840,58775.81156592515,-2.04562540100037,0.5865445054207408,-3.4875876972592215,0.00048739905134519693,0.0015229711067631917,ENSG00000225840
ENSG00000100181,154.55081992446543,1.4202912313372478,0.29784311023691207,4.768588503549777,1.855211676980923e-06,1.1902544906232304e-05,TPTEP1
ENSG00000273032,155.27027976992744,-1.03467751636956,0.2126621203264918,-4.865358789713281,1.1424935833773436e-06,7.82337263753143e-06,DGCR5
ENSG00000040608,389.5508766757237,-1.2692023700224904,0.21105565608630666,-6.013590886678143,1.814581177232894e-09,3.0544373552710275e-08,RTN4R
ENSG00000223553,6.73454188324991,-1.1086882009695358,0.4449631193158447,-2.4916406615321396,0.01271546075101133,0.02614677941627371,SMPD4P1
ENSG00000099937,50.27315506087895,-4.779262317035001,0.7309785538631736,-6.5381703632437835,6.227596378152538e-11,1.7301927088787963e-09,SERPIND1
ENSG00000227755,7.976904988766054,1.041580825407427,0.34315869483258044,3.0352744694858784,0.002403168799464559,0.0061244549684630195,ENSG00000227755
ENSG00000100249,5.214009371254969,1.5029234201015684,0.4162515419897562,3.610613459633874,0.0003054736348646255,0.0010112967929376579,C22orf31
ENSG00000100314,296.8744290888395,2.1479731103158466,0.3040215756214198,7.06519958632999,1.6038530387934867e-12,7.224976069993517e-11,CABP7
ENSG00000099985,29.02331610381813,4.140453121241324,0.5789873256591961,7.1511982002840595,8.602367619340028e-13,4.249524682974238e-11,OSM
ENSG00000128242,199.61225073015575,1.3696249076529026,0.2588893658402123,5.2903868925162465,1.2205788650440063e-07,1.1354829424989663e-06,GAL3ST1
ENSG00000128245,7469.860810335899,-1.0282534033948436,0.18085969914726563,-5.6853649997370885,1.305335650705509e-08,1.693892353316065e-07,YWHAH
ENSG00000128253,42.811307858213034,-1.055190288168476,0.230941702263555,-4.569076428493079,4.898781317045063e-06,2.7634151019228566e-05,RFPL2
ENSG00000214076,219.2429330950187,-1.0958056525856048,0.1550538932637696,-7.067256613295593,1.5802656939982901e-12,7.18833702367011e-11,CPSF1P1
ENSG00000224050,14.942609279088511,-1.193716747137294,0.27428664135154524,-4.352077597564593,1.3485351281135001e-05,6.65974456602349e-05,ENSG00000224050
ENSG00000224404,21.289939740986597,-3.4354689075290623,0.4998603748320502,-6.872857062701474,6.2928613947761774e-12,2.419937755877343e-10,LL22NC03-13G6.2
ENSG00000227895,9.307743417067801,-1.7228562538563221,0.32725534917319093,-5.26456254484185,1.405235551659867e-07,1.2831591041218475e-06,ENSG00000227895
ENSG00000100302,308.2556859035211,-1.443373343613565,0.223153270894031,-6.46808060590329,9.925555207701872e-11,2.56896723022872e-09,RASD2
ENSG00000100336,20.2691393708428,1.1898808898113695,0.283093548807056,4.20313671867648,2.6324148080565744e-05,0.0001190184434287206,APOL4
ENSG00000261675,147.1459922823605,-1.0836422711468037,0.21841306243238795,-4.9614352689288275,6.997418998995217e-07,5.101570048781396e-06,ENSG00000261675
ENSG00000183473,129.26395472763303,-1.1783869381025684,0.24054994861924375,-4.898720389950226,9.646279982335731e-07,6.73957227717105e-06,ENSG00000183473
ENSG00000128283,685.4365338391701,1.5604031552899476,0.25642076516944723,6.085322903778118,1.162567651171214e-09,2.083768184326176e-08,CDC42EP1
ENSG00000100139,398.5005863986659,1.1118976481937026,0.19489797423868585,5.705024141667035,1.1632660030290972e-08,1.5412459928088599e-07,MICALL1
ENSG00000100146,1239.4679783197614,1.3465662561185505,0.24101092157026682,5.587158653828716,2.3081484213680888e-08,2.753478444658527e-07,SOX10
ENSG00000168135,544.9339643044876,-1.0439618940746673,0.2258825208399938,-4.621702866571816,3.8060289119472857e-06,2.2116113947801793e-05,KCNJ4
ENSG00000100242,3672.983483736917,1.1652667291860657,0.19904678191246752,5.854235461583606,4.792093021052818e-09,7.137278913094894e-08,SUN2
ENSG00000100399,578.3007261137471,1.4469544450339649,0.2619834927672122,5.523074869147076,3.331177003722599e-08,3.749308085094086e-07,CHADL
ENSG00000183864,1067.7334323644475,1.0884912641184354,0.12936403235837363,8.41417234972251,3.9567860198627865e-17,7.167323395543464e-15,TOB2
ENSG00000260655,15.276236353940963,1.0290874055080197,0.23499219548578845,4.379240780233723,1.190934900290852e-05,5.986314642269639e-05,ENSG00000260655
ENSG00000159958,25.699110843473402,1.0409609996290463,0.2127416805109162,4.8930750059372246,9.927255036014416e-07,6.900208129367845e-06,TNFRSF13C
ENSG00000138944,2170.473765175492,-1.176228869027148,0.20100672201130193,-5.851689223413199,4.866052430345487e-09,7.237870438847218e-08,SHISAL1
ENSG00000075275,24.973385212903818,1.326803731950606,0.41593958646540935,3.1898953000015706,0.0014232434593159744,0.0038728706880288505,CELSR1
ENSG00000205634,8.794194691211166,-3.5172311440448465,0.51397239728868,-6.843229641511941,7.742738032090342e-12,2.8837126686446707e-10,LINC00898
ENSG00000224271,39.17361329621661,-2.9326962629360143,0.3711257087568633,-7.9021641285899715,2.741021576114627e-15,2.7151899591669497e-13,EPIC1
ENSG00000025708,47.58703860026446,1.1276126257071957,0.21941967122120243,5.139068067285641,2.7610437809904683e-07,2.2901774807689464e-06,TYMP
ENSG00000177989,21.502944911282615,1.4279193315403698,0.37658212607524055,3.791787322521711,0.00014956697584233086,0.0005451371957112117,CIMAP1B
ENSG00000229231,13.866869521193577,-1.7041577774687993,0.3452251402393068,-4.936366384810484,7.959152170007968e-07,5.714882696643292e-06,FEM1AP1
ENSG00000228314,8.785027068122298,-1.2740062233234788,0.3261903365778717,-3.905714181141397,9.394750385252452e-05,0.00036148517115134075,CYP4F29P
ENSG00000215559,28.816001222780347,-1.2187230569885197,0.23207623019510196,-5.251391131112234,1.5095474616083985e-07,1.3632762755909738e-06,ANKRD20A11P
ENSG00000232560,9.96011635723521,1.6263676775869087,0.3335165467275068,4.8764227548676935,1.0802696255173746e-06,7.448506310054201e-06,LINC01549
ENSG00000154642,1085.156987892746,1.4064674116990734,0.2697374614357511,5.21420867614297,1.8460356631475804e-07,1.6192394412031627e-06,C21orf91
ENSG00000174680,6.730948898294029,1.216420600524264,0.3861431184194875,3.1501807037327603,0.0016316950471726443,0.004364720810477369,GRIK1-AS1
ENSG00000170262,7.672038236323502,1.4874643314550318,0.36601342440990403,4.063961134357733,4.824686299793206e-05,0.00020267110300197037,MRAP
ENSG00000205929,40.4549886886116,1.3489745918522293,0.2876830260354581,4.689100397900996,2.7440873858617938e-06,1.67424926116206e-05,EPCIP
ENSG00000205927,992.4820691578688,1.0810166163160644,0.18057579144505745,5.9864980109749535,2.1440720961730347e-09,3.552175486829581e-08,OLIG2
ENSG00000159212,26.80696898352056,1.8903835084295193,0.43921358177268094,4.304018789218373,1.6772742936630552e-05,8.04207542729473e-05,CLIC6
ENSG00000159263,24.95653587865593,1.2794298466119522,0.4778509710959594,2.677466247850366,0.007418132617004101,0.016409571976349537,SIM2
ENSG00000184809,25.516817439618073,1.019034323483245,0.22547049638165745,4.519590544380183,6.195934507503967e-06,3.381225292240412e-05,B3GALT5-AS1
ENSG00000183067,14.294305329850998,1.0537055440157512,0.26766800961567594,3.936613663801986,8.263948718440146e-05,0.0003231120267676949,IGSF5
ENSG00000226496,14.917874504452039,1.3694926695126775,0.34391239854293304,3.982097404207758,6.830977218499298e-05,0.00027410835413363036,LINC00323
ENSG00000184385,27.18862770938322,-1.4525342085689734,0.30285654312870547,-4.796113016292626,1.617740309656985e-06,1.057258951941629e-05,UMODL1-AS1
ENSG00000160183,20.491065449725852,-1.0305862659924183,0.3741086104940432,-2.7547782571254875,0.00587319250539616,0.013405815201121407,TMPRSS3
ENSG00000225331,19.8417730242988,1.1211777117018427,0.27166808591440134,4.127012961158453,3.6750568799977556e-05,0.00015944066996000352,LINC01678
ENSG00000160223,717.6194432940736,1.4978476195341035,0.26503877926963426,5.651428155765405,1.591201928453255e-08,1.9983969616720277e-07,ICOSLG
ENSG00000227039,14.840346538233844,1.0271886215536594,0.29165188378507206,3.521968067624856,0.0004283557370168862,0.001359357689426281,ITGB2-AS1
ENSG00000160307,4324.321230969777,1.003776257288192,0.1671870581787302,6.0039112370474985,1.926200320884825e-09,3.227963690977935e-08,S100B
ENSG00000210077,17.99183965264348,-2.0023732009901867,0.47754778548708304,-4.193032114991031,2.7525045819599296e-05,0.00012376672901123168,MT-TV
