Geneid,baseMean,log2FoldChange,lfcSE,stat,pvalue,padj,gene_symbol
ENSG00000229855,11.108862370603248,-5.532725475673056,0.5942921204631503,-9.309774242608553,1.2810434597370875e-20,5.327846892361686e-18,LOC102467226
ENSG00000149452,30.046490971924364,-5.395041144235747,0.9901523703719908,-5.448697903140788,5.073991167359981e-08,5.345206730871428e-07,SLC22A8
ENSG00000256193,141.79860061125197,-4.851257809200084,0.7422274142369113,-6.53608006945916,6.315211520771443e-11,1.7493968078037437e-09,LINC00507
ENSG00000099937,50.27315506087895,-4.779262317035001,0.7309785538631736,-6.5381703632437835,6.227596378152538e-11,1.7301927088787963e-09,SERPIND1
ENSG00000225106,8.056174753154748,-4.525057579268128,0.6111498355791036,-7.4041704927897865,1.3197278271181892e-13,8.492942343223178e-12,CDH4-AS1
ENSG00000164707,219.5294962897722,-4.4441175293230035,0.6881649516984825,-6.45792483089168,1.0614843989505108e-10,2.7102948486023837e-09,SLC13A4
ENSG00000105641,56.93205275770753,-4.427347335738383,0.7598192683049563,-5.826842672225378,5.6485816157379686e-09,8.233525744973988e-08,SLC5A5
ENSG00000112499,15.419907264378494,-3.7518401660991167,0.6507909812053938,-5.7650463427596454,8.163540620569788e-09,1.1307041620877041e-07,SLC22A2
ENSG00000205634,8.794194691211166,-3.5172311440448465,0.51397239728868,-6.843229641511941,7.742738032090342e-12,2.8837126686446707e-10,LINC00898
ENSG00000236922,16.747859664219195,-3.4922072927615866,0.47711907025030514,-7.319362210631222,2.491522583001421e-13,1.454926150320583e-11,LINC01378
ENSG00000134762,11.800756041489716,-3.4742367648184467,1.0056424773369312,-3.454743453178973,0.0005508166726614085,0.0016956478110565977,DSC3
ENSG00000255087,23.542198006132253,-3.45323007046047,0.38429954837516406,-8.98577707171628,2.5691233325745566e-19,8.370224675044122e-17,LOC101929473
ENSG00000224404,21.289939740986597,-3.4354689075290623,0.4998603748320502,-6.872857062701474,6.2928613947761774e-12,2.419937755877343e-10,LL22NC03-13G6.2
ENSG00000223812,26.81092369310441,-3.3864683890889085,0.35034256276698467,-9.666163204215849,4.198231362345208e-22,2.5622753992119785e-19,PYDC2-AS1
ENSG00000261037,50.46969762203913,-3.375402563955496,0.36577974236753324,-9.227964736669074,2.758228029888075e-20,1.0437134865096476e-17,ENSG00000261037
ENSG00000183090,110.18852788394645,-3.2436271117568105,0.3367530962864727,-9.632063216420992,5.854202907064848e-22,3.4612974688020915e-19,FREM3
ENSG00000152034,95.08105521330906,-3.2410432830277567,0.4776742501957565,-6.7850491871804675,1.1604696740556463e-11,4.073485386481044e-10,MCHR2
ENSG00000027644,9.921553034274238,-3.1468002055836375,0.6683468348507019,-4.708334118596646,2.497494889518701e-06,1.5432823456515358e-05,INSRR
ENSG00000149305,38.283402163284926,-3.1158617870501937,0.3895745944741563,-7.9981134068969535,1.2633998471553698e-15,1.4228288754868807e-13,HTR3B
ENSG00000135426,489.54396601286714,-3.0975233652019596,0.5492010811691825,-5.64005329087792,1.6999754310363213e-08,2.113241468804678e-07,TESPA1
ENSG00000107165,26.967884827079466,-3.0405086442300693,0.35308231990427014,-8.611330765738796,7.221729005618698e-18,1.666281863247631e-15,TYRP1
ENSG00000224271,39.17361329621661,-2.9326962629360143,0.3711257087568633,-7.9021641285899715,2.741021576114627e-15,2.7151899591669497e-13,EPIC1
ENSG00000179023,8.257199062539017,-2.9295477437907453,0.6574217120869359,-4.456116507760469,8.345768754859955e-06,4.3971580295725524e-05,KLHDC7A
ENSG00000229618,19.509433797224148,-2.925311336177967,0.370075477473487,-7.904634363101085,2.6872118658107764e-15,2.6758972895336784e-13,ENSG00000229618
ENSG00000233123,98.14571039156793,-2.9182260287208,0.7017522880673717,-4.158484522733236,3.2036593467511404e-05,0.0001415866265838159,LINC01007
ENSG00000123454,11.476887856619571,-2.885655732426143,0.44189890390288217,-6.530126476757079,6.571417542299814e-11,1.8071398241324488e-09,DBH
ENSG00000225539,19.161752693276345,-2.8194260683339025,0.37338485569894914,-7.550992026862319,4.3195528854995664e-14,3.217556716285504e-12,LINC01821
ENSG00000257501,11.844516767102858,-2.795961487076404,0.4258347030233886,-6.565837559093529,5.174119737185165e-11,1.485498413164542e-09,PAFAH1B2P2
ENSG00000138100,16.127013782564198,-2.7778834254721785,0.3633953578870462,-7.644245764789392,2.101736350146485e-14,1.7364564080686242e-12,TRIM54
ENSG00000091664,297.6360512816728,-2.7657862605822214,0.5195642321014606,-5.323280721991882,1.0191228503152283e-07,9.728458288579273e-07,SLC17A6
ENSG00000146360,39.08409749040057,-2.7612199406935725,0.6314338990714091,-4.372935860355678,1.2258674811582774e-05,6.13288485317255e-05,GPR6
ENSG00000197893,16.31237533427856,-2.7389130879014645,0.40359953443851776,-6.786214686079367,1.1511381713382986e-11,4.06334593315683e-10,NRAP
ENSG00000102287,23.646123810697524,-2.7077403820895243,0.2667318499650837,-10.151545015880101,3.261584276926753e-24,3.428287473303009e-21,GABRE
ENSG00000091482,9.149362684048073,-2.705252433954762,0.49670273113582347,-5.446421499975627,5.139326885371164e-08,5.40200359284569e-07,SMPX
ENSG00000197261,14.371689404766057,-2.6992866244720184,0.37790481528936015,-7.142768536582911,9.146958246831841e-13,4.502255623198737e-11,C6orf141
ENSG00000251226,19.609613587048646,-2.682599295716955,0.4294298579994654,-6.246885831865689,4.187168813426414e-10,8.792589783576888e-09,LINC02714
ENSG00000170290,15.86093737190065,-2.6744832379037153,0.5613614418326361,-4.764280263305087,1.8952892604040255e-06,1.2130877133573804e-05,SLN
ENSG00000166426,61.08111503664396,-2.6395673748867314,0.43927123791621925,-6.008969281503852,1.8670649333230556e-09,3.137199692581902e-08,CRABP1
ENSG00000119547,29.67976576611694,-2.636478971295674,0.3167188175901003,-8.324352153612242,8.479118536298152e-17,1.407236164094395e-14,ONECUT2
ENSG00000111249,627.3583241563338,-2.627841452520255,0.5035356491448366,-5.218779359481626,1.8010616464411233e-07,1.587148875205685e-06,CUX2
ENSG00000118194,43.248633741162486,-2.616076671885949,0.4707990842878073,-5.556673237466829,2.7496481131305166e-08,3.1857527434433175e-07,TNNT2
ENSG00000100628,29.607220698338462,-2.6125502669632135,0.24716503308992635,-10.570064196793915,4.102137333958121e-26,7.761243835848765e-23,ASB2
ENSG00000250584,18.72041583628211,-2.5888576993157373,0.3513063703371728,-7.369230728241657,1.716154218144227e-13,1.068080191029236e-11,LINC01511
ENSG00000168229,13.695044915226381,-2.5811784620142686,0.5449640621657442,-4.736419593902018,2.1752698683997273e-06,1.3682216060546157e-05,PTGDR
ENSG00000225526,10.022701326507727,-2.578084263462925,0.40077949853439754,-6.432675006807158,1.253775420562197e-10,3.1212409153995745e-09,MKRN2OS
ENSG00000189275,10.372211257148285,-2.5671584362728397,0.4690037084270643,-5.47364208458506,4.408790814310876e-08,4.7475425274195656e-07,LINC01164
ENSG00000163793,15.245711067615417,-2.5417476199299225,0.3197830384070463,-7.948350333373766,1.8901150687514053e-15,1.9867209500431438e-13,DNAJC5G
ENSG00000163833,31.526642314391086,-2.535482574102002,0.35102612089932,-7.223059547836954,5.083074180881527e-13,2.7321523722238208e-11,FBXO40
ENSG00000124107,17.393132233603517,-2.5318979572709397,0.5310263395864969,-4.767932903747288,1.8612574526535413e-06,1.1937285086171187e-05,SLPI
ENSG00000265313,34.93193381062376,-2.525911757027832,0.3915425170660912,-6.451181281550238,1.1098164748898363e-10,2.814708807629451e-09,LINC01476
ENSG00000226519,8.799724940073535,-2.519804194902771,0.42301201862060955,-5.956814662428609,2.5720164263457754e-09,4.166314279662849e-08,SMIM2
ENSG00000248713,7.762908459770402,-2.515637572669566,0.45853752852136676,-5.486219592061904,4.106264025989853e-08,4.4701102055079405e-07,C4orf54
ENSG00000102683,8.128159695465602,-2.491284833607822,0.6046920907512952,-4.119922968584795,3.789990862084538e-05,0.0001636017045645436,SGCG
ENSG00000258240,35.48644054289017,-2.4780528127252515,0.5019351254370836,-4.936998203836343,7.933420143796798e-07,5.700733350574836e-06,LINC01404
ENSG00000205592,14.713362324412705,-2.457607308886519,0.4679132626259205,-5.252271104893399,1.502351090085288e-07,1.3587228787960634e-06,MUC19
ENSG00000168079,104.50546174712493,-2.456073893591121,0.38247600216070765,-6.421511100607915,1.349281722920914e-10,3.3153779477485318e-09,SCARA5
ENSG00000248673,10.562014010725708,-2.4548930411781362,0.36500015080767234,-6.725731580510169,1.747123778078256e-11,5.819644697401515e-10,LINC01331
ENSG00000124134,242.45769798278937,-2.441871276927633,0.3209146442297225,-7.609098932798005,2.7601341795605693e-14,2.1759057782202486e-12,KCNS1
ENSG00000233936,6.1185107646271595,-2.4313822728671517,0.5481795667791713,-4.435375596271741,9.191189723491067e-06,4.7787114473330854e-05,ENSG00000233936
ENSG00000249645,9.549863711560326,-2.4188103317652443,0.4567758485814715,-5.295398912348187,1.1875687533495594e-07,1.1085007886399698e-06,ENSG00000249645
ENSG00000189108,33.515452686473616,-2.40125299712766,0.3181654061824492,-7.5471844218999795,4.447685737697683e-14,3.300008398323144e-12,IL1RAPL2
ENSG00000152931,261.37788045290625,-2.3820531808026373,0.24613888239897866,-9.677679355598315,3.7513416060170404e-22,2.4474270064083585e-19,PART1
ENSG00000258517,6.652544155740005,-2.3786497604928294,0.4959475057851666,-4.796172443144028,1.617260699867525e-06,1.057258951941629e-05,ENSG00000258517
ENSG00000214043,18.289946440969793,-2.3445868327521455,0.28851536584454524,-8.126384623879725,4.4228409034885117e-16,6.020154668633284e-14,LINC02347
ENSG00000225953,48.086059439696896,-2.3354462367887177,0.30957081261716474,-7.544142217557446,4.55274098934048e-14,3.348768391991724e-12,SATB2-AS1
ENSG00000143867,18.29498177382752,-2.3240889657949055,0.4784476456905718,-4.857561713864033,1.1884010337126592e-06,8.087966747425725e-06,OSR1
ENSG00000163817,108.75962922225219,-2.302107192380089,0.43372221162173874,-5.307791786296205,1.109612894198789e-07,1.0455117509084206e-06,SLC6A20
ENSG00000223930,17.80923740075556,-2.2993211781946807,0.4285675664338903,-5.365131097827413,8.08904453199011e-08,8.012812698704339e-07,ENSG00000223930
ENSG00000115593,14.857607936339887,-2.2905535975469977,0.35133568897392525,-6.519558557334588,7.051460754555528e-11,1.919620683110656e-09,SMYD1
ENSG00000112175,28.583302566383345,-2.2755345033073486,0.5196114573349468,-4.379300092762419,1.1906108334163816e-05,5.98627610104649e-05,BMP5
ENSG00000263878,58.92010660516626,-2.2697917437370076,0.3227971557678713,-7.031634892623564,2.041273828419098e-12,8.919376635955966e-11,DLGAP1-AS4
ENSG00000240244,14.692473195473529,-2.267622523079551,0.32495012719953376,-6.9783709353255015,2.9862236763815066e-12,1.2417439990579804e-10,GAPDHP33
ENSG00000233542,9.116212441707107,-2.2487111420078105,0.3852118765141112,-5.837595565217302,5.29595193507841e-09,7.803692415240149e-08,ENSG00000233542
ENSG00000254187,7.1347255312952225,-2.2448029417431523,0.347342642467832,-6.462791109649163,1.0278914313110237e-10,2.6423513424462728e-09,ENSG00000254187
ENSG00000065325,116.12655826040216,-2.2447522988700395,0.3280436665525299,-6.842846022483977,7.763508690255968e-12,2.885767866790627e-10,GLP2R
ENSG00000115474,18.807697649628643,-2.243004128887941,0.7794278220897054,-2.87775733085108,0.004005131038258125,0.009587181078421525,KCNJ13
ENSG00000110975,61.353363105843485,-2.229298355317828,0.26744850934550163,-8.335430101193511,7.721698309366208e-17,1.3044154644036486e-14,SYT10
ENSG00000139219,10.293005303864673,-2.2198795145139036,0.6603897771834794,-3.3614686223362655,0.000775291648554161,0.002289451848079402,COL2A1
ENSG00000200593,19.6780090875745,-2.2132095346029788,0.47437464037571564,-4.665530882616461,3.0782125743705025e-06,1.850056604418358e-05,SNORD115-33
ENSG00000232973,41.0439261282153,-2.209424552569721,0.2769027668530794,-7.979062750723648,1.4744860447238872e-15,1.5850724980781788e-13,CYP1B1-AS1
ENSG00000115297,11.505460308594166,-2.198787782296679,0.3383374191791449,-6.49880166264569,8.09623156733105e-11,2.1519048242409624e-09,TLX2
ENSG00000165553,99.67919758831076,-2.195717889026348,0.21608150887304461,-10.161526085586566,2.9443127526210942e-24,3.2768468987994767e-21,NGB
ENSG00000175206,17.472837847112125,-2.1861662711378806,0.2905456915121207,-7.524345860233417,5.2984919244718186e-14,3.840899126858499e-12,NPPA
ENSG00000260941,37.27421180396583,-2.1757146225768857,0.24461461829739828,-8.89445871109669,5.870473085901358e-19,1.7914411416976402e-16,LINC00622
ENSG00000146242,72.28642245683257,-2.1729530969694424,0.25742501851057353,-8.441110772922759,3.143360738436361e-17,6.139505155385074e-15,TPBG
ENSG00000267799,6.635470154151044,-2.1728381823114087,0.33301693463130594,-6.52470777414677,6.813424100158012e-11,1.865556931620689e-09,MAN1A2P1
ENSG00000272321,67.93252998830154,-2.1693668182450785,0.2682276586795042,-8.087781957032174,6.076105262637127e-16,7.767561592506382e-14,ENSG00000272321
ENSG00000053108,322.09892032923386,-2.1653643710696584,0.2794953330540282,-7.74740797067649,9.37872586350008e-15,8.330774335090212e-13,FSTL4
ENSG00000232694,29.69677172687727,-2.1646429435277144,0.3352252810039441,-6.457278332484256,1.0660273038267991e-10,2.7182259553103825e-09,ENSG00000232694
ENSG00000188133,63.42412383746602,-2.161976637858257,0.5360427358138888,-4.033216931063652,5.501844587247777e-05,0.0002272318262185722,TMEM215
ENSG00000144550,116.02171023237482,-2.15721601087433,0.28549349200753255,-7.556095222014424,4.1534982313328736e-14,3.1184201006673797e-12,CPNE9
ENSG00000139144,8.939341779677784,-2.156775249489485,0.5415184846604948,-3.982828491702691,6.809990144107666e-05,0.00027338216322197545,PIK3C2G
ENSG00000171243,48.23018122750382,-2.14548751977888,0.2326835835888849,-9.220622644224086,2.9537995610700744e-20,1.0958017195185452e-17,SOSTDC1
ENSG00000229672,8.50343824877117,-2.1372565869891336,0.38127874187606614,-5.605496326579479,2.076590271587603e-08,2.505681628726878e-07,ENSG00000229672
ENSG00000271824,34.737564848940494,-2.113520807560387,0.628588380945897,-3.3623287856195665,0.000772880387782244,0.0022834564154109766,SMIM32
ENSG00000259964,36.06320901323476,-2.1030426305622485,0.23927003327608462,-8.78941086674079,1.5034627464754169e-18,4.183163994605131e-16,THSD4-AS1
ENSG00000214842,12.924917473193918,-2.0930027535167723,0.3041287081907335,-6.881963777665314,5.9033026211070825e-12,2.2887394588390574e-10,RAD51AP2
ENSG00000062524,19.919464341975726,-2.0893501331725663,0.39762105498173894,-5.2546265017794935,1.483251678554273e-07,1.3427330984807103e-06,LTK
ENSG00000167011,12.226082697464667,-2.083166294040292,0.3339798409841577,-6.237401299137414,4.448996358369593e-10,9.239847541202271e-09,NAT16
ENSG00000167889,1006.1363278274915,-2.080846434014722,0.28583031298402967,-7.280006141724326,3.3380497912934256e-13,1.919632281193666e-11,MGAT5B
ENSG00000102468,810.0373008501628,-2.075355425673358,0.19823854446308603,-10.468980345342525,1.1992781094814863e-25,1.7454109101069016e-22,HTR2A
ENSG00000156463,32.41263953098971,-2.072119419367756,0.3515431629452035,-5.8943527787816645,3.761527868075781e-09,5.7813247168150915e-08,SH3RF2
ENSG00000196415,7.029792722791483,-2.06044305716091,0.4785270075800929,-4.305803067585575,1.663810266899277e-05,7.99157069971388e-05,PRTN3
ENSG00000189238,24.120854171416585,-2.0502894761018102,0.3360682176519898,-6.100813371840343,1.055300673492373e-09,1.912479764604952e-08,LINC00943
ENSG00000104327,232.30953994619088,-2.045972604731936,0.3144350154306885,-6.506821773425973,7.675738734916136e-11,2.0628547850087117e-09,CALB1
ENSG00000225840,58775.81156592515,-2.04562540100037,0.5865445054207408,-3.4875876972592215,0.00048739905134519693,0.0015229711067631917,ENSG00000225840
ENSG00000243742,33.191000883336606,-2.0366480225820953,0.2980656807909406,-6.832883333558197,8.322463884731415e-12,3.075410482404656e-10,RPLP0P2
ENSG00000224982,47.60998220101265,-2.035441059812304,0.2538615749630146,-8.0179170877233,1.0755336271782665e-15,1.2561170510007903e-13,TMEM233
ENSG00000081138,108.73092831548418,-2.029627948634141,0.24446999035800387,-8.30215580105328,1.0223900916648309e-16,1.682053959504226e-14,CDH7
ENSG00000168348,29.671542863308055,-2.0288090222774127,0.2664795210175167,-7.613376872379066,2.6702570380867552e-14,2.1316988675359245e-12,INSM2
ENSG00000226958,384523.47678731836,-2.026101047759857,0.5790639144994991,-3.498924724934849,0.0004671384415617095,0.0014667324260745085,ENSG00000226958
ENSG00000210077,17.99183965264348,-2.0023732009901867,0.47754778548708304,-4.193032114991031,2.7525045819599296e-05,0.00012376672901123168,MT-TV
ENSG00000184999,90.79529830029232,-2.001714129905049,0.2757063641913416,-7.260311657208789,3.8619945001578337e-13,2.1876926929037787e-11,SLC22A10
ENSG00000186081,9.012466141497626,-1.998206352469665,0.4326406100218409,-4.618628732907875,3.862843000591608e-06,2.2384376591483378e-05,KRT5
ENSG00000269945,24.635270810897683,-1.9961891394404463,0.31559565390996974,-6.32514774747152,2.529903984274849e-10,5.7119073248782985e-09,ENSG00000269945
ENSG00000070193,13.485003353865798,-1.994475555810808,0.3191689321328443,-6.248965218772197,4.1318090610250475e-10,8.695642651234026e-09,FGF10
ENSG00000174145,362.4073067620444,-1.9893871553021152,0.2658083867913368,-7.484290391724213,7.193474163790243e-14,5.022159822100051e-12,NWD2
ENSG00000249436,40.89261534529273,-1.9884686040525625,0.30925347181258306,-6.429899048175067,1.2768871963527152e-10,3.1580007522867155e-09,LNCBRM
ENSG00000107593,33.2205002535927,-1.983019361724283,0.3365442974642029,-5.892298210565313,3.808610464789824e-09,5.8441938356710034e-08,PKD2L1
ENSG00000164647,11.066411150770573,-1.9650538476437847,0.3661044629063642,-5.367467613052212,7.984984087486889e-08,7.925978575656748e-07,STEAP1
ENSG00000184845,179.7344534554489,-1.9610526324479503,0.163410273303495,-12.00079158307122,3.51914428913394e-33,1.6645552487603538e-29,DRD1
ENSG00000171509,315.5150166474524,-1.9604931915697013,0.2910837658041865,-6.73515125844749,1.6375948728010617e-11,5.493492020105689e-10,RXFP1
ENSG00000145451,502.22379310970393,-1.9585012394057266,0.24032637714938,-8.14933950503643,3.659173143043616e-16,5.128263397510016e-14,GLRA3
ENSG00000156486,292.69353364643223,-1.9518638125128949,0.22297236423304226,-8.753837361086061,2.062182185677346e-18,5.495279852537378e-16,KCNS2
ENSG00000156140,89.38749591661495,-1.9514741639614057,0.15432499733628408,-12.645224024912945,1.1888519855276241e-36,1.1246539783091324e-32,ADAMTS3
ENSG00000258859,7.640385866950604,-1.9263322816947241,0.38398832515360276,-5.016642839138805,5.258218673472143e-07,3.977828760579486e-06,LINC02296
ENSG00000164794,711.7633033067606,-1.9160450427336786,0.27590343292449443,-6.944621973072862,3.7947508762750786e-12,1.5407014287365768e-10,KCNV1
ENSG00000106809,235.23532945932817,-1.9058305122942105,0.4097957470059095,-4.650683971756123,3.308359685466507e-06,1.962814840044726e-05,OGN
ENSG00000177984,16.009813225871586,-1.9015007144532707,0.3533117843637209,-5.3819340271304075,7.368977417559945e-08,7.404198233682112e-07,LCN15
ENSG00000201331,15.535128962958728,-1.8799987940604281,0.48027900566394277,-3.9143888695727975,9.063346822244667e-05,0.00035017055723273247,SNORD115-23
ENSG00000149742,31.437330356289916,-1.8778472456375512,0.2915287884333024,-6.441378416619654,1.1839327161265323e-10,2.9629638874489407e-09,SLC22A9
ENSG00000179294,285.48189918892956,-1.8718952513150442,0.24534267607256624,-7.629717264359602,2.3526911862075767e-14,1.91866022599342e-12,ENSG00000179294
ENSG00000153666,13.951268896282818,-1.8584053507189529,0.26624541275486985,-6.980046459729891,2.9508246429438574e-12,1.2324415506511652e-10,ENSG00000153666
ENSG00000173452,162.7920405393812,-1.8572583417538409,0.21979377033036865,-8.450004469927533,2.912916699093506e-17,5.863019568813738e-15,TMEM196
ENSG00000186854,96.8023899332908,-1.8478946108586063,0.22935103444057184,-8.057058104690705,7.815250676800922e-16,9.539647922907964e-14,TRABD2A
ENSG00000081277,19.346322587287805,-1.8459290849904804,0.3433442680443095,-5.376321251858668,7.60230987126503e-08,7.60230987126503e-07,PKP1
ENSG00000256196,13.994090009039724,-1.8455023063691722,0.3243251866288604,-5.690283648802958,1.2682851400142337e-08,1.6521287296000795e-07,ENSG00000256196
ENSG00000248738,34.62120232339151,-1.844523390845245,0.41224887565829726,-4.474295746470693,7.666357037559537e-06,4.092761714182462e-05,PEBP4-AS1
ENSG00000139865,68.72716565370986,-1.8305783580609687,0.2835942481663663,-6.454920612448696,1.0827564732205856e-10,2.757167223867225e-09,TTC6
ENSG00000254377,259.6672943368796,-1.8279372713770503,0.2080500994994481,-8.786043725885838,1.5491932151091675e-18,4.2479326999805e-16,MIR124-2HG
ENSG00000233844,19.1785121949454,-1.8275599306094055,0.3351031764875503,-5.453723088409168,4.9325994757974585e-08,5.213674976652956e-07,ENSG00000233844
ENSG00000187094,1335.349088979628,-1.825509237815211,0.24634909482441636,-7.410253482426352,1.2605823878724393e-13,8.16788314333786e-12,CCK
ENSG00000164112,421.93546184157873,-1.8229470611199035,0.2714524244072619,-6.715530594727434,1.8738310417590046e-11,6.133716835654043e-10,SMIM43
ENSG00000122691,14.981997920305563,-1.8045212270776734,0.2944536696271401,-6.128370651188343,8.878356431904883e-10,1.648464216797256e-08,TWIST1
ENSG00000166558,10.87309153810267,-1.8033115137781826,0.3193229430327842,-5.64729704872174,1.6299007012617037e-08,2.0395318298856768e-07,SLC38A8
ENSG00000186212,131.4918904654458,-1.7997609804344146,0.3284441910452645,-5.47965538591724,4.2615504630714077e-08,4.6258482364492843e-07,SOWAHB
ENSG00000115194,459.04458084169306,-1.7957499731380087,0.26433160423696345,-6.793550012007589,1.0940728571804567e-11,3.9056336712932527e-10,SLC30A3
ENSG00000141668,302.40030767026474,-1.7913083374891174,0.19243596768079418,-9.308594225277444,1.2953538956059069e-20,5.327846892361686e-18,CBLN2
ENSG00000223573,105.72906415010719,-1.7839158250752305,0.24923329868376223,-7.157614309549938,8.209313069169211e-13,4.119899290946458e-11,TINCR
ENSG00000168830,47.674307049573336,-1.7820530761178046,0.2851415731604647,-6.249713278796237,4.1120686494576116e-10,8.67339340554493e-09,HTR1E
ENSG00000224223,120.60552741963416,-1.7794739625483391,0.22591784173218674,-7.876642008017269,3.3629666429980845e-15,3.229813649011358e-13,VSTM2A-OT1
ENSG00000096696,465.0309643279783,-1.7678958552022181,0.39221843196864453,-4.507426757913179,6.561857046815283e-06,3.563442460555257e-05,DSP
ENSG00000155011,37.10146279582273,-1.7649582263072205,0.27643754415921673,-6.384654557959308,1.7178480424894162e-10,4.078003132233344e-09,DKK2
ENSG00000049283,13.295340970167151,-1.757865977488489,0.2643581749571979,-6.649561632709503,2.9396723301749256e-11,8.985234327449046e-10,EPN3
ENSG00000117016,4362.944877895096,-1.7577983007417173,0.23093174975664943,-7.611765392130119,2.703770246952415e-14,2.149383742535281e-12,RIMS3
ENSG00000120903,40.17275331993911,-1.7554630858865894,0.44368899216997126,-3.9565171028946673,7.605044584583375e-05,0.00030120879954012445,CHRNA2
ENSG00000109255,8.715535569682794,-1.7539201357229566,0.45841122867905265,-3.8260845851813294,0.00013019756899009855,0.00048300745201816956,NMU
ENSG00000253686,6.858438228816944,-1.7521283291048864,0.44460853658886246,-3.940833755796981,8.11988876178833e-05,0.00031846661561574463,LINC01484
ENSG00000103154,728.0199483192808,-1.7495477173401104,0.2723112966856963,-6.424807705864113,1.3203631897632756e-10,3.257010632375642e-09,NECAB2
ENSG00000143320,55.5058606395023,-1.7472539112140657,0.35798230591705754,-4.880838751898801,1.0563559054697736e-06,7.288932797771013e-06,CRABP2
ENSG00000050628,245.85727691360037,-1.7448113189493546,0.28600557173572416,-6.100620027646178,1.056578063738607e-09,1.9129623890846357e-08,PTGER3
ENSG00000197322,31.33416044760447,-1.7380183136319038,0.21091112109998103,-8.240524750745637,1.714569912187939e-16,2.65898874906523e-14,TMEM132E-DT
ENSG00000266949,7.378662517299093,-1.7357856758124597,0.4044561585910699,-4.291653468348954,1.773475661156031e-05,8.456189392407286e-05,ENSG00000266949
ENSG00000186564,7.9693804298325475,-1.7319424333995748,0.5101381143681433,-3.395046134799705,0.0006861703704881307,0.002056445970162432,FOXD2
ENSG00000089558,40.54813104784683,-1.7287088983752235,0.343152619635463,-5.037726071308041,4.7109498862222215e-07,3.6217461132598306e-06,KCNH4
ENSG00000227895,9.307743417067801,-1.7228562538563221,0.32725534917319093,-5.26456254484185,1.405235551659867e-07,1.2831591041218475e-06,ENSG00000227895
ENSG00000105989,23.606599092822584,-1.722320148280167,0.3276776581147766,-5.25614153308214,1.4710909430611394e-07,1.3349180164372545e-06,WNT2
ENSG00000242428,17.313282031681666,-1.7149224303421762,0.33776691630969147,-5.077236246458784,3.829645807303279e-07,3.025340236917663e-06,CFAP20DC-AS1
ENSG00000224825,20.498103385822677,-1.7125303522318431,0.28316625675473234,-6.0477910463575135,1.468452339122712e-09,2.5465736256830167e-08,RORB-AS1
ENSG00000110931,2163.299620188776,-1.7113967505217536,0.14173988817781988,-12.074207003569239,1.4455101322968302e-33,9.116350567685343e-30,CAMKK2
ENSG00000137825,472.7335945470965,-1.7111735364914458,0.28151101801230605,-6.078531307846157,1.2128830388096058e-09,2.160804811137264e-08,ITPKA
ENSG00000119714,54.685187916140876,-1.710826750790501,0.3077052549395469,-5.559952985289827,2.6984733243463683e-08,3.1322156623701407e-07,GPR68
ENSG00000172031,105.55229710726785,-1.707118928239761,0.240368111515912,-7.102102344082162,1.2287317999424859e-12,5.797407893992976e-11,EPHX4
ENSG00000229231,13.866869521193577,-1.7041577774687993,0.3452251402393068,-4.936366384810484,7.959152170007968e-07,5.714882696643292e-06,FEM1AP1
ENSG00000207375,18.80845796489836,-1.6935754904877613,0.41819945489578014,-4.049683639376859,5.128691856826496e-05,0.000213686082209111,SNORD116-23
ENSG00000204588,31.74085112549609,-1.6898492617570215,0.1928601786297758,-8.762043433553703,1.9174236418094735e-18,5.182522186147891e-16,LINC01123
ENSG00000112038,67.5036154127498,-1.6881193446125977,0.20028468582256556,-8.428599209567732,3.498275139379754e-17,6.618736563706494e-15,OPRM1
ENSG00000258072,11.896511142454766,-1.6875310000229011,0.3815563688644452,-4.422756734595163,9.74494443152582e-06,5.032051000121957e-05,ENSG00000258072
ENSG00000196503,13.622945360634578,-1.679923491473935,0.3704165370055521,-4.535228111181103,5.75412606980736e-06,3.174921704308989e-05,ARL9
ENSG00000184611,450.5323816845779,-1.6774186787691336,0.244779613200192,-6.852771179915476,7.243289890618859e-12,2.7344657315773655e-10,KCNH7
ENSG00000094796,9.299699395483502,-1.6769682388687897,0.3930315174016251,-4.266752574845428,1.9833892049292433e-05,9.31853085603707e-05,KRT31
ENSG00000206187,10.969901259497034,-1.6690841993581313,0.3472545734283677,-4.8065146640968095,1.5358422287565208e-06,1.0103663062612438e-05,LINC02346
ENSG00000162817,1598.037688342373,-1.66855989771576,0.2038059115978063,-8.187004413338714,2.678083553143826e-16,3.897641601960092e-14,C1orf115
ENSG00000226757,8.432140625271606,-1.6667769235311387,0.31295659501758283,-5.325904454697605,1.0045192655813108e-07,9.606928027860518e-07,PP12613
ENSG00000113100,299.8642122166252,-1.6665312341190055,0.24732172628883511,-6.738313124067167,1.6023596901858195e-11,5.413686667556376e-10,CDH9
ENSG00000124772,743.6100296409426,-1.6649030951133927,0.17504668659445616,-9.511194570455363,1.884854832351289e-21,9.638230656239564e-19,CPNE5
ENSG00000163032,5153.361738024652,-1.6629545681824884,0.19864708675549309,-8.371401742374173,5.693683657335478e-17,9.882981174017179e-15,VSNL1
ENSG00000006283,353.55283254096787,-1.6584872341304526,0.2075811108295894,-7.989586468163583,1.3539213659745839e-15,1.5157510203691792e-13,CACNA1G
ENSG00000106123,1367.3680934047704,-1.6580724231648154,0.20117667235713121,-8.241872199881035,1.6953660326372337e-16,2.6509359783054928e-14,EPHB6
ENSG00000189181,22.17201373749544,-1.657231953623983,0.3729557183610603,-4.443508631283697,8.850360414877144e-06,4.635903074459456e-05,OR14I1
ENSG00000179546,32.145062503870676,-1.6562677150458145,0.25721833590166393,-6.439151039679439,1.20143598564988e-10,2.9948839062576717e-09,HTR1D
ENSG00000105289,10.27680301425566,-1.6559116153162463,0.35322382334608216,-4.687995276280714,2.758943852810769e-06,1.6800520661467572e-05,TJP3
ENSG00000172568,103.6292378389963,-1.655815508433959,0.20162671165708515,-8.212282464091725,2.1702300203570495e-16,3.2848601588124304e-14,FNDC9
ENSG00000185760,1008.1275065166341,-1.6507410184518063,0.20872771172627808,-7.908585806836035,2.6032918159055814e-15,2.6060466220599786e-13,KCNQ5
ENSG00000183807,43.12032243326055,-1.6499199397325368,0.20466736293922033,-8.06147065188166,7.538199297306181e-16,9.261216279547594e-14,FAM162B
ENSG00000250979,10.955055723327048,-1.6492526566103003,0.35229979644121917,-4.6813897517692045,2.8493662195839222e-06,1.7293046034094087e-05,TRPA2P
ENSG00000260396,11.81951948063227,-1.648961748720364,0.4898080450418396,-3.366546885891817,0.0007611564178814607,0.0022536539270769204,ENSG00000260396
ENSG00000265179,9.960366355220499,-1.647022785834939,0.377940479217551,-4.35788934078923,1.313227485239017e-05,6.512782181054312e-05,ENSG00000265179
ENSG00000186891,6.997708264489725,-1.6463941717125818,0.39856283080042404,-4.130827173236823,3.614602593133923e-05,0.00015714218994047294,TNFRSF18
ENSG00000050767,63.4892683017364,-1.6431593279274692,0.165084551211444,-9.953440923874663,2.4361123134527014e-23,2.3045622485262557e-20,COL23A1
ENSG00000133019,1208.348589561629,-1.6424884237617179,0.19883006591248115,-8.260764870865609,1.4474195587920486e-16,2.3012754665836606e-14,CHRM3
ENSG00000198673,820.9722284355012,-1.6412043621514667,0.28653817925786923,-5.727698718551811,1.0180215495710552e-08,1.3718637975701115e-07,TAFA2
ENSG00000260412,185.07043735975793,-1.6376456985337362,0.2868350453261054,-5.7093640586068615,1.1339909087537082e-08,1.506678932136247e-07,ENSG00000260412
ENSG00000095203,961.2046768942724,-1.6353260123003623,0.21749857182400537,-7.518789657265561,5.5285646861879466e-14,3.962138025101362e-12,EPB41L4B
ENSG00000117152,3582.6397291132266,-1.6266783728758503,0.22162211632026724,-7.3398738351777535,2.1379529258789726e-13,1.2964765819753257e-11,RGS4
ENSG00000259583,107.83965360033226,-1.625153080108251,0.26140933961511525,-6.216889888100544,5.071053498880334e-10,1.0316594860087734e-08,ALDH1A3-AS1
ENSG00000233928,7.563806416264826,-1.6241298427563928,0.2884084029527102,-5.631354101089414,1.7880019572308605e-08,2.2067186582392617e-07,ENSG00000233928
ENSG00000144407,68.83623956552672,-1.617933308380708,0.30176808625311324,-5.361512307247885,8.252809876147455e-08,8.136297559879973e-07,PTH2R
ENSG00000143318,111.29494078806866,-1.6148790753439324,0.20913591084550517,-7.721672805092239,1.1481280951347914e-14,1.0056751648125117e-12,CASQ1
ENSG00000154162,267.06248657288546,-1.6102838168580804,0.285235637854535,-5.645450999637346,1.6474879070036173e-08,2.0574568449180487e-07,CDH12
ENSG00000108950,39.54577127981889,-1.6101368064534982,0.4378801676483836,-3.677117452248792,0.0002358844466114038,0.0008089421297603334,FAM20A
ENSG00000123500,14.459198198460385,-1.6078790461810573,0.40239895278257604,-3.9957336744109906,6.449420611608664e-05,0.00026095602645773294,COL10A1
ENSG00000143067,261.85931401825934,-1.604126329093381,0.17776308766238003,-9.023956267794183,1.814164375877836e-19,6.129283927072973e-17,ZNF697
ENSG00000150051,108.85551979984082,-1.6036421664619442,0.19672313485095505,-8.151772122160034,3.586296082696034e-16,5.0636359615379826e-14,MKX
ENSG00000167550,35.36343954877775,-1.5993887346459383,0.24957254500799525,-6.408512340949605,1.469463871617997e-10,3.5643918526939102e-09,RHEBL1
ENSG00000150054,235.99465101739435,-1.5958950225178492,0.15324176674951215,-10.414230117344491,2.1351811603282274e-25,2.8855448252435755e-22,MPP7
ENSG00000260166,29.123678803997,-1.5918841802559816,0.26229068351538837,-6.069160211565757,1.2858082740719697e-09,2.267240684570519e-08,ENSG00000260166
ENSG00000180044,134.2422256626211,-1.5900897344483824,0.22482466304970353,-7.07257697122335,1.5208257539864587e-12,6.983986229471795e-11,C3orf80
ENSG00000241956,30.856730948070087,-1.5888652849232725,0.434089480144544,-3.660225270592157,0.0002519936083726207,0.0008555031527740864,LOC102546299
ENSG00000128045,131.3543140375174,-1.5857323129691856,0.27400328353585585,-5.7872748549076345,7.1537474103819815e-09,1.0085611103161482e-07,RASL11B
ENSG00000234373,9.037434363590512,-1.5855238816383308,0.355066808225445,-4.465424097404292,7.991029958933216e-06,4.24096176221645e-05,SNX18P7
ENSG00000255136,28.390423975826685,-1.5846402741107057,0.2243720777809881,-7.062555598640439,1.6346787447674614e-12,7.346347233016715e-11,TPBGL-AS1
ENSG00000115884,27.1521705305541,-1.5820865335349656,0.2604754497879557,-6.073841257680479,1.2488618725146103e-09,2.2082679091566753e-08,SDC1
ENSG00000169271,28.4466961119747,-1.5795140859569237,0.35066204629912145,-4.504377085079712,6.656791334127998e-06,3.609816338254564e-05,HSPB3
ENSG00000250770,15.24879168739279,-1.578259831126438,0.4456880334340756,-3.541176142796053,0.0003983475489430769,0.0012752513749582088,ENSG00000250770
ENSG00000259834,185.1895002928044,-1.5743416223028959,0.19898056165911782,-7.912037282314886,2.532105325915503e-15,2.5482677003362405e-13,ENSG00000259834
ENSG00000110148,199.0547701992723,-1.5728942455933248,0.1993526562046379,-7.890008969726141,3.02164817663662e-15,2.9775824740606695e-13,CCKBR
ENSG00000167178,278.8911531578902,-1.5726067881086083,0.16350547977674415,-9.618067787427664,6.707934040162188e-22,3.8458821830263217e-19,ISLR2
ENSG00000268038,13.380519520592776,-1.5713337639679736,0.4300107819063111,-3.6541729419015567,0.0002580123202841524,0.0008737413817390664,LINC01785
ENSG00000011083,344.26585619648,-1.568753274356148,0.23795159974345387,-6.592741028206955,4.317793830039644e-11,1.2568101425284626e-09,SLC6A7
ENSG00000269138,10.641196700189786,-1.5651634991759398,0.32064193483117454,-4.881343733158405,1.0536539935825326e-06,7.275888893062293e-06,ZNF209P
ENSG00000137501,2397.9165652891675,-1.5649204230063654,0.1850693382250703,-8.45586004691497,2.770377287579569e-17,5.636079385054349e-15,SYTL2
ENSG00000129009,214.25427636764587,-1.562058997062452,0.25332775275399955,-6.166158188673982,6.996908999612365e-10,1.3439748047986392e-08,ISLR
ENSG00000251536,8.753970512956336,-1.560704816936053,0.452685766574635,-3.4476560390787925,0.00056547366431236,0.0017338031295116509,ENSG00000251536
ENSG00000171303,155.46906399681038,-1.560168532858822,0.19640128043469854,-7.943779844029899,1.9611153762012966e-15,2.0386979625125566e-13,KCNK3
ENSG00000095627,13.805817025357046,-1.558387657225573,0.2809634625583808,-5.54658475175134,2.913034578381123e-08,3.3524704515189076e-07,TDRD1
ENSG00000060140,140.6551796433098,-1.5549991257265867,0.2899106077833066,-5.3637193120193425,8.152555857347157e-08,8.058848318756959e-07,STYK1
ENSG00000158292,287.94138923057795,-1.5540666299317303,0.25866854423324837,-6.007945939226328,1.878884644792466e-09,3.15425887129312e-08,GPR153
ENSG00000140015,257.9360286353984,-1.5537574312923994,0.2557596577276222,-6.07506846504742,1.2393483238262224e-09,2.199668882438286e-08,KCNH5
ENSG00000066248,1287.2267659376425,-1.5494357530834288,0.15904010096739743,-9.742421839892172,1.9875994668488433e-22,1.343049354027861e-19,NGEF
ENSG00000106511,9.346947401901916,-1.54899688406213,0.34501908791086006,-4.489597643543514,7.135783194087556e-06,3.8431260470292225e-05,MEOX2
ENSG00000072201,704.5978738348649,-1.5472403346865455,0.24140695613678514,-6.409261603090897,1.4622610125765698e-10,3.5514734734208855e-09,LNX1
ENSG00000147571,41.399076087891835,-1.546867682651243,0.3010303662301753,-5.138576888513864,2.7682692287367814e-07,2.2945636359253906e-06,CRH
ENSG00000118733,638.8831382490577,-1.5438792838274051,0.212446504427535,-7.267143735725804,3.6716806695627034e-13,2.0924156104857333e-11,OLFM3
ENSG00000149927,713.8129225117294,-1.5421858404019666,0.21342270293763874,-7.225969023794939,4.975411548733314e-13,2.6819027493457068e-11,DOC2A
ENSG00000268055,7.602922684423478,-1.5347896456585495,0.45731935555797637,-3.356056609031886,0.0007906238377603583,0.0023260150848120015,LOC124904710
ENSG00000174951,82.19974856924976,-1.5280752761853966,0.25897515095676454,-5.900470645697224,3.6246610661913645e-09,5.602825765714103e-08,FUT1
ENSG00000226562,9.62477380245615,-1.5276869841274034,0.4046000786004992,-3.7757950750074785,0.00015949808319927204,0.0005765578399178882,CYP4F26P
ENSG00000196990,285.516920928121,-1.5275372145091317,0.20584706110084003,-7.420738514993053,1.164690588334652e-13,7.704876199752315e-12,FAM163B
ENSG00000261340,68.09860188127148,-1.527326084894015,0.20289021538114324,-7.527844958047029,5.158459016895899e-14,3.768264270257545e-12,LINC01616
ENSG00000136535,649.970180180301,-1.5258121496163513,0.16847783283848022,-9.056456412750443,1.3475726138614186e-19,4.8105799725015167e-17,TBR1
ENSG00000113805,488.5968484085917,-1.5249706175742759,0.11955121948389562,-12.755793074780804,2.894142508388829e-37,5.4757176258716644e-33,CNTN3
ENSG00000272449,17.357712241746764,-1.524749697145642,0.23144729314865006,-6.587891681093681,4.4611590700005343e-11,1.2945572025216273e-09,ENSG00000272449
ENSG00000101958,147.70884543483263,-1.522590059174237,0.247019498750087,-6.1638456351766076,7.099915887706634e-10,1.3609970475725382e-08,GLRA2
ENSG00000109158,1812.3172440813726,-1.5204890169462824,0.2262289200950308,-6.721019648184584,1.8045725611083683e-11,5.94588210360989e-10,GABRA4
ENSG00000262873,7.164130452039941,-1.5169978161747988,0.42616016717999183,-3.5596893679978394,0.00037129371766797455,0.0011987747869266602,ENSG00000262873
ENSG00000054803,494.9148542157412,-1.5140156302024097,0.4545161212730159,-3.3310493497170817,0.0008651926264179116,0.0025145076024311653,CBLN4
ENSG00000168081,59.65871775199804,-1.5030170292578622,0.29416922951624935,-5.109361817786039,3.2324880244001496e-07,2.6203373359747568e-06,PNOC
ENSG00000170962,71.36272341026618,-1.50022895727166,0.2821362262928609,-5.317392158334194,1.0526503483195546e-07,1.001314459034991e-06,PDGFD
ENSG00000170214,136.40480560286932,-1.5000097621826756,0.30875414807161566,-4.858265942502407,1.184182852317475e-06,8.062158893791518e-06,ADRA1B
ENSG00000165474,53.445130968023236,-1.4994273977333037,0.3958436234467463,-3.787928638782342,0.00015190846374947464,0.0005521821583362267,GJB2
ENSG00000198883,133.76243318084013,-1.4991607892099026,0.28346061205945455,-5.288779906026099,1.2313494802556533e-07,1.1436981917740285e-06,PNMA5
ENSG00000197360,47.77900781987686,-1.492948796511463,0.1758637102687339,-8.489237456835848,2.0799734171222467e-17,4.372566339105879e-15,ZNF98
ENSG00000182732,281.6569266854994,-1.4929302598885328,0.22783746631340746,-6.55261087671549,5.6539709030722315e-11,1.5918620459245032e-09,RGS6
ENSG00000260523,10.144350506247255,-1.492608277032136,0.30922288283395544,-4.8269657903475,1.3862892339522844e-06,9.264780044640488e-06,ENSG00000260523
ENSG00000141433,119.0268582290958,-1.4921549113993402,0.3549814686467589,-4.203472697004868,2.6285087045272764e-05,0.00011893061757340122,ADCYAP1
ENSG00000234685,14.872642681027815,-1.4908507085779636,0.2518451621023112,-5.919711524862688,3.2250680322184306e-09,5.093346174421762e-08,NUS1P2
ENSG00000002746,1217.7072559024923,-1.4907416079873195,0.2164265128342493,-6.887980536511288,5.658995122872917e-12,2.2121526389412312e-10,HECW1
ENSG00000178015,19.340039184669234,-1.4858979565303665,0.22500398815568284,-6.603873863347954,4.0055037127494104e-11,1.174947755739827e-09,GPR150
ENSG00000214814,21.299930034585334,-1.4824026556574512,0.4260890649243007,-3.479091057924277,0.0005031176009691899,0.0015666532275077473,FER1L6
ENSG00000183775,2080.815933617261,-1.481384572181292,0.2162290832199655,-6.850995944307405,7.33375957121009e-12,2.7585433615764393e-10,KCTD16
ENSG00000216863,302.9609388614559,-1.4796608369682902,0.18044801541448055,-8.1999285698409,2.40529909851524e-16,3.6117665828498685e-14,LY86-AS1
ENSG00000153495,18.02539548412391,-1.4790958237662213,0.24116438653320652,-6.133143641267119,8.615928717088191e-10,1.612397342505525e-08,TEX29
ENSG00000250007,13.451923864403804,-1.4745760442252382,0.29518439297030247,-4.99544040722231,5.870164918939744e-07,4.379476351196371e-06,GJD2-DT
ENSG00000072657,662.609296034454,-1.474524712718122,0.2283062070629606,-6.458539746628476,1.0571809876367166e-10,2.704788094470006e-09,TRHDE
ENSG00000187730,573.346498883261,-1.4732166556324342,0.2670536983344223,-5.516555901755665,3.4570755775994084e-08,3.877170712992342e-07,GABRD
ENSG00000152669,33.57090417977942,-1.4709862382927112,0.385258660274317,-3.8181782526194743,0.00013444077495699958,0.0004964128536663607,CCNO
ENSG00000105650,58.160657306665385,-1.4686750831125739,0.20584663488540858,-7.134802489873885,9.692623666203882e-13,4.6988982372313236e-11,PDE4C
ENSG00000081189,5460.856211595798,-1.4666880385041239,0.22109334196347039,-6.6337955972751725,3.271628085255109e-11,9.810533684460146e-10,MEF2C
ENSG00000106327,82.38889764144452,-1.4649764927233508,0.1941974109074958,-7.543748837213795,4.5665023527159874e-14,3.348768391991724e-12,TFR2
ENSG00000126778,9.230942476062566,-1.4646242542680727,0.4065508313578484,-3.60256120833978,0.0003150971729647541,0.0010402440259105125,SIX1
ENSG00000230453,73.5192964792629,-1.4624912095988745,0.2041663840587717,-7.163232166456351,7.879673201871294e-13,4.0076187360055075e-11,ANKRD18B
ENSG00000179841,1014.5107318604156,-1.4586583288963415,0.2726259672369003,-5.350401297719486,8.775940731382431e-08,8.566899081656408e-07,AKAP5
ENSG00000179148,10.033471018651614,-1.457462862007751,0.3816439263773167,-3.8189075242004855,0.00013404399751113882,0.000495237733433069,ALOXE3
ENSG00000164951,1919.8190870216272,-1.4564900805115566,0.16330473716504643,-8.918847706417314,4.711647613241319e-19,1.4613831613528814e-16,PDP1
ENSG00000152595,31.920652041860343,-1.4550988534630283,0.2915326385622465,-4.991203937367525,6.000410190721662e-07,4.460815748858697e-06,MEPE
ENSG00000272349,17.549901082339325,-1.4537663712512783,0.27238665181251986,-5.337142483222293,9.442283890339985e-08,9.128666898581119e-07,ENSG00000272349
ENSG00000248828,12.868985119029864,-1.4533640503863574,0.24140251177266486,-6.02050094555366,1.7387809034708339e-09,2.9350827166911105e-08,ENSG00000248828
ENSG00000197901,67.44708251731203,-1.4532271231290714,0.393811387367786,-3.6901602384897068,0.0002241128372453676,0.0007740443374739603,SLC22A6
ENSG00000184385,27.18862770938322,-1.4525342085689734,0.30285654312870547,-4.796113016292626,1.617740309656985e-06,1.057258951941629e-05,UMODL1-AS1
ENSG00000168542,142.02569293618717,-1.4484272424501825,0.32955153356385325,-4.395146418487347,1.1069811322037009e-05,5.6135306945306944e-05,COL3A1
ENSG00000100302,308.2556859035211,-1.443373343613565,0.223153270894031,-6.46808060590329,9.925555207701872e-11,2.56896723022872e-09,RASD2
ENSG00000169744,869.6520053215289,-1.4424527638999,0.17761942477469997,-8.121030488245125,4.622418839465811e-16,6.202564854091713e-14,LDB2
ENSG00000244040,12.820099719208244,-1.4416585220940352,0.30505658767532035,-4.7258724457654715,2.2912944979863714e-06,1.4349980768587271e-05,IL12A-AS1
ENSG00000137868,18.766372904128495,-1.4398576742672897,0.3284313998036133,-4.384043898142071,1.1649628211245658e-05,5.877283059628557e-05,STRA6
ENSG00000158748,17.3929469329755,-1.4398109530116356,0.2444207575764273,-5.890706531180866,3.845479337061539e-09,5.8959861472612904e-08,HTR6
ENSG00000107518,10839.861309453761,-1.4314001798360798,0.15029790236202492,-9.523753541072342,1.6703433517355093e-21,8.778582281898843e-19,ATRNL1
ENSG00000108018,510.39147908412207,-1.4257895090298,0.2064092068514293,-6.907586782483327,4.929673969273585e-12,1.9459028820382936e-10,SORCS1
ENSG00000170419,875.2415890870207,-1.4254339703020547,0.23372441032371621,-6.098780903234628,1.0688044484524394e-09,1.933248581713208e-08,VSTM2A
ENSG00000157782,849.2511873932923,-1.424514426035791,0.19042138895794664,-7.480853037735094,7.384171829856575e-14,5.136343052238471e-12,CABP1
ENSG00000169900,29.021939892420146,-1.4242484074434485,0.307051960986379,-4.638460548723312,3.5101391949240093e-06,2.0663296069683342e-05,PYDC1
ENSG00000149654,431.8519765766236,-1.4220062499891881,0.22490157858191342,-6.3227935479842206,2.568764042966611e-10,5.779001115892956e-09,CDH22
ENSG00000183186,328.0661520838588,-1.4211147547791143,0.1896423003746467,-7.4936591254780165,6.697954083458542e-14,4.710977370224372e-12,C2CD4C
ENSG00000254269,11.817907394091353,-1.421033231888111,0.32441925742473576,-4.380236990764292,1.1855030390566404e-05,5.9637642911331125e-05,ENSG00000254269
ENSG00000144366,227.00304139971072,-1.4134441162347366,0.23833215135803199,-5.930564165098334,3.0189557647908306e-09,4.7918324723022245e-08,GULP1
ENSG00000150995,3654.4484250272467,-1.4116912543064897,0.2004646213926857,-7.042096727587453,1.8936828678592435e-12,8.351627006968971e-11,ITPR1
ENSG00000070159,387.70602396282203,-1.4080398192301553,0.27708412755224904,-5.081632902139603,3.7420405811221657e-07,2.9697738168972893e-06,PTPN3
ENSG00000101470,9.241626327778183,-1.4043503763505778,0.2968236198455427,-4.731262212492914,2.231280809919378e-06,1.401122898230157e-05,TNNC2
ENSG00000261185,48.210968103867295,-1.4020123959725557,0.24420394428243766,-5.7411537724838615,9.403365258169131e-09,1.27901991865248e-07,ENSG00000261185
ENSG00000183662,307.7604609893891,-1.4013692248477692,0.2578534440303993,-5.434750852823811,5.487305011629164e-08,5.720799017963243e-07,TAFA1
ENSG00000173930,18.132572215661146,-1.4012741714290804,0.28932550287518294,-4.843244572303051,1.2773589845385915e-06,8.625136326720254e-06,SLCO4C1
ENSG00000207279,44.7460626071465,-1.401213804037834,0.38646075751164816,-3.625759606382805,0.0002881132867209044,0.0009619028383200125,SNORD116-24
ENSG00000175084,23.15046553540219,-1.3999275809400709,0.38928776034318424,-3.596125343642804,0.0003229922132951775,0.0010624152773895616,DES
ENSG00000271761,6.840254569319588,-1.3980059930302586,0.3500338148230201,-3.9939169698136214,6.499063030676358e-05,0.0002625715834729804,ENSG00000271761
ENSG00000180777,92.63416813029765,-1.3946958607514242,0.18385509273633152,-7.585842959224262,3.303323246116059e-14,2.550974523123096e-12,ANKRD30B
ENSG00000171617,13667.247843394676,-1.3943251935098508,0.23737501691573223,-5.873934045910291,4.255727431059695e-09,6.467338393224854e-08,ENC1
ENSG00000103888,538.49677961073,-1.3941376409791402,0.30338258672479274,-4.595311998719964,4.321022313215918e-06,2.463946418506485e-05,CEMIP
ENSG00000248905,1082.3218266146746,-1.393887289100228,0.17108142760015635,-8.147507936150483,3.715005167811649e-16,5.168227777573265e-14,FMN1
ENSG00000171246,4593.557459548615,-1.393044014427353,0.18223351838216453,-7.644279860228458,2.1011795610077195e-14,1.7364564080686242e-12,NPTX1
ENSG00000125895,58.84122528667916,-1.390099235387883,0.25284121255178027,-5.497913972799033,3.8431032296147215e-08,4.2348764614038155e-07,TMEM74B
ENSG00000264919,19.640729502838155,-1.3893151741091825,0.20464936855935095,-6.788758665073835,1.1310245246019872e-11,4.007300375556104e-10,ENSG00000264919
ENSG00000175766,27.98588690953853,-1.3891623767837427,0.2949873802642807,-4.709226460939397,2.486586757460859e-06,1.538797171484238e-05,EIF4E1B
ENSG00000106341,14.273452765070589,-1.3890839812494975,0.26026000674317423,-5.337293265423804,9.4344377381805e-08,9.125744478853532e-07,PPP1R17
ENSG00000163017,8.968114952298185,-1.3888597502147824,0.40383395519223436,-3.4391851709291084,0.0005834679933685394,0.0017833949005707213,ACTG2
ENSG00000253554,8.676295719931725,-1.3884918834118198,0.35146016967420046,-3.9506379476767908,7.794315734047186e-05,0.00030767463736318124,LINC01414
ENSG00000198963,1506.30642590612,-1.3865633185644384,0.17290723429742197,-8.019116864592124,1.0650813780060613e-15,1.2561170510007903e-13,RORB
ENSG00000226852,62.67532994995059,-1.3835336063999115,0.24420895732887715,-5.665367976395318,1.4670934867422228e-08,1.8641644572977068e-07,ENSG00000226852
ENSG00000135824,66.66870082192032,-1.3767824038126892,0.23559288153140698,-5.84390493831262,5.099113359716011e-09,7.537126934830228e-08,RGS8
ENSG00000154914,123.9892461212472,-1.3751323337892551,0.13963057457266775,-9.848361205973532,6.967066989253315e-23,5.492371143194696e-20,USP43
ENSG00000254746,29.649363061562337,-1.3747000257568078,0.162055402725305,-8.482901542548499,2.1964651555925415e-17,4.566716565253944e-15,LOC105376654
ENSG00000196917,9.738876768983758,-1.374606406157142,0.4070423587939592,-3.3770598476041016,0.00073265107187726,0.0021771255347758376,HCAR1
ENSG00000248540,22.118047670950634,-1.3735203144471666,0.21756049092541124,-6.313280084103443,2.7318242947257346e-10,6.10269255080628e-09,LOC283731
ENSG00000272078,7.163398523463772,-1.373513610683048,0.3041255487487154,-4.51627170533416,6.293790049174013e-06,3.4286929954037526e-05,ENSG00000272078
ENSG00000164129,41.7779042019896,-1.3726529592071042,0.23709632829109126,-5.789431532325762,7.062503774901334e-09,9.979280912705994e-08,NPY5R
ENSG00000251621,16.62711693199684,-1.371792445936044,0.23246791048666324,-5.900997015305234,3.6131144390800896e-09,5.5986998515475264e-08,ENSG00000251621
ENSG00000157152,5256.424765543205,-1.3710021682454194,0.2105081091327633,-6.512823538692068,7.37511335550875e-11,1.993387781231794e-09,SYN2
ENSG00000149269,2955.246441282679,-1.3709648670636754,0.19667741345670847,-6.970626890847559,3.1553177754583973e-12,1.3091800945542298e-10,PAK1
ENSG00000111087,16.90590223040729,-1.3706783214789997,0.34661555729257837,-3.95446278345207,7.670681020285014e-05,0.0003036177508447541,GLI1
ENSG00000144152,64.05967596150596,-1.3701843022848181,0.2553048571062664,-5.366855600849387,8.012115031183063e-08,7.940765656887562e-07,FBLN7
ENSG00000267506,113.10658678240937,-1.3683880518688463,0.27025563776810374,-5.063309920820259,4.120391901552474e-07,3.229628966759899e-06,ENSG00000267506
ENSG00000167535,758.2751423142315,-1.3677251472266732,0.2087558005902006,-6.551794696769143,5.6849664866469174e-11,1.5982104892624023e-09,CACNB3
ENSG00000199436,9.413048385338852,-1.3661076000270742,0.3698778651965112,-3.6934018728081477,0.00022127391810200257,0.000765776939910351,SNORD9
ENSG00000196368,429.9633622407501,-1.365419151039748,0.2127082647438764,-6.419210615458968,1.3698278345464554e-10,3.3571428276708466e-09,NUDT11
ENSG00000156076,432.8902494948505,-1.3648685632479503,0.28560409894861505,-4.778882965168903,1.7627175614264251e-06,1.1386349014062125e-05,WIF1
ENSG00000152822,643.141509076346,-1.3642119032377675,0.17090268746459192,-7.982389999106414,1.4352669838429465e-15,1.570845991220632e-13,GRM1
ENSG00000107105,978.965337967179,-1.3629881126193417,0.21474833041556932,-6.34690900730991,2.1968397570157203e-10,5.013776622766879e-09,ELAVL2
ENSG00000166006,1687.9745503323543,-1.3609423351867866,0.19161401209714873,-7.102519905990934,1.2250237875015125e-12,5.794362514882154e-11,KCNC2
ENSG00000135638,123.86973872588692,-1.3582742293979309,0.2431865901865598,-5.58531713593227,2.3327413002716455e-08,2.7775623285802093e-07,EMX1
ENSG00000188477,19.562461264796124,-1.3573088916243425,0.3265589809065283,-4.15639737684277,3.2330529470165916e-05,0.00014258592484278304,ENSG00000188477
ENSG00000091622,2118.64942638381,-1.3570924327577736,0.25603565562886993,-5.300404076238947,1.1554666167713504e-07,1.0833215257340908e-06,PITPNM3
ENSG00000010379,148.9527439281091,-1.3565775314540283,0.30950146641914184,-4.3831053440531536,1.1699950185886276e-05,5.8935851309097005e-05,SLC6A13
ENSG00000261739,10.202917057535092,-1.353712290383911,0.4123003958399833,-3.283315524415107,0.0010259376679227958,0.002910156023553118,GOLGA8S
ENSG00000137766,2546.9117164038353,-1.3528571260772773,0.1905712381401103,-7.0989575304256585,1.257014266879462e-12,5.91609699735309e-11,UNC13C
ENSG00000010438,159.91844773151212,-1.3518982135025361,0.20951935112471912,-6.452378771914968,1.1010795590200683e-10,2.800057158153184e-09,PRSS3
ENSG00000115844,16.357712859360763,-1.3500739457405,0.3122415601805713,-4.323812451358953,1.5335568225528785e-05,7.432094027331061e-05,DLX2
ENSG00000151952,654.3727930297529,-1.3497657526739195,0.14914745276783087,-9.049874655083926,1.431325470606755e-19,5.014940352570334e-17,TMEM132D
ENSG00000166863,79.56237635654459,-1.348554961038105,0.23419406439824378,-5.758279845832924,8.49753982543668e-09,1.1709647013638892e-07,TAC3
ENSG00000094804,29.349543709612277,-1.3473162079856633,0.2158462118339349,-6.242019243878344,4.319577916234711e-10,9.020575516022156e-09,CDC6
ENSG00000008118,404.9731715865404,-1.3463989669351324,0.20475685812400962,-6.575598879914903,4.845772774220571e-11,1.3985765889995648e-09,CAMK1G
ENSG00000227053,10.016773256893176,-1.344526199853165,0.3655705205441934,-3.677884633180171,0.00023517627961088065,0.0008068060218019696,MUC12-AS1
ENSG00000174482,257.64724457002234,-1.3418894213442032,0.2692535037712645,-4.983739868002465,6.236691358828117e-07,4.5997698908995924e-06,LINGO2
ENSG00000151229,2413.736723548153,-1.3374104245915255,0.21856775498830114,-6.118974066705817,9.417972846822326e-10,1.733346753520218e-08,SLC2A13
ENSG00000074276,15.560397557211278,-1.3362087826254954,0.21869701457481763,-6.109862931706229,9.971674455085168e-10,1.828140316765614e-08,CDHR2
ENSG00000185742,1172.0658378034925,-1.3353788208895137,0.2141336371698643,-6.2361936150657495,4.483461387278994e-10,9.280863178043607e-09,C11orf87
ENSG00000198691,17.606324292825366,-1.335032815142008,0.2352218088120705,-5.675633657798401,1.3817620561345883e-08,1.773605027277233e-07,ABCA4
ENSG00000154146,2873.649198600356,-1.3311641517429895,0.14423464803127575,-9.229156585554538,2.727711901678875e-20,1.0437134865096476e-17,NRGN
ENSG00000140945,1060.592804840248,-1.3299819737179528,0.17669192271783699,-7.5271237827992215,5.187019314934803e-14,3.77455405532948e-12,CDH13
ENSG00000205456,6.020636882364596,-1.328287030981172,0.3200455036648544,-4.150306802535583,3.3202992178727305e-05,0.00014595739126894067,TP53TG3D
ENSG00000110427,3495.3961726046573,-1.3270582836202833,0.2286976078596474,-5.802676713762149,6.526455163317615e-09,9.298232807979615e-08,KIAA1549L
ENSG00000184185,140.90773889474994,-1.3253707115088558,0.22430609720652586,-5.908759182272893,3.4469416128000196e-09,5.375128443705265e-08,KCNJ12
ENSG00000242779,93.47875926424014,-1.325162384238064,0.18220362094449377,-7.2729750230472066,3.5165536257109405e-13,2.0100663020680057e-11,ZNF702P
ENSG00000141744,51.24927989475454,-1.324960553721728,0.20442148243498012,-6.48151328294547,9.080717198626128e-11,2.3763093969295484e-09,PNMT
ENSG00000264608,16.7899626265199,-1.3237597001939132,0.23254598852049316,-5.692464138452583,1.2521890453819235e-08,1.6338908095604133e-07,ENSG00000264608
ENSG00000165659,98.01265295174315,-1.32248624413547,0.17368394416648364,-7.614326416193135,2.6507014700974675e-14,2.1250538904340714e-12,ENSG00000165659
ENSG00000248469,21.137816670214132,-1.3224840813514394,0.35187516392487367,-3.758389954551591,0.0001710102200245942,0.0006118595618126555,LOC100996385
ENSG00000172673,83.46042273468925,-1.3221916329710084,0.33292830745636626,-3.9714004587738327,7.145135499099448e-05,0.00028550361909812367,THEMIS
ENSG00000161544,142.5139509183839,-1.3193459138178876,0.19681200776370505,-6.703584444918171,2.0336808022980173e-11,6.577306116150169e-10,CYGB
ENSG00000233705,744.7675238985004,-1.319163050257595,0.26026631120777194,-5.0685124945137465,4.009366682370446e-07,3.1546651389863203e-06,SLC26A4-AS1
ENSG00000214381,11.441523315835836,-1.3183491530255336,0.31886279173943394,-4.134534311243355,3.556751149219966e-05,0.000154911905486284,LINC00488
ENSG00000185130,17.07995013768778,-1.3163674658747222,0.2648993865599728,-4.969311114568016,6.719118759385972e-07,4.908329225003188e-06,H2BC13
ENSG00000117009,15.56492456257268,-1.3122782668995427,0.28831350916010634,-4.551567044924031,5.32478238004891e-06,2.966574871334669e-05,KMO
ENSG00000251011,8.365112341298653,-1.3119621968853765,0.4212945956206552,-3.114120642712213,0.0018449403558023982,0.004864985579342352,TMEM108-AS1
ENSG00000273312,10.43555467437784,-1.3096208676506047,0.27559398274407493,-4.751993692354158,2.0142065776560835e-06,1.2801071027629526e-05,ENSG00000273312
ENSG00000150361,105.54615950996238,-1.308455913088823,0.26270020337898514,-4.980795204034066,6.332352552202439e-07,4.652742147093986e-06,KLHL1
ENSG00000166510,77.75186113051862,-1.3076063187473512,0.2911491657427316,-4.491190333352328,7.0826221201498515e-06,3.8210211152904245e-05,CCDC68
ENSG00000205035,109.05035536820823,-1.3074722612662326,0.17135416379317614,-7.6302333851913104,2.343291047126265e-14,1.91866022599342e-12,GRM5P1
ENSG00000267651,14.212810716923496,-1.3041899262426728,0.238057952229164,-5.478455619861872,4.290541685633105e-08,4.6443947618251474e-07,ENSG00000267651
ENSG00000125869,751.4470644524172,-1.3038173958462753,0.2810971024855162,-4.638316739367513,3.5125819531998914e-06,2.0671244340448508e-05,LAMP5
ENSG00000162621,13.847555555692193,-1.3021947066730033,0.4379138698837263,-2.973632022705192,0.002942977721128456,0.007329358757897904,LRRC53
ENSG00000267142,6.806386874054785,-1.3015599516786907,0.37751581200696827,-3.447696520999407,0.0005653889246694734,0.0017338031295116509,ENSG00000267142
ENSG00000120088,142.02456345503145,-1.3007753722785158,0.24463860543202698,-5.317130425843346,1.0541650798685275e-07,1.0022514226689719e-06,CRHR1
ENSG00000235663,17.917711738182323,-1.3002550090351037,0.3591689590008182,-3.620176455817113,0.00029440217450967784,0.0009795798216020197,SAPCD1-AS1
ENSG00000165621,22.360395484081046,-1.2986399622776503,0.5840967091944459,-2.2233303866215293,0.02619352997296865,0.048873923775992784,OXGR1
ENSG00000166960,12.156064833813033,-1.2985772855070834,0.31151114187209367,-4.168638327679074,3.0642477172422034e-05,0.00013599710722548086,CCDC178
ENSG00000095932,15.642510651580878,-1.2968237255883823,0.26826777119910433,-4.834064560911788,1.3377317041215994e-06,8.981505976572272e-06,SMIM24
ENSG00000217801,23.18506088417539,-1.295560955634416,0.2126691352356427,-6.091908702214368,1.1157231302936918e-09,2.008513951013953e-08,PTPN11BP
ENSG00000088882,30.612250753804723,-1.294944021418344,0.35455553391210026,-3.652302383015069,0.00025989958826982615,0.0008795028098846558,CPXM1
ENSG00000164061,7556.282643532787,-1.2903746871019983,0.19289139136261071,-6.689643731566339,2.237145626024022e-11,7.125723105113551e-10,BSN
ENSG00000272515,10.489895965322123,-1.2894555718546221,0.2552552970586931,-5.051631001248629,4.3805334016493566e-07,3.3883766132136478e-06,ENSG00000272515
ENSG00000261026,10.15112917709439,-1.2877939200069044,0.36568323509945316,-3.521610498924483,0.00042893386289186294,0.001360735862829317,ENSG00000261026
ENSG00000148702,9.222555703279129,-1.287421158047228,0.4169840082073974,-3.087459309487228,0.0020187540742125356,0.005264110862207429,HABP2
ENSG00000220575,103.66912157683888,-1.2872325290786852,0.26054945055817236,-4.9404538229539945,7.794095015438538e-07,5.615547513027309e-06,HTR5A-AS1
ENSG00000145526,603.1894378472213,-1.285131486881365,0.18600920840956248,-6.908967023028835,4.881954170429289e-12,1.9323550816845635e-10,CDH18
ENSG00000159248,46.90123606975265,-1.2845501018524,0.2164827378923556,-5.933729933197411,2.9612878951269764e-09,4.7161251663133325e-08,GJD2
ENSG00000106236,706.984071852361,-1.2837101416053256,0.19785461808201246,-6.488148490288038,8.689761566618184e-11,2.2930305277603353e-09,NPTX2
ENSG00000151468,580.5015746174969,-1.2828397191909813,0.20649153357088687,-6.212553594845538,5.213039119061811e-10,1.0560032134116643e-08,CCDC3
ENSG00000119042,1385.6325095314544,-1.2824992252006486,0.1900481826234375,-6.748284606024355,1.4960327880889037e-11,5.081676903167335e-10,SATB2
ENSG00000004660,1223.1027414719413,-1.2813671542362952,0.16820820211238502,-7.617744783813661,2.581460571625939e-14,2.0783503836239477e-12,CAMKK1
ENSG00000181211,15.000251376906968,-1.2812950501890115,0.36665978923094,-3.494506591182242,0.0004749388823227965,0.0014884617613959432,HECW1-IT1
ENSG00000164128,200.20068812668075,-1.2803330145035252,0.20214243299490933,-6.333816188587027,2.391704268424387e-10,5.412804396960455e-09,NPY1R
ENSG00000106089,1806.4614693377966,-1.2799780534028757,0.200094074809519,-6.396881340046477,1.58582466024181e-10,3.795126811260371e-09,STX1A
ENSG00000234423,31.860781809822715,-1.2781593530194861,0.20966775084757233,-6.096118014585388,1.0867519643193288e-09,1.9619606073398568e-08,LINC01250
ENSG00000249605,9.738792952788549,-1.2743476560494849,0.39128008628127714,-3.256868163572736,0.0011264873998639417,0.0031570347512110465,ENSG00000249605
ENSG00000228314,8.785027068122298,-1.2740062233234788,0.3261903365778717,-3.905714181141397,9.394750385252452e-05,0.00036148517115134075,CYP4F29P
ENSG00000164122,10.307131183184007,-1.2734985648412698,0.3052190337882634,-4.172408742125569,3.0139632879090203e-05,0.00013404839070813037,ASB5
ENSG00000112053,46.84910705474765,-1.2734329689977801,0.19398892465548553,-6.564462230301715,5.2220978173017366e-11,1.4947366218358374e-09,SLC26A8
ENSG00000198523,22.966634316433744,-1.2733165493322258,0.45290438631964675,-2.811446715452113,0.004931925894746054,0.011510057719081701,PLN
ENSG00000215475,58.480342273833166,-1.2709918133264355,0.18085745486788896,-7.027588739733497,2.1013316728736123e-12,9.139585115119252e-11,SIAH3
ENSG00000246363,22.917493368432122,-1.2703219231996814,0.27834511027905035,-4.563837754958731,5.022690022115143e-06,2.820697394432131e-05,LINC02458
ENSG00000040608,389.5508766757237,-1.2692023700224904,0.21105565608630666,-6.013590886678143,1.814581177232894e-09,3.0544373552710275e-08,RTN4R
ENSG00000163827,188.11154160132014,-1.2676476066591356,0.2316376332494333,-5.472546014550669,4.43615520858975e-08,4.768866849233981e-07,LRRC2
ENSG00000185774,621.2715821047107,-1.2657390194067903,0.18256564976475853,-6.933062276708319,4.1182679317637165e-12,1.657821899339777e-10,KCNIP4
ENSG00000241532,6.482246788642999,-1.265321557775819,0.372562157618047,-3.3962696744768013,0.0006831102132089069,0.0020488974689144767,AGGF1P3
ENSG00000175832,8.821699291152363,-1.2649396466497176,0.3155633748732459,-4.008512227243775,6.110247567754873e-05,0.0002491506120300047,ETV4
ENSG00000227450,10.182387621223494,-1.2645736598494257,0.2737670411630832,-4.619159612775003,3.852973904854984e-06,2.2347721115835774e-05,ENSG00000227450
ENSG00000256391,10.736374240029578,-1.2633768848539206,0.36348780300509187,-3.4757064044765835,0.0005095097452188255,0.00158369055027767,ENSG00000256391
ENSG00000140798,38.6343722033075,-1.2621782231848169,0.29026346221037724,-4.3483882317575855,1.3714167865367817e-05,6.753567309025483e-05,ABCC12
ENSG00000259946,28.89382495057305,-1.2606048912083747,0.2280969635785661,-5.526618467124705,3.2646184495465906e-08,3.68535686547861e-07,ENSG00000259946
ENSG00000228824,52.62646216698266,-1.260351582341071,0.1741599211537781,-7.236748696206732,4.595685570673655e-13,2.513016502807675e-11,MIR4500HG
ENSG00000248485,209.2671121352975,-1.260027106785709,0.18564683541832663,-6.787226423474612,1.1430973784673803e-11,4.0425051216080067e-10,PCP4L1
ENSG00000197238,13.124157773131772,-1.2571043403597915,0.25371089072955905,-4.954869445079482,7.237887053867881e-07,5.2487858589183715e-06,H4C11
ENSG00000166159,290.7631017059253,-1.2562634066274634,0.2468189365818617,-5.089817758820148,3.5840779750645015e-07,2.8648396826455584e-06,LRTM2
ENSG00000177511,2742.725581420949,-1.2554576201764687,0.20658752538577252,-6.077122119702446,1.2235858071421773e-09,2.1757747623242476e-08,ST8SIA3
ENSG00000113749,109.32608045781642,-1.2522893416487817,0.24398541370833404,-5.132640196047942,2.8570576424531754e-07,2.356387558640544e-06,HRH2
ENSG00000044524,277.3367324155014,-1.25216847176782,0.1731291626394014,-7.232568174409033,4.739445819716369e-13,2.5841589310960726e-11,EPHA3
ENSG00000207174,66.4197527237004,-1.2520850603860956,0.49267778638018517,-2.54138728190984,0.0110413541585946,0.023141954212984362,SNORD116-15
ENSG00000198759,12.521789505808423,-1.2511419413570772,0.46337535312672007,-2.700061479132934,0.006932666372349914,0.015476819795263759,EGFL6
ENSG00000041353,1253.6302134764821,-1.24918288743138,0.21748661504141414,-5.743723066329892,9.261721540813705e-09,1.2633869614433692e-07,RAB27B
ENSG00000144355,132.616884656339,-1.2484724243732455,0.23944230246011253,-5.214084610555489,1.847271436269686e-07,1.6195725474616522e-06,DLX1
ENSG00000171476,1462.3822322011795,-1.2481961511807402,0.21767100143981466,-5.734324475581844,9.790175064148558e-09,1.3268632680063806e-07,HOPX
ENSG00000117114,926.5668262233625,-1.2473237301903248,0.14800792940255797,-8.427411526025766,3.533952877462097e-17,6.62003845956266e-15,ADGRL2
ENSG00000250378,5.434098910007752,-1.2470659441772376,0.4421686877612262,-2.8203397904345975,0.004797282167033567,0.011236021119122936,LOC107986453
ENSG00000174473,123.1930431216,-1.2462288311689351,0.24628391924219556,-5.060130742614153,4.1896909410732743e-07,3.2668268365837693e-06,GALNTL6
ENSG00000122824,159.43887026780246,-1.2459584340665348,0.1317506821845443,-9.456941045066547,3.1708344030490324e-21,1.4998046726421924e-18,NUDT10
ENSG00000113389,20.93399183072101,-1.245546782830329,0.34732407891180156,-3.586122755245597,0.00033563101330912553,0.001098830034921034,NPR3
ENSG00000175772,33.30630083689893,-1.245288440846097,0.2016342677765022,-6.175976209690775,6.575588891605429e-10,1.2786242736811378e-08,LINC01106
ENSG00000257950,7.994168275962392,-1.2441922628925992,0.32696646386627704,-3.805259561425387,0.00014165556205302635,0.0005199075138784206,P2RX5-TAX1BP3
ENSG00000260001,98.73145727846175,-1.243831857841691,0.2538082220610369,-4.900675981814997,9.550746221673585e-07,6.682696690608884e-06,TGFBR3L
ENSG00000106537,741.8151109957214,-1.243811217147605,0.15641456725987346,-7.9520164837402065,1.834998304076447e-15,1.9395624532472837e-13,TSPAN13
ENSG00000162981,610.943701014766,-1.2430674170712224,0.1490953610777625,-8.337398347510527,7.594288571387881e-17,1.2944499078437722e-14,LRATD1
ENSG00000233452,187.3143518097788,-1.24279637283431,0.1798728901098857,-6.909303409063348,4.87039291566984e-12,1.9318204185424189e-10,STXBP5-AS1
ENSG00000227825,91.3148398607715,-1.2426921182392245,0.23234846650965083,-5.3483981921938275,8.873606774094554e-08,8.654053616797369e-07,SLC9A7P1
ENSG00000234233,10.294603822613082,-1.2424410045175316,0.2808670829008368,-4.42359065962952,9.707386852416282e-06,5.016494035899055e-05,KCNH1-IT1
ENSG00000260837,139.0715095275598,-1.2410368304717678,0.15187068216670083,-8.171668242785293,3.0415396886957134e-16,4.3595402204638565e-14,ENSG00000260837
ENSG00000132386,405.31422207307077,-1.2408235690877547,0.16372166316093045,-7.578860030685648,3.486043445210746e-14,2.681135852983224e-12,SERPINF1
ENSG00000145692,9.007809142948243,-1.2383176966321414,0.4335780511341648,-2.8560433199810684,0.004289566027964429,0.010188123179649384,BHMT
ENSG00000172260,2592.0398853227634,-1.2373267707483606,0.14386929370096363,-8.600353410507314,7.947099562083913e-18,1.8115557074051523e-15,NEGR1
ENSG00000183049,2863.5841266700163,-1.2368534938217197,0.15215330340733804,-8.128995336436901,4.3286296536720327e-16,5.934613988947454e-14,CAMK1D
ENSG00000177363,18.51872449378512,-1.2363467899270355,0.33571244756967766,-3.6827552832113257,0.000230726626084781,0.0007935553109478378,LRRN4CL
ENSG00000146426,372.1713274375226,-1.236011187552968,0.20177996423497002,-6.125539729572208,9.037671554539213e-10,1.671483341269618e-08,TIAM2
ENSG00000111341,116.16091236776624,-1.235818813310424,0.3061438724126338,-4.036725620445327,5.420239800213086e-05,0.00022430213696419856,MGP
ENSG00000249684,28.1482040905343,-1.2342775462743367,0.2981151776483184,-4.140270737004856,3.468961577956177e-05,0.00015157679689360476,ENSG00000249684
ENSG00000054277,204.20354259960268,-1.2336327876415067,0.12759158432366552,-9.668606234343107,4.099225490995702e-22,2.5622753992119785e-19,OPN3
ENSG00000200503,42.56213848510487,-1.2333551796700695,0.30040960967522806,-4.105578316896873,4.033046115718143e-05,0.00017279264608104,SNORD115-5
ENSG00000273367,10.404909440797153,-1.2329443998952916,0.24940660566642925,-4.943511406206708,7.672785876074704e-07,5.534468500775197e-06,ENSG00000273367
ENSG00000185290,15.460921100529294,-1.232832553621025,0.29892248179691283,-4.124255045020696,3.7193658259963825e-05,0.0001610675244400356,NUPR2
ENSG00000204603,11.130052590870255,-1.2321075743134378,0.35852841343124836,-3.4365688412857343,0.0005891326160873665,0.0017983848170979306,LINC01257
ENSG00000144619,530.7441108110249,-1.2295027094199575,0.1929106202720803,-6.373431943175923,1.8484432326098238e-10,4.344415647326443e-09,CNTN4
ENSG00000130558,5949.572442637688,-1.2293574601775283,0.21996145244605553,-5.588967732785008,2.2842338910146327e-08,2.728390480934145e-07,OLFM1
ENSG00000251372,50.1653556386451,-1.2280314556471341,0.28619824563244756,-4.290842010346365,1.779969204579102e-05,8.480500435463095e-05,LINC00499
ENSG00000105048,86.40790087604319,-1.2259046996451368,0.19244217827821233,-6.370249550349897,1.8872087999043064e-10,4.420647062626859e-09,TNNT1
ENSG00000166501,7235.319913320192,-1.2256691519539524,0.17319958594710855,-7.076628649263895,1.4770363452540054e-12,6.799398455524521e-11,PRKCB
ENSG00000207063,29.486551178176146,-1.2251292969392167,0.3728742678427089,-3.2856364801660654,0.001017522347698778,0.002887150992570618,SNORD116-1
ENSG00000061455,31.954172395694364,-1.223530879167059,0.3061264257247051,-3.996815617176943,6.42002669888524e-05,0.00026013010320987345,PRDM6
ENSG00000147676,887.4853179454414,-1.2212891136283086,0.20680827319999692,-5.905417103150624,3.5175563030712654e-09,5.464052976527779e-08,MAL2
ENSG00000156687,518.8929845940477,-1.2212739988545844,0.2075004020280118,-5.885646422457133,3.965011713212662e-09,6.069419224432326e-08,UNC5D
ENSG00000205018,7.315012280362466,-1.2199595236868193,0.2887999821055319,-4.224236839602807,2.397518179285947e-05,0.00010972676330936168,ENSG00000205018
ENSG00000165973,555.4001153559881,-1.2194178665004856,0.22468250163418121,-5.427293436877837,5.721502240511592e-08,5.915345485818542e-07,NELL1
ENSG00000215559,28.816001222780347,-1.2187230569885197,0.23207623019510196,-5.251391131112234,1.5095474616083985e-07,1.3632762755909738e-06,ANKRD20A11P
ENSG00000189410,567.0365304988285,-1.2180682807555312,0.21193187581577333,-5.747451986950586,9.059831371826613e-09,1.239421616449454e-07,SH2D5
ENSG00000116329,55.997407190808126,-1.2149290437528497,0.23939471084919708,-5.075003701807661,3.8748845780938323e-07,3.058343601412181e-06,OPRD1
ENSG00000182255,321.88779265363706,-1.212656374580246,0.1695657607767608,-7.151540317014531,8.580950925989441e-13,4.249524682974238e-11,KCNA4
ENSG00000211772,48.882701326187465,-1.2126255930765786,0.18537341358096496,-6.541529174284444,6.089295185798267e-11,1.6942568369897531e-09,TRBC2
ENSG00000165995,568.4056828206013,-1.2122263641944782,0.18160058876380597,-6.675233667723008,2.468385525502336e-11,7.783642357084034e-10,CACNB2
ENSG00000052850,15.545118762026776,-1.2116925483745862,0.5144250427272442,-2.3554307192176167,0.018501246669629698,0.03620806198243641,ALX4
ENSG00000091137,84.40792862421472,-1.2114972649936657,0.20107721365496825,-6.025035074697693,1.6907295413640544e-09,2.8689329975433102e-08,SLC26A4
ENSG00000260903,106.22897660827563,-1.2107356287360322,0.12226389325120736,-9.902642526264199,4.0541855532677006e-23,3.4865995758102226e-20,XKR7
ENSG00000147465,51.89186288274891,-1.2106475759471151,0.21628715418723743,-5.597408595514973,2.1757949894962395e-08,2.6120584518571606e-07,STAR
ENSG00000168843,477.9185074265115,-1.2098232836202685,0.1973680085533259,-6.129784114903263,8.799839753580092e-10,1.6387103163162927e-08,FSTL5
ENSG00000185518,6468.5608509251715,-1.2063177310699371,0.17117778426233932,-7.047162902992069,1.826025022150051e-12,8.090958646154325e-11,SV2B
ENSG00000136928,2503.6665270571307,-1.2058286283302164,0.2150810963989182,-5.6063905592787435,2.0658950162711698e-08,2.494367179824539e-07,GABBR2
ENSG00000141485,106.35005496565121,-1.2056970092955608,0.2994012472451422,-4.027027343370973,5.648646581082555e-05,0.00023258409861606514,SLC13A5
ENSG00000225210,19.301693878768965,-1.2044468763597047,0.21842040570301652,-5.5143514292221205,3.500684817268538e-08,3.916119077346579e-07,DUXAP9
ENSG00000251209,7.9787761528299725,-1.2032803923739097,0.3565588366791331,-3.3747036073508974,0.000738952301849493,0.0021930945178027304,LINC00923
ENSG00000022355,2905.827325994248,-1.2002889946394202,0.2106968297118271,-5.69675868536357,1.2210656426921767e-08,1.6010091448188484e-07,GABRA1
ENSG00000265787,8.985603850395739,-1.1995952419306566,0.4137781467735292,-2.8991266244595177,0.003742037370460487,0.009035487006821748,CYP4F35P
ENSG00000204396,107.5079077876977,-1.1986190089360707,0.2754489845750349,-4.351509992985853,1.3520315826585298e-05,6.671997272795875e-05,VWA7
ENSG00000270750,10.752537612918333,-1.197655326019951,0.28047477074564436,-4.270100026594103,1.9538532009230088e-05,9.198960803880693e-05,ENSG00000270750
ENSG00000196176,37.10588192763055,-1.1968619198369552,0.17940165071147282,-6.671409739489176,2.5335776154218407e-11,7.9626725056115e-10,ENSG00000196176
ENSG00000167434,139.08972488141066,-1.196777024300101,0.14815335204695382,-8.077961165001584,6.58585713913604e-16,8.362712555198247e-14,CA4
ENSG00000019505,2180.2751626718227,-1.1958939351521103,0.23974686896585248,-4.988152463932463,6.095945304570311e-07,4.517637491675295e-06,SYT13
ENSG00000115457,88.135630523824,-1.1952135123829368,0.32474225117355693,-3.6804989435888364,0.0002327780237578895,0.0007992088180372549,IGFBP2
ENSG00000270523,23.743405033013637,-1.195136411220435,0.3361617807886878,-3.5552417898800375,0.0003776316498757785,0.001215927640512207,ENSG00000270523
ENSG00000254561,13.990301610982566,-1.1944539842175408,0.21024042737590656,-5.681371556964522,1.3361884166879775e-08,1.728003065190467e-07,ENSG00000254561
ENSG00000224050,14.942609279088511,-1.193716747137294,0.27428664135154524,-4.352077597564593,1.3485351281135001e-05,6.65974456602349e-05,ENSG00000224050
ENSG00000137809,32.83693456475962,-1.1922015563116928,0.2883376537540469,-4.134741130024749,3.5535496881844214e-05,0.00015484375886791628,ITGA11
ENSG00000236064,19.278198298980186,-1.1905234134887714,0.2599222449950041,-4.580305981550961,4.642961574144229e-06,2.6269387853710773e-05,LOC101928335
ENSG00000165899,120.26568561896347,-1.190027409405277,0.2312287276390064,-5.146537895858443,2.653378812729996e-07,2.2105648232871654e-06,OTOGL
ENSG00000074706,1172.9193362845456,-1.1897955044153432,0.15009058291013141,-7.927182914118922,2.241729803625246e-15,2.268103095432602e-13,IPCEF1
ENSG00000081803,969.0339582189389,-1.189575474664255,0.17043388475043147,-6.979688789034912,2.958346487753899e-12,1.2328615759538276e-10,CADPS2
ENSG00000078053,1558.0601142630007,-1.1894551712940018,0.1879853340771666,-6.327382809585236,2.4935421203385593e-10,5.636537266046062e-09,AMPH
ENSG00000070808,19134.657448654212,-1.1869818056798063,0.19831772013677368,-5.985253384625343,2.1605325071274247e-09,3.576314526233672e-08,CAMK2A
ENSG00000182632,7.814708219675213,-1.1858076368273487,0.2983444280790848,-3.974626388909855,7.048982177920727e-05,0.0002819592871168291,CCNYL2
ENSG00000009709,40.0620187108101,-1.1833561153964867,0.28377524364839024,-4.170047042097569,3.0453677054831387e-05,0.00013528611643047892,PAX7
ENSG00000169933,1146.1144023016923,-1.1822675261598763,0.16515160588791628,-7.158680170280923,8.145748008993483e-13,4.0988710726105504e-11,FRMPD4
ENSG00000234231,17.231711450845605,-1.1808288676458356,0.2154151445391476,-5.481642760874886,4.2139448018067194e-08,4.5846944019656774e-07,ANAPC1P4
ENSG00000122644,375.3815612959609,-1.1802190362932492,0.12531250359833335,-9.418206502969797,4.588585421196834e-21,2.067048480215336e-18,ARL4A
ENSG00000183473,129.26395472763303,-1.1783869381025684,0.24054994861924375,-4.898720389950226,9.646279982335731e-07,6.73957227717105e-06,ENSG00000183473
ENSG00000120341,8.985593969912903,-1.1777972468121385,0.3139140532006953,-3.7519736208150416,0.00017544792859910138,0.0006249011312302331,SEC16B
ENSG00000111218,189.09510550725062,-1.1777700894852972,0.24988958426160338,-4.713161986985092,2.4390215322032274e-06,1.5134892551421799e-05,PRMT8
ENSG00000138378,158.44457979133094,-1.1773615314481787,0.25445612964663755,-4.6269725672679884,3.71049639333993e-06,2.1647422683315284e-05,STAT4
ENSG00000138944,2170.473765175492,-1.176228869027148,0.20100672201130193,-5.851689223413199,4.866052430345487e-09,7.237870438847218e-08,SHISAL1
ENSG00000162522,415.8850925073937,-1.1750473584724193,0.17448546313056523,-6.73435676181887,1.6465671858875935e-11,5.513814364069605e-10,NHSL3
ENSG00000182107,20.42019728785334,-1.174495119257786,0.3741066370643707,-3.139466138516266,0.0016925597446118702,0.004508409174722876,CDC50B
ENSG00000177272,211.61849322776067,-1.173949726405028,0.190355226171432,-6.167152591585695,6.953065391464167e-10,1.3396333727749698e-08,KCNA3
ENSG00000180139,37.035053266936174,-1.1736429896164717,0.2058771082329373,-5.700696885097914,1.1931863491851384e-08,1.573176705685214e-07,ACTA2-AS1
ENSG00000070729,160.82873733229377,-1.172423571682673,0.4469637346857184,-2.623084337048195,0.008713769962086762,0.018893482429828277,CNGB1
ENSG00000078328,1773.8385378922594,-1.171655072069208,0.16484547199773447,-7.107596331704582,1.1808131745555977e-12,5.599244426714764e-11,RBFOX1
ENSG00000169035,179.92245362454244,-1.1715422929268664,0.26092344529961553,-4.489984760018776,7.122826959008203e-06,3.838333411120342e-05,KLK7
ENSG00000207263,54.19927696881382,-1.1709128060048153,0.41675364883844473,-2.8096042092692555,0.004960245799785491,0.011564738204798704,SNORD116-16
ENSG00000240253,28.10390195064479,-1.1705074914521425,0.28633610091042494,-4.087879550397016,4.353340675455357e-05,0.00018488261634032628,FAR2P3
ENSG00000198010,819.0550472426194,-1.1697313456656762,0.20129665177469108,-5.810982623669977,6.210721054464197e-09,8.92231149206246e-08,DLGAP2
ENSG00000169676,40.81688008117921,-1.1692753706799668,0.2428283441649614,-4.81523429524207,1.470272793234532e-06,9.723085314257161e-06,DRD5
ENSG00000074317,1635.0611305590244,-1.168772386886001,0.20220811125150598,-5.780047000351457,7.467975935263262e-09,1.0466229977420809e-07,SNCB
ENSG00000134245,125.9494332906131,-1.1685816309177182,0.15327853710953165,-7.623909080516985,2.4610674018166514e-14,1.989888685571412e-12,WNT2B
ENSG00000134343,673.2602489857519,-1.1683465274364182,0.223379117269494,-5.230330129861135,1.6920759692915748e-07,1.5015983742493713e-06,ANO3
ENSG00000225471,14.807692580653628,-1.1681633839178285,0.22096979652853216,-5.286529662740547,1.2465861006099836e-07,1.1544155187924144e-06,LOC121627959
ENSG00000178171,396.2181717558029,-1.1680162752073133,0.20402771544386175,-5.724792206128942,1.0356041696019743e-08,1.391593102902653e-07,AMER3
ENSG00000167281,639.0138690729494,-1.1672081103337295,0.21212084485056887,-5.502562047383808,3.7431142769700704e-08,4.135331098523476e-07,RBFOX3
ENSG00000151090,1656.988466583028,-1.1670873289490231,0.13713923367097117,-8.510236623817924,1.7357875642408466e-17,3.772951822555918e-15,THRB
ENSG00000139767,712.2063033664384,-1.1669477613333576,0.2105048576501459,-5.5435669008303705,2.9637136320556383e-08,3.404581780114916e-07,SRRM4
ENSG00000156564,280.639817075338,-1.1664223801648714,0.16757516459517036,-6.960592179531647,3.3884536056333466e-12,1.3936857004039763e-10,LRFN2
ENSG00000269902,9.035647626383978,-1.1647508399756015,0.37229890076106253,-3.1285368761352483,0.0017567896503118833,0.004656550880344751,ENSG00000269902
ENSG00000063180,3226.5682900609127,-1.1640196636050433,0.14573671480293296,-7.987140818832409,1.3810430758315589e-15,1.537019705572535e-13,CA11
ENSG00000175274,511.3601479635163,-1.1631507173905935,0.19973864955132486,-5.823363279983076,5.767499878580357e-09,8.381036689918614e-08,TP53I11
ENSG00000163364,9.630819979784462,-1.1617239211476462,0.37633576133173724,-3.0869347017053608,0.0020223201542747204,0.005272467592514498,LINC01116
ENSG00000255371,7.879454953518427,-1.1608921885811727,0.3843002236346556,-3.02079498575781,0.0025211199856271854,0.006391408288693957,OPCML-IT2
ENSG00000136267,3023.7755737135326,-1.1599644052477829,0.17520318829188192,-6.620680916578561,3.5754801775279855e-11,1.0619793557116088e-09,DGKB
ENSG00000183780,198.79319441374963,-1.1583112199588195,0.1325899960568838,-8.736037818885526,2.4142917709318295e-18,6.257315110415098e-16,SLC35F3
ENSG00000122966,2166.827079601926,-1.1569165727302757,0.17266492979745965,-6.700356430731871,2.079117813961765e-11,6.69943017677298e-10,CIT
ENSG00000236668,26.93551999117489,-1.1555723143644248,0.21932368084989112,-5.268798653599646,1.3731948466853367e-07,1.2569350023844495e-06,LHX2-AS1
ENSG00000123360,659.239033874019,-1.1554023565757374,0.16348720654597065,-7.067234072843811,1.5805223054158382e-12,7.18833702367011e-11,PDE1B
ENSG00000184672,464.0172557914257,-1.1550471478197326,0.17913024772393576,-6.448085471303642,1.1327188382372224e-10,2.8536671663712717e-09,RALYL
ENSG00000102678,107.21336597327834,-1.155018515879823,0.23170412768784746,-4.984885368273921,6.19985590045028e-07,4.578504045141269e-06,FGF9
ENSG00000170786,64.79950595759372,-1.1510274857333473,0.24367937212107235,-4.7235327131483995,2.317826549506448e-06,1.448737308115692e-05,SDR16C5
ENSG00000102924,53.57372210407463,-1.1509740352568731,0.3062093716610617,-3.758781218919936,0.00017074305549908252,0.0006110230028688342,CBLN1
ENSG00000205562,63.69230236081403,-1.1509018478265851,0.25794318181533665,-4.461842486887378,8.125794727167148e-06,4.301623845495312e-05,FLRT2-AS1
ENSG00000101098,1560.0089514038768,-1.1499204130724112,0.19642835526169233,-5.85414672713838,4.794651954832775e-09,7.137278913094894e-08,RIMS4
ENSG00000149573,18.549190682134927,-1.1478677292652444,0.4040094507151292,-2.8411902920424907,0.004494548447253796,0.010615011437029313,MPZL2
ENSG00000156711,69.56872316141975,-1.1476201836678976,0.20153552796775087,-5.694381508016475,1.238199410227952e-08,1.618304897537903e-07,MAPK13
ENSG00000011347,1975.9180341837734,-1.14674990951926,0.19202159780533487,-5.9719839988093275,2.3438552462964344e-09,3.842785204499873e-08,SYT7
ENSG00000167754,18.53781400385898,-1.1462808332035779,0.34222818636639024,-3.3494635417795986,0.0008096821071034122,0.002375435798789977,KLK5
ENSG00000163630,1259.1884454325675,-1.1455428400966763,0.2188761684158322,-5.2337486003515705,1.6610634054599025e-07,1.4761540456224214e-06,SYNPR
ENSG00000242768,13.283358756721952,-1.1449215282115306,0.3026591939466887,-3.782873777206981,0.00015502804080322937,0.0005615135929780761,RPL31P25
ENSG00000199704,21.25768271285412,-1.1448275092768376,0.24006738226006863,-4.768775743289559,1.853488466365564e-06,1.1899559478668635e-05,SNORD115-29
ENSG00000204131,202.5606216004568,-1.1446840784162897,0.20685055756994913,-5.533869919732754,3.1324132051926096e-08,3.557338405897009e-07,NHSL2
ENSG00000091136,360.798626980592,-1.1446058174757758,0.23098672482087704,-4.955288310890515,7.222311596082725e-07,5.241508837663412e-06,LAMB1
ENSG00000115616,97.22939032906687,-1.1444712887883621,0.2270480056794091,-5.040657747086099,4.6393452601018637e-07,3.5681468423222466e-06,SLC9A2
ENSG00000256008,12.038816629484339,-1.1434033330102746,0.24781245193348006,-4.613986601921023,3.950178998651489e-06,2.2813610089891994e-05,CABP1-DT
ENSG00000139874,331.50682912817484,-1.1429321577317986,0.25878337168222604,-4.416559496470531,1.0028430693365364e-05,5.154520747581437e-05,SSTR1
ENSG00000106536,85.38798176799642,-1.1425447644863178,0.1856970510351655,-6.152735103315957,7.615795190557585e-10,1.4481491960336635e-08,POU6F2
ENSG00000117461,648.8224400470832,-1.1416082157503848,0.13241459185918697,-8.621468372340715,6.610094371392091e-18,1.5632873188342295e-15,PIK3R3
ENSG00000197550,11.968914520301665,-1.141303634394803,0.2657287289769449,-4.294995271263367,1.746970602487204e-05,8.344530118419061e-05,ENSG00000197550
ENSG00000169116,1123.7368874559218,-1.1408786816182035,0.20513829026518526,-5.5615101410047485,2.6745013466292114e-08,3.106296223340987e-07,PARM1
ENSG00000266045,59.137280958998154,-1.1406837054434444,0.3581538445762215,-3.184898676134933,0.001448046993054864,0.003930148870343835,ENSG00000266045
ENSG00000139044,97.76866835110444,-1.1405515460378166,0.16389504708979127,-6.959036080040637,3.426087705582331e-12,1.406108012789972e-10,B4GALNT3
ENSG00000255403,11.460936265137281,-1.140188724901877,0.3442568125808947,-3.3120295175972774,0.0009262177271763727,0.002666875574216553,HSPD1P13
ENSG00000213088,53.9838961803733,-1.1400310968710181,0.20020010328963309,-5.694458085377282,1.2376438469742083e-08,1.618304897537903e-07,ACKR1
ENSG00000129159,607.3019167799757,-1.1399057458675605,0.20366631823590317,-5.596928130979554,2.181830986103358e-08,2.617643770264777e-07,KCNC1
ENSG00000113946,10.31068494026494,-1.1392457400001912,0.26398406992481543,-4.31558518029007,1.5918065471671157e-05,7.684863453024198e-05,CLDN16
ENSG00000186260,3479.5456905301075,-1.1392437906325348,0.16504484870543154,-6.902631615397051,5.104788791107736e-12,2.0037884632315016e-10,MRTFB
ENSG00000145536,92.27273532098965,-1.1384419048266783,0.3140614664951767,-3.6249015758963297,0.00028907152165534453,0.0009647615434325487,ADAMTS16
ENSG00000227318,8.422944543919684,-1.1373637996073802,0.3421386879863609,-3.3242770827855646,0.0008864807175854331,0.0025661283930104644,ENSG00000227318
ENSG00000196090,2424.715107844783,-1.1371991341843768,0.23593960942450243,-4.819873767521284,1.4364908536560182e-06,9.55936670500976e-06,PTPRT
ENSG00000172020,2887.0779362206918,-1.1365801116685734,0.2209888888718805,-5.143155013225628,2.701625256383686e-07,2.2477902309049842e-06,GAP43
ENSG00000158815,28.857045647346986,-1.1362481057216631,0.2732842440112968,-4.157751976636801,3.2139468695028804e-05,0.00014187558276013647,FGF17
ENSG00000231764,528.6102871126434,-1.1359129930478298,0.284339501571256,-3.994918000386127,6.47166477757475e-05,0.0002616322598113553,DLX6-AS1
ENSG00000101489,1774.0662138531222,-1.134539269442352,0.17102447587756894,-6.633783051348352,3.27190631865452e-11,9.810533684460146e-10,CELF4
ENSG00000251600,38.618489193922336,-1.1341044673245355,0.1938351718135805,-5.850870390102637,4.890071857808431e-09,7.267883703828399e-08,GUSBP5
ENSG00000172137,297.224180235673,-1.1339927140592345,0.3095720806883364,-3.6630974974803645,0.0002491836384100673,0.0008473318545504086,CALB2
ENSG00000248610,14.644968809758188,-1.1334431015391435,0.23351861837118318,-4.853759025490249,1.2114292965173473e-06,8.226935495372653e-06,HSPA8P4
ENSG00000140955,84.14139938244487,-1.133269137465849,0.3820497260783252,-2.9662870043087373,0.0030141906270187953,0.007485035656017274,ADAD2
ENSG00000013588,10.41425414062378,-1.132793038672172,0.42239758714347575,-2.6818170206246856,0.007322349864181394,0.016220449529365646,GPRC5A
ENSG00000243295,8.733683335434,-1.1326330766363502,0.3264263433494993,-3.4697967848252325,0.0005208522785788112,0.0016144372723969705,CFAP20DC-DT
ENSG00000175344,37.94772024801641,-1.1325545576525513,0.29558261587712326,-3.8316006991539915,0.00012731224591740493,0.0004734173924444381,CHRNA7
ENSG00000236358,8.572213063999977,-1.1319969934578042,0.29552679106315244,-3.830437806959785,0.00012791546224839645,0.00047547358462468776,ENSG00000236358
ENSG00000165985,945.2934399213957,-1.1317969417998326,0.2694306665138804,-4.200698296314852,2.6609299181640608e-05,0.00012012597005885,C1QL3
ENSG00000176928,94.19134624145237,-1.1305678337240532,0.21251237954261917,-5.320009291493151,1.03761952636053e-07,9.885076253142613e-07,GCNT4
ENSG00000145864,3668.604389141816,-1.1302104428237372,0.21807112046271274,-5.182760745327522,2.1862541244044808e-07,1.8730190681555445e-06,GABRB2
ENSG00000163995,756.5243048326039,-1.130054187270142,0.1779270651242688,-6.3512214203099635,2.136119758939865e-10,4.904779834847359e-09,ABLIM2
ENSG00000231863,9.556827711462327,-1.1295981037600153,0.30071163121262995,-3.756416402002385,0.0001723638122637388,0.0006156547721408227,LOC102724087
ENSG00000262619,16.100395479999374,-1.129500102296817,0.19321717353962095,-5.8457541925754475,5.042782340768854e-09,7.465527534221183e-08,LINC00621
ENSG00000215504,8.944395207611802,-1.1291422785406684,0.3180547729705276,-3.5501503970364876,0.0003850111296793027,0.001237792790744674,ENSG00000215504
ENSG00000176204,442.3439156741547,-1.1251800064267878,0.18311979772494064,-6.144502235180986,8.021466075030137e-10,1.5191805619576598e-08,LRRTM4
ENSG00000130477,4332.267432580915,-1.1244178984289093,0.1898032773129849,-5.924122672417022,3.1396902490760794e-09,4.9709572813823785e-08,UNC13A
ENSG00000269935,46.47903845345771,-1.1231578552375316,0.24120059015375608,-4.656530295060894,3.2158297781108643e-06,1.9181431085074892e-05,LOC124903750
ENSG00000258472,91.65636772346541,-1.1220401043425028,0.18473306007998966,-6.073845709353042,1.2488272339711314e-09,2.2082679091566753e-08,ENSG00000258472
ENSG00000236333,72.99792694075538,-1.1220020100754495,0.19261944623610894,-5.8249674786216685,5.712372241386061e-09,8.313698677463405e-08,TRHDE-AS1
ENSG00000128578,382.9082778953834,-1.121825038859866,0.16732616986956053,-6.704420711562258,2.022069105882924e-11,6.550949911524816e-10,STRIP2
ENSG00000172995,1577.4089703821662,-1.1204728968419204,0.17516172397189778,-6.3967907567619315,1.5867653125454083e-10,3.795126811260371e-09,ARPP21
ENSG00000147434,11.09623953406295,-1.1191615884059392,0.4111007163531575,-2.7223537782515552,0.0064818710970460415,0.014618761789633438,CHRNA6
ENSG00000259796,303.0505287102572,-1.1180207373343325,0.16477007278876807,-6.785338614055313,1.1581455014947414e-11,4.072883436483366e-10,ENSG00000259796
ENSG00000157214,779.0249613925932,-1.1172511360613375,0.1676661853897819,-6.663544789690351,2.6730053290976348e-11,8.34542257863486e-10,STEAP2
ENSG00000201907,8.52103375251382,-1.1156916913597874,0.2594356714470162,-4.300456005671688,1.7044700840274217e-05,8.157999997419382e-05,SNORD115-38
ENSG00000158089,112.03829003238245,-1.1156270628373182,0.15745527145910415,-7.085358606917647,1.3868470319418172e-12,6.431163197141957e-11,GALNT14
ENSG00000007171,51.06769403951714,-1.1149176145413864,0.23782216835535713,-4.688030650176653,2.758467117906574e-06,1.6800520661467572e-05,NOS2
ENSG00000259071,23.29090466188375,-1.1143741758172903,0.19623457520084472,-5.6787860889281925,1.3565399637484774e-08,1.745968443137496e-07,ENSG00000259071
ENSG00000223414,31.998451982127943,-1.1136018672063077,0.3448461339237811,-3.229271717607364,0.0012410591859224637,0.003430864961667594,ENSG00000223414
ENSG00000186867,16.396389039788527,-1.1126588946934997,0.2340722366825367,-4.753485122639969,1.9993982329808716e-06,1.272405468146589e-05,QRFPR
ENSG00000165887,19.92746188895867,-1.1123923142069707,0.29208819462053354,-3.8084124408113635,0.00013986185318235375,0.0005143219168532814,ANKRD2
ENSG00000252316,28.44927835996149,-1.1110759783374855,0.22667379521126704,-4.901651632478859,9.503425362475157e-07,6.6545080628434485e-06,RNY4
ENSG00000106976,7210.591144000987,-1.1093169020390306,0.1972771385955474,-5.623139659954841,1.8751767835454745e-08,2.29782025548448e-07,DNM1
ENSG00000122375,14.286279991506055,-1.1091545890556953,0.3141217768529135,-3.5309700593443845,0.00041403861211205536,0.001319456045336043,OPN4
ENSG00000259343,7.7023752974620425,-1.1089729130620385,0.28080312939441815,-3.949289722851938,7.838343340251761e-05,0.0003089925569346762,LOC105370921
ENSG00000223553,6.73454188324991,-1.1086882009695358,0.4449631193158447,-2.4916406615321396,0.01271546075101133,0.02614677941627371,SMPD4P1
ENSG00000262454,23.645662997600166,-1.1072814119796002,0.22533511754202368,-4.9139318542885295,8.92677885309533e-07,6.309101826692703e-06,MIR193BHG
ENSG00000164379,36.464196575745326,-1.1071226833587127,0.23758378537957953,-4.659925262112902,3.163242186900481e-06,1.8927432693281816e-05,FOXQ1
ENSG00000224668,32.945328293458864,-1.1068315012826426,0.22470993212828522,-4.925601155229582,8.410138876187679e-07,5.991064546053133e-06,IPO8P1
ENSG00000188729,35.48228371574285,-1.106189850131229,0.25582288460659786,-4.324045723400852,1.5319352395548462e-05,7.429213146314049e-05,OSTN
ENSG00000232224,43.2754187037994,-1.1059325322022724,0.23769161138950295,-4.652804218614142,3.2745112075779423e-06,1.9451727487401778e-05,ENSG00000232224
ENSG00000270111,18.850462316225354,-1.1049056605115637,0.25794938942527224,-4.283420336731032,1.8404201209160494e-05,8.740147762984854e-05,CELF2-DT
ENSG00000196639,236.30051545782675,-1.1047443770888212,0.1857417432530353,-5.947744205156037,2.7186299387797646e-09,4.3850365252952387e-08,HRH1
ENSG00000198108,183.3403300894967,-1.1040004324020476,0.15432421711790886,-7.153773095499033,8.442457471578393e-13,4.192422450453102e-11,CHSY3
ENSG00000265579,369.67991561712813,-1.1027310627740357,0.17198116851817824,-6.411929121515871,1.4368964347522783e-10,3.5124135071722355e-09,ENSG00000265579
ENSG00000146147,798.9987177454332,-1.1017265935608898,0.1983982919788979,-5.55310523377929,2.8063900898399914e-08,3.242986643990282e-07,MLIP
ENSG00000187772,11.280199919314393,-1.1015700991667192,0.35124028609997626,-3.13622936422837,0.0017113530512439666,0.004549048788387532,LIN28B
ENSG00000176406,2584.8409759291803,-1.1014513056158788,0.12909770481305635,-8.531920123683586,1.4393842928205307e-17,3.2039000964899344e-15,RIMS2
ENSG00000233487,26.96383993752716,-1.1011934464526638,0.2168844240478829,-5.077328403304548,3.827789399938661e-07,3.0251368189991423e-06,RPSAP69
ENSG00000254921,12.126394901490432,-1.0986671431382231,0.4200719385352533,-2.6154261743099525,0.00891161840615468,0.019262860761389985,ENSG00000254921
ENSG00000146267,1008.0799267291037,-1.0973785046480384,0.19435662795156616,-5.6462108661481105,1.6402264959652676e-08,2.051096186626759e-07,FAXC
ENSG00000005379,3463.754119286521,-1.0973050413302798,0.1046011249719916,-10.49037514294515,9.564787138712902e-26,1.5080481055370676e-22,TSPOAP1
ENSG00000225110,122.54942950861421,-1.0970325861310897,0.19302731372792578,-5.6833023521084165,1.3211839261010441e-08,1.7097674337778218e-07,PNMA6F
ENSG00000229206,20.303080964497525,-1.0968981983062434,0.32208720375904565,-3.4055938438548963,0.0006602031872471501,0.001988703120954638,ENSG00000229206
ENSG00000214076,219.2429330950187,-1.0958056525856048,0.1550538932637696,-7.067256613295593,1.5802656939982901e-12,7.18833702367011e-11,CPSF1P1
ENSG00000253161,17.07070554747838,-1.095400783610743,0.2600961451434671,-4.211522562191485,2.5365521342908807e-05,0.0001153366171131542,LINC01605
ENSG00000269998,26.15405506440908,-1.0949604803811281,0.21052933831847154,-5.200987611164965,1.9823231728156393e-07,1.7188613395816635e-06,ENSG00000269998
ENSG00000257913,22.854266658957986,-1.094799117981364,0.20509354926713178,-5.338047549001173,9.395282254910476e-08,9.101830018581987e-07,DDN-AS1
ENSG00000165061,213.41473881789352,-1.0946753589632325,0.1904961514220139,-5.746443436214906,9.11400998431704e-09,1.2459325787809133e-07,ZMAT4
ENSG00000128683,1551.3990089195415,-1.093363014303429,0.20682159742085868,-5.286503092220869,1.246767097330571e-07,1.1544155187924144e-06,GAD1
ENSG00000158856,2610.950095598819,-1.092087106426029,0.1719886849327576,-6.349761362807107,2.1564919020521765e-10,4.9395674076061955e-09,DMTN
ENSG00000139304,24.483865221749845,-1.0918279642620639,0.2601844872624935,-4.196360727534638,2.712381238184498e-05,0.0001221281604627575,PTPRQ
ENSG00000229867,8.50685642397713,-1.091686748863848,0.28126419733692753,-3.8813569562005505,0.00010387524345532439,0.0003948010458366286,STEAP3-AS1
ENSG00000259953,114.12582299073338,-1.0915715510763842,0.17711002759558964,-6.163239687189605,7.127149989990904e-10,1.3648347956541286e-08,LINC02977
ENSG00000091536,47.88673588955381,-1.0912669676974518,0.15535856110551102,-7.024183024946549,2.1532240426153264e-12,9.343807084009628e-11,MYO15A
ENSG00000167779,108.66492661744813,-1.0906418149472579,0.24251343982259121,-4.497242774442143,6.884036773119875e-06,3.721313592783658e-05,IGFBP6
ENSG00000171889,58.31622113501408,-1.0900913971603707,0.20635731666075802,-5.282542992902118,1.2740292421822153e-07,1.1746897301212237e-06,MIR31HG
ENSG00000124507,4943.7400839838365,-1.0898182111770758,0.20245049435235754,-5.383134354220384,7.319985859035413e-08,7.362792793883573e-07,PACSIN1
ENSG00000116254,3732.0854621052626,-1.0893044637249039,0.18219404612039053,-5.978814823647482,2.2476688124016794e-09,3.701122187174915e-08,CHD5
ENSG00000090975,917.0961192418127,-1.0892628137320939,0.17327539451759952,-6.286309817759254,3.251008427260232e-10,7.08629947508797e-09,PITPNM2
ENSG00000137251,8.067426763707411,-1.0887736893493456,0.3595519370576792,-3.028140241043076,0.0024606386609146717,0.006254068170943792,TINAG
ENSG00000200949,25.82600389555868,-1.0887343559337745,0.3953817753011456,-2.753628072777334,0.005893870477512749,0.013446906552811973,SNORD115-32
ENSG00000003137,330.4007917072759,-1.088699660193976,0.22042728262443173,-4.939042242102688,7.850720615236412e-07,5.654192388285988e-06,CYP26B1
ENSG00000157087,4412.207082878198,-1.0876370816836327,0.19680569026517145,-5.52645139588279,3.267727322580063e-08,3.686666722910841e-07,ATP2B2
ENSG00000146469,174.40379741362796,-1.0874593461620103,0.26158746385337744,-4.157153902342746,3.222369200140681e-05,0.00014218102907337146,VIP
ENSG00000182010,26.923391182494814,-1.0873497163837398,0.1943613004673586,-5.594476440367053,2.212885146214722e-08,2.651538123266785e-07,RTKN2
ENSG00000122012,205.39255058347433,-1.0863182648148184,0.2880364857784131,-3.7714606254796643,0.0001622947697279766,0.0005849908636413254,SV2C
ENSG00000235026,50.0291197237378,-1.0858228762943494,0.27742821567755016,-3.913887683134515,9.082189378158764e-05,0.00035063105512539395,DPP10-AS1
ENSG00000143340,15.936054893039554,-1.0853709963752467,0.4615893108807902,-2.3513780990815754,0.01870401710821421,0.03656918504571797,FAM163A
ENSG00000184349,193.11326901688827,-1.085172900569165,0.18615112917679877,-5.829526285271748,5.558494130526528e-09,8.133542842193497e-08,EFNA5
ENSG00000186907,200.12253085144872,-1.0843442945064818,0.22241909091405673,-4.875230314314499,1.086815797501088e-06,7.488184591668092e-06,RTN4RL2
ENSG00000261675,147.1459922823605,-1.0836422711468037,0.21841306243238795,-4.9614352689288275,6.997418998995217e-07,5.101570048781396e-06,ENSG00000261675
ENSG00000188848,102.24395694884379,-1.0834139201560966,0.23242032934065915,-4.661442151939014,3.140013292429029e-06,1.88241608025213e-05,BEND4
ENSG00000151067,883.4010737751015,-1.0814698104396292,0.1506288526246314,-7.179698919533449,6.986510366386341e-13,3.618746021188581e-11,CACNA1C
ENSG00000143473,712.2404938630963,-1.0805319573839016,0.12651553665020673,-8.540705639745916,1.3340465268209297e-17,3.0047809866014276e-15,KCNH1
ENSG00000005249,988.9949385852516,-1.0785065040718107,0.12412018770798189,-8.68921102995121,3.649651636616687e-18,8.96771544997243e-16,PRKAR2B
ENSG00000143847,1453.5744731453437,-1.0770708891270142,0.16345034342366963,-6.589590860235789,4.410402590564409e-11,1.2817944241701783e-09,PPFIA4
ENSG00000225135,309.59457798396926,-1.0763548547602302,0.16201411852359915,-6.64358677236791,3.0614010915281454e-11,9.267473384274002e-10,ENSG00000225135
ENSG00000216775,52.26992565387871,-1.0752707407088937,0.14555687611835696,-7.387289212187796,1.498524220512577e-13,9.45069275069932e-12,ENSG00000216775
ENSG00000147804,35.105353525777716,-1.0748437796039432,0.16832356101838641,-6.385581276328484,1.7074762483056045e-10,4.06357869408076e-09,SLC39A4
ENSG00000165495,334.50345983066507,-1.0746062364923272,0.15768051519168388,-6.815085777630705,9.420753777712208e-12,3.4211259400060457e-10,PKNOX2
ENSG00000228203,101.84802975861885,-1.07396071550067,0.19966758775059348,-5.378743378430372,7.500753378926284e-08,7.504719932801972e-07,GRASLND
ENSG00000112394,136.20640159326663,-1.0737343844563703,0.16717703613281112,-6.422738489055154,1.3384431930966777e-10,3.2973105746600447e-09,SLC16A10
ENSG00000172965,108.302526353194,-1.0732919472338545,0.1651335734324835,-6.499538070449862,8.056701171406697e-11,2.1469406501833055e-09,MIR4435-2HG
ENSG00000106852,250.94440084637904,-1.073264948743222,0.19747122497361974,-5.4350447711386805,5.4782675441426185e-08,5.71697859543179e-07,LHX6
ENSG00000221866,1770.9839561179724,-1.0726933563651928,0.227919928327502,-4.706448287504819,2.5206988968312422e-06,1.5554997758658545e-05,PLXNA4
ENSG00000202048,12.645667810028788,-1.0726061852871032,0.2140674697652831,-5.010598697986085,5.426096053156061e-07,4.086801234245293e-06,SNORD114-20
ENSG00000246448,77.16010037122717,-1.072314530212336,0.203909634356967,-5.258773248227827,1.4501957599484594e-07,1.3172205366406555e-06,ENSG00000246448
ENSG00000198729,153.0969755930723,-1.069942800094945,0.19903336944317823,-5.375695558429469,7.628760023207343e-08,7.616682830558466e-07,PPP1R14C
ENSG00000086506,14.051604451918825,-1.0697858952875305,0.2935956610758525,-3.6437387779077013,0.000268706137858037,0.0009049341630961304,HBQ1
ENSG00000113327,1730.0617858498024,-1.0697711591453833,0.19365702647194463,-5.524050320479142,3.312725171344633e-08,3.7307595382047893e-07,GABRG2
ENSG00000272163,195.6573843125082,-1.0691431174049961,0.19179601583912584,-5.574376051178087,2.4841860143808533e-08,2.922904715782289e-07,ENSG00000272163
ENSG00000178821,10.666608153370971,-1.0688110169301097,0.30646930165537156,-3.4874978053495247,0.00048756292482314936,0.0015232315947248986,TMEM52
ENSG00000143869,21.73834969055606,-1.0685202130944225,0.36974243459042466,-2.889904195816896,0.003853592483598009,0.009269002007332104,GDF7
ENSG00000237647,44.44749672081342,-1.0676696477429906,0.2845776516718938,-3.7517691268812956,0.0001755911272534362,0.0006252934552296279,ENSG00000237647
ENSG00000172209,403.88601542801683,-1.0670285106001542,0.21643342345826153,-4.930054210439115,8.220680163725236e-07,5.882574459065108e-06,GPR22
ENSG00000271830,7.697584503048176,-1.0664863899144357,0.3194866782423457,-3.338124756192355,0.0008434586988569941,0.002460412979089474,ENSG00000271830
ENSG00000164692,529.3088219665909,-1.0662957525139654,0.28900715514656233,-3.6895133339284336,0.0002246834524960476,0.0007755903888387558,COL1A2
ENSG00000067715,13574.013038419713,-1.066143296589766,0.1843286278530273,-5.783926832243579,7.297669342193028e-09,1.0257942344301047e-07,SYT1
ENSG00000024526,12.353239943167358,-1.0653466218944017,0.25603412977248347,-4.160955505584696,3.1691883275127646e-05,0.00014016139120276184,DEPDC1
ENSG00000196374,9.867609712794195,-1.065092484642769,0.2775668520013311,-3.8372466919704853,0.00012442146798829983,0.0004633964910115419,ENSG00000196374
ENSG00000174514,1465.9202317049094,-1.064812287000034,0.19791568239079682,-5.380130943325128,7.443167931599193e-08,7.462890157173118e-07,SLC60A1
ENSG00000166342,692.8270607768834,-1.064704805020904,0.15628466758357193,-6.812599223475086,9.585090011376227e-12,3.474136073088855e-10,NETO1
ENSG00000170629,322.88547765154,-1.0642111278202797,0.16420661673021197,-6.4809271941139635,9.116065610152814e-11,2.382264659448774e-09,DPY19L2P2
ENSG00000128573,182.4111514154286,-1.0640525689131766,0.1686414446759285,-6.3095555837885735,2.798378530107699e-10,6.2288613870161955e-09,FOXP2
ENSG00000019169,28.742961138015968,-1.0634390514482261,0.42009471968812856,-2.531426846397179,0.011359951096265586,0.02371251927861263,MARCO
ENSG00000273301,181.2227295308517,-1.0625968912562815,0.2292314071706924,-4.6354768937270485,3.5611550468642185e-06,2.0905073995243876e-05,ENSG00000273301
ENSG00000112706,7.152420456233625,-1.0618961240620888,0.318624612370749,-3.3327498342358908,0.0008599222545700126,0.002501495857390012,IMPG1
ENSG00000223634,6.508537765741912,-1.0599622698230549,0.30717318434305685,-3.4506992271801593,0.0005591363146789358,0.0017173472522281602,ENSG00000223634
ENSG00000139973,685.7264081221168,-1.0591011216820974,0.15050763001938924,-7.036860002018887,1.966202247370143e-12,8.631217290079607e-11,SYT16
ENSG00000273389,16.74577752477542,-1.0587215372299865,0.25503315104992463,-4.151309478283213,3.305783923801146e-05,0.0001454206738858816,ENSG00000273389
ENSG00000185053,28.29802083471016,-1.0573797750339207,0.1628449456817295,-6.4931691346472915,8.404923668286471e-11,2.221801308705127e-09,SGCZ
ENSG00000246308,14.85041409270326,-1.0573098627885051,0.21197616652811382,-4.98787142019703,6.104817549264467e-07,4.522441191545956e-06,LOC101928053
ENSG00000135312,19.21783587453925,-1.0572805461209083,0.2770904907651496,-3.815650776038415,0.00013582448833558661,0.0005008379106040341,HTR1B
ENSG00000125848,366.18511960422927,-1.057202798133387,0.2338937274746564,-4.5200134674323,6.183569763005856e-06,3.376425394403197e-05,FLRT3
ENSG00000134508,1009.6081166704543,-1.056638613544876,0.1849196225914324,-5.714042667496941,1.1032331770583116e-08,1.470977569411082e-07,CABLES1
ENSG00000144290,2852.3593151496602,-1.0566172984177082,0.16707234636481633,-6.324309925656378,2.5436673920205963e-10,5.736136717166827e-09,SLC4A10
ENSG00000235875,8.453315038823835,-1.0565996715604702,0.26175645753590765,-4.036575378147171,5.423710494070577e-05,0.00022439668171400683,ARHGEF7-AS2
ENSG00000186377,180.17838436871014,-1.0564922482814267,0.20092696806714377,-5.258090829939655,1.4555862622784594e-07,1.3214823456002135e-06,CYP4X1
ENSG00000171208,471.21040999206497,-1.056013523296947,0.1469753281505401,-7.184971359378905,6.722127674378439e-13,3.4940289999791224e-11,NETO2
ENSG00000207442,21.682321003946235,-1.056002237705414,0.3043489203811668,-3.469709162703373,0.0005210222116361436,0.0016146994666921927,SNORD116-6
ENSG00000063438,64.01968815318872,-1.0556978259915815,0.1564093168028611,-6.749584024602492,1.48269624957579e-11,5.054524872427739e-10,AHRR
ENSG00000263738,8.43549679293863,-1.0552937657733445,0.2880569189300827,-3.663490429922587,0.0002488015162423177,0.0008465189056544544,ENSG00000263738
ENSG00000128253,42.811307858213034,-1.055190288168476,0.230941702263555,-4.569076428493079,4.898781317045063e-06,2.7634151019228566e-05,RFPL2
ENSG00000152932,3967.008454362895,-1.0549250762639955,0.20121052828406052,-5.242892035821787,1.580790455042484e-07,1.4154545863418742e-06,RAB3C
ENSG00000131015,13.748519090758665,-1.0539073889777675,0.28137524751785953,-3.7455582830215848,0.00017999305202192958,0.0006388048291605529,ULBP2
ENSG00000168502,449.9596426358199,-1.0537949331794818,0.14034295234121758,-7.508712875138732,5.971152768493503e-14,4.231243834453074e-12,MTCL1
ENSG00000082556,183.5901596015032,-1.0533133824697447,0.2609515577969964,-4.036432628960027,5.427010042815763e-05,0.0002244841058375038,OPRK1
ENSG00000123901,229.8806159638252,-1.0529744783673562,0.3160306243688211,-3.3318748158358558,0.0008626305005044385,0.0025078317562298672,GPR83
ENSG00000110786,1095.5547469918922,-1.0527555837299645,0.21176509094023863,-4.971336772532817,6.649283232059008e-07,4.861067957904035e-06,PTPN5
ENSG00000114812,232.99522016545598,-1.0524145950318822,0.17643139486466639,-5.965007508097684,2.4462279329482547e-09,3.996773099428409e-08,VIPR1
ENSG00000224822,16.66582911981254,-1.0515003459100807,0.2566846857451406,-4.096467005258365,4.1950324657705704e-05,0.00017888215968532613,THRB-IT1
ENSG00000114279,2254.620961151832,-1.050605645900968,0.1804345946236627,-5.8226397664607745,5.792532148501864e-09,8.404502166384606e-08,FGF12
ENSG00000117245,205.9871179932865,-1.0498707368845133,0.16059738479160035,-6.537284142247278,6.264596392220791e-11,1.7379202894548e-09,KIF17
ENSG00000182870,602.3501277070044,-1.0490362231531425,0.15705057063469047,-6.679607841688565,2.3958248477867255e-11,7.592798345079539e-10,GALNT9
ENSG00000152954,991.1588945843414,-1.0484319803689024,0.20925993738347695,-5.010189687898119,5.437641186858298e-07,4.089037013329054e-06,NRSN1
ENSG00000254102,8.015552960475707,-1.0484042544012209,0.3679860098367007,-2.8490329153178027,0.004385234338530097,0.010386659199422815,BHLHE22-AS1
ENSG00000203668,489.6326322913959,-1.0470107064279377,0.12130528674968453,-8.6312042490651,6.070936260365232e-18,1.4539508107102556e-15,CHML
ENSG00000225206,171.49035442793368,-1.0462876413863145,0.15339607328299396,-6.8208241514504895,9.051969048843742e-12,3.306240432512038e-10,MIR137HG
ENSG00000112137,2234.724481869251,-1.0460692950634358,0.15700335848907815,-6.6627192254374945,2.688069115983537e-11,8.37862729397175e-10,PHACTR1
ENSG00000174469,2868.533940752832,-1.0455083661595994,0.18006244134830557,-5.806365604791561,6.384347358937989e-09,9.123251663980872e-08,CNTNAP2
ENSG00000184307,380.9723238967487,-1.0448628060116105,0.15753572749419836,-6.632545027286525,3.299476407296266e-11,9.877546459817304e-10,ZDHHC23
ENSG00000119698,916.9967123022954,-1.044477793146643,0.2233622242364141,-4.6761613192082665,2.9229470309249495e-06,1.7679717974776228e-05,PPP4R4
ENSG00000168135,544.9339643044876,-1.0439618940746673,0.2258825208399938,-4.621702866571816,3.8060289119472857e-06,2.2116113947801793e-05,KCNJ4
ENSG00000124194,375.05364882301774,-1.043308633678432,0.17177018416154957,-6.073863393528193,1.2486896423392004e-09,2.2082679091566753e-08,GDAP1L1
ENSG00000272462,68.70240115964467,-1.043034176573922,0.16679447648823664,-6.253409576470495,4.0158712038170187e-10,8.498913106959507e-09,LINC02980
ENSG00000258731,12.690486522677933,-1.042194296976145,0.2856527330700646,-3.6484660439797607,0.00026381076220107315,0.0008900320293944908,DDHD1-DT
ENSG00000102001,24.16179247819051,-1.0420791253950943,0.1974129605993967,-5.278676345418624,1.30120403083169e-07,1.1968293759521426e-06,CACNA1F
ENSG00000136531,5481.020699016431,-1.0419093759033913,0.1850472282437199,-5.63050517315031,1.796825514000953e-08,2.216162889497916e-07,SCN2A
ENSG00000198739,582.0506948424603,-1.041861177226061,0.11852590949731427,-8.79015551658491,1.493530798535438e-18,4.183163994605131e-16,LRRTM3
ENSG00000201448,16.45809799849901,-1.041079422113965,0.2913326176345477,-3.5735079393681612,0.00035223055840568685,0.0011450519183909956,SNORA63C
ENSG00000235296,15.313270460630875,-1.0396702083391283,0.2952985919693538,-3.5207421796546376,0.0004303408168704449,0.001364512863279507,ENSG00000235296
ENSG00000144583,148.20968264957244,-1.039512550526816,0.2142504913517944,-4.851856086621338,1.223113659887857e-06,8.299985831052225e-06,MARCHF4
ENSG00000196872,1034.326965339939,-1.039463120047096,0.17117031529291415,-6.072683328697042,1.2579036167164466e-09,2.2201060101002956e-08,CRACDL
ENSG00000185924,292.63058084915167,-1.037822720374033,0.21082000305552726,-4.922790557500769,8.531875112868293e-07,6.070818997196995e-06,RTN4RL1
ENSG00000204677,115.22015542826955,-1.0377510300138602,0.18859573099679278,-5.502516014169525,3.7440920569612655e-08,4.135331098523476e-07,FAM153CP
ENSG00000253477,16.966225323171095,-1.0374004344053522,0.22506532921735722,-4.609330268739353,4.039681719028174e-06,2.3252442386374522e-05,ENSG00000253477
ENSG00000116544,1387.9720088942122,-1.0368760168679862,0.22452050270906912,-4.618179651109891,3.871210378025129e-06,2.242599520889022e-05,DLGAP3
ENSG00000223572,101.07214762790412,-1.0363148225389218,0.1717772150426904,-6.032900360396313,1.6104272152322575e-09,2.7524194139290255e-08,CKMT1A
ENSG00000186642,2954.939097000863,-1.035867796823001,0.18961305393484945,-5.463061615889181,4.679920689130468e-08,4.99351949791613e-07,PDE2A
ENSG00000168824,600.7341541651164,-1.0351701851263404,0.2383686749504449,-4.342727438248942,1.4072467897193355e-05,6.892339958967079e-05,NSG1
ENSG00000164142,22.256346183762954,-1.0349027977252592,0.2405044605538452,-4.3030503273911656,1.684625641962507e-05,8.071186919708946e-05,FHIP1A
ENSG00000273032,155.27027976992744,-1.03467751636956,0.2126621203264918,-4.865358789713281,1.1424935833773436e-06,7.82337263753143e-06,DGCR5
ENSG00000145248,28.359302627864878,-1.0344752095818295,0.24283435163004097,-4.260003589433905,2.044236207511226e-05,9.571133146773669e-05,SLC10A4
ENSG00000165379,570.5033126412746,-1.0344413169247946,0.17945032666221997,-5.764499492229554,8.190052468451187e-09,1.1335463987058995e-07,LRFN5
ENSG00000132938,232.18702685831312,-1.0336210726808572,0.2251735905015688,-4.590329933357153,4.425459134763183e-06,2.51591607060455e-05,MTUS2
ENSG00000198848,31.820462599809336,-1.0333246484393719,0.41824047959305066,-2.470647148847955,0.013486881958554997,0.027508819173766765,CES1
ENSG00000260464,101.5536556164573,-1.032056572281109,0.10525001489938479,-9.805761768943384,1.063415597210803e-22,8.047929239691356e-20,ENSG00000260464
ENSG00000214944,454.34674031381036,-1.0312747846610848,0.16474111947295647,-6.259971936334793,3.8504675807676053e-10,8.222443186018407e-09,ARHGEF28
ENSG00000255916,17.746289043862458,-1.0311706710838546,0.2950292601359437,-3.4951471274703785,0.0004738005011533554,0.0014858785814389995,LOC101928416
ENSG00000160183,20.491065449725852,-1.0305862659924183,0.3741086104940432,-2.7547782571254875,0.00587319250539616,0.013405815201121407,TMPRSS3
ENSG00000256443,32.13584110144618,-1.0299038460133152,0.2750882536061122,-3.743903392865306,0.00018118334029478033,0.0006425471037258189,ENSG00000256443
ENSG00000252808,7.899614150483843,-1.0293009537219682,0.3579543837072004,-2.8755087256143677,0.004033769963034301,0.009647190962028691,ENSG00000252808
ENSG00000080854,442.5988021174265,-1.0292379194835144,0.15783384564984554,-6.521021617675585,6.983011865184947e-11,1.903726001286732e-09,IGSF9B
ENSG00000181418,4771.520583953176,-1.0290559543513262,0.23680843379357877,-4.345520714217189,1.3894565848669725e-05,6.821099788708645e-05,DDN
ENSG00000162992,61.649476207832585,-1.0289561645941225,0.32165008432607833,-3.198992366969195,0.001379088201381945,0.003768936699428918,NEUROD1
ENSG00000160963,251.94178038632734,-1.028677920924688,0.2444583066651274,-4.207989227111141,2.5765314683260547e-05,0.00011680125427104616,COL26A1
ENSG00000128245,7469.860810335899,-1.0282534033948436,0.18085969914726563,-5.6853649997370885,1.305335650705509e-08,1.693892353316065e-07,YWHAH
ENSG00000262470,6.988526223587387,-1.0280016919010706,0.42114178454087253,-2.4409871678294635,0.014647175217170188,0.029582040468494875,TVP23CP2
ENSG00000222041,40.08383803183475,-1.0279888021214751,0.17636708977081503,-5.82868835369072,5.586471908484095e-09,8.168164490611984e-08,CYTOR
ENSG00000197705,24.404125073844316,-1.0268598660041475,0.2199800852071868,-4.667967398217008,3.041941536739377e-06,1.830583138521279e-05,KLHL14
ENSG00000233175,31.194317794334903,-1.02664779258957,0.1986929900881007,-5.167005600622111,2.3787413791043622e-07,2.0176292159611077e-06,FMNL1-AS1
ENSG00000143061,310.3440746609702,-1.0261490993207758,0.19305820577688693,-5.315231720876311,1.0652168416053901e-07,1.010472435020842e-06,IGSF3
ENSG00000145990,2011.7750074282983,-1.0259951792533628,0.13849425772225601,-7.408214579632245,1.2801106263629485e-13,8.26610684327201e-12,GFOD1
ENSG00000002745,22.065973399207365,-1.0248691958003808,0.24857464451092726,-4.122983652724597,3.7399624981984296e-05,0.00016184833134930075,WNT16
ENSG00000214376,44.74836409531206,-1.0246993156308621,0.18015299781461414,-5.6879392963825435,1.2858150946428824e-08,1.6708531312255038e-07,VSTM5
ENSG00000180616,350.18005153442755,-1.0243240709204435,0.1981095678919528,-5.17049268149987,2.3347761775475012e-07,1.9844548642946417e-06,SSTR2
ENSG00000204936,7.7947280650930475,-1.0239919528101815,0.3485750588983816,-2.9376512365696845,0.0033070882627185545,0.008122823566225503,CD177
ENSG00000258469,7.48355790425217,-1.023014055700141,0.3073992620660057,-3.327965229404085,0.0008748278450671201,0.002537660922949927,CHMP4BP1
ENSG00000134909,3903.694940064811,-1.0229693605266221,0.14129366152476092,-7.240023009435229,4.4860862601799575e-13,2.4673474430989765e-11,ARHGAP32
ENSG00000148408,1346.5931280926302,-1.0229374075117696,0.15728151105957772,-6.5038630454426665,7.828317239882048e-11,2.1008760592704727e-09,CACNA1B
ENSG00000206557,52.501503223075865,-1.0213188989548068,0.2251712909367788,-4.535742077534928,5.740129540041776e-06,3.169047297857905e-05,TRIM71
ENSG00000249550,37.5599057162218,-1.0212650945603612,0.22452464499385555,-4.548565680120816,5.401278633767641e-06,3.0038857069630733e-05,LINC01234
ENSG00000105662,1219.6934033035795,-1.0198523481758694,0.14390266376675567,-7.087098469760749,1.369529406297053e-12,6.382141962349813e-11,CRTC1
ENSG00000127585,5327.694004018328,-1.0196754452410126,0.18274305405780797,-5.579831477033617,2.407517263324256e-08,2.849058010104036e-07,FBXL16
ENSG00000183873,28.71443540789565,-1.0191708281320608,0.2298143606410555,-4.434756928545002,9.21762306597794e-06,4.791138143085237e-05,SCN5A
ENSG00000107295,2230.9592956233078,-1.019035974969806,0.1810684472074223,-5.627904754727659,1.824117582769828e-08,2.242514923067261e-07,SH3GL2
ENSG00000196950,2967.2790808332647,-1.0189479504097527,0.14718122518843058,-6.9230837636066145,4.4191628048767555e-12,1.771410175175174e-10,SLC39A10
ENSG00000144331,212.5695101774434,-1.0179067117961247,0.23372182969601693,-4.3552059861932175,1.3294184517031874e-05,6.57756200476577e-05,ZNF385B
ENSG00000108375,82.05763412950152,-1.0178466635797272,0.26430272427708323,-3.8510638373619708,0.00011760583521708315,0.00044105102127001253,RNF43
ENSG00000261572,13.476765980609304,-1.0177741660048205,0.3013985930750612,-3.376837813411262,0.0007332427150104666,0.002178541483668032,ENSG00000261572
ENSG00000128564,638.8392759324297,-1.016610460112175,0.1705483570561008,-5.960834086356912,2.5095366865003903e-09,4.0825824684941865e-08,VGF
ENSG00000272511,60.33066206050189,-1.0160388906202453,0.18975790105912346,-5.354395706051128,8.584281611585417e-08,8.397859777207657e-07,ENSG00000272511
ENSG00000253553,35.29789132861678,-1.0156951718069807,0.15352218287255134,-6.615950560383673,3.691717440689516e-11,1.0896613725092923e-09,ENSG00000253553
ENSG00000106333,64.23649884189383,-1.0154037549554868,0.305067666252391,-3.328454199782074,0.00087329362721817,0.002534158807817144,PCOLCE
ENSG00000197467,16.25717746588759,-1.0151783552588654,0.2702646660951383,-3.756237801731371,0.00017248680403853068,0.0006159777901866743,COL13A1
ENSG00000144834,2125.9640055408286,-1.0149340669075237,0.15580489145963042,-6.514134809243114,7.310981659659437e-11,1.9788808726860735e-09,TAGLN3
ENSG00000106367,921.1601454786149,-1.0144193166598476,0.15461799545951035,-6.560810167310004,5.351621445418495e-11,1.5180311506344516e-09,AP1S1
ENSG00000253633,6.36285035018288,-1.0136885463143472,0.370319844416214,-2.7373325021573276,0.006193965325580907,0.014041262854399114,LINC03047
ENSG00000158445,2077.666742976711,-1.0132115381080273,0.17451997452597118,-5.805705283077762,6.409561958460198e-09,9.145468495781823e-08,KCNB1
ENSG00000168539,727.1091915372355,-1.0131945539665985,0.21323327325492616,-4.75157811208618,2.01835158778013e-06,1.2823106796776379e-05,CHRM1
ENSG00000122176,89.70635678817239,-1.013119403840874,0.31145990641622096,-3.2528084128009302,0.0011427051439887846,0.003196122974265424,FMOD
ENSG00000144227,39.96975055705756,-1.013104588575244,0.22920692097238218,-4.420043619439031,9.86809806277616e-06,5.081546569533316e-05,NXPH2
ENSG00000157064,2138.0767015439224,-1.0127835267455352,0.1753817874286276,-5.774736029290909,7.707381939162567e-09,1.0777802386471232e-07,NMNAT2
ENSG00000227781,11.482225953055025,-1.0108686609898567,0.2654457554595454,-3.808192974266321,0.00013998601416910592,0.0005146784663971015,ENSG00000227781
ENSG00000207001,26.482967051981994,-1.0107218168699441,0.403459924603022,-2.5051355915074534,0.012240445864346411,0.02527705030028654,SNORD116-2
ENSG00000135709,6362.434977309035,-1.0107002611706422,0.16746559203196915,-6.035271179632527,1.5869595669908807e-09,2.722146419534675e-08,KIAA0513
ENSG00000105976,722.7894218665913,-1.010485898091955,0.276895654344087,-3.6493382335147273,0.00026291674263181046,0.0008873322815900561,MET
ENSG00000126767,850.8640698960351,-1.010379988582213,0.2167079046490649,-4.662404863442404,3.1253557782526255e-06,1.8748170997000533e-05,ELK1
ENSG00000134256,13.369657736422155,-1.0101633061959778,0.2448917908552978,-4.124937396504505,3.708356122179863e-05,0.00016066429546975728,CD101
ENSG00000141655,119.22129233022994,-1.0090160679243074,0.20361336543543132,-4.95554928708391,7.212623571539398e-07,5.238988491652054e-06,TNFRSF11A
ENSG00000234336,30.709947090331813,-1.0086569762578381,0.1809522354200382,-5.574161457118656,2.4872497845716094e-08,2.922904715782289e-07,JAZF1-AS1
ENSG00000167371,750.1716874492434,-1.0073484184921,0.14772998377809698,-6.818848772130261,9.177294369369768e-12,3.3391232590091545e-10,PRRT2
ENSG00000128656,8553.91457738694,-1.0061819472097249,0.17450374375951397,-5.765961953208054,8.119337636889898e-09,1.1272987969461167e-07,CHN1
ENSG00000249109,15.84304077771834,-1.0054530022269588,0.2392679183126846,-4.202205666841611,2.6432681365901774e-05,0.0001194426394656942,ENSG00000249109
ENSG00000124140,3512.3043395175364,-1.0052885371524292,0.21738614656998798,-4.624436989266812,3.7561724365062336e-06,2.1869260192768607e-05,SLC12A5
ENSG00000268654,10.463267050944511,-1.0051391962578373,0.3010096475332389,-3.339225850383567,0.0008401222986173542,0.0024518145750177913,MIMT1
ENSG00000213424,127.40949452152698,-1.0042341835203215,0.19193466570952683,-5.2321667886723775,1.6753447592443585e-07,1.487448279910993e-06,KRT222
ENSG00000099365,2555.214575852082,-1.0040442816254758,0.15582697407092094,-6.443327848800483,1.1688183273611365e-10,2.9367918663575966e-09,STX1B
ENSG00000263934,219.07910847635335,-1.0031623808175312,0.21786708563337126,-4.604469637536998,4.135183398246033e-06,2.3701202633994232e-05,SNORD3A
ENSG00000263142,35.80560224421991,-1.002592398010507,0.1529203230331343,-6.556305781496866,5.5157073968283844e-11,1.5598981158145445e-09,LRRC37A17P
ENSG00000269883,35.517779175949926,-1.0024561730270636,0.1764591771950374,-5.680952325415557,1.3394681339905986e-08,1.7309694792767636e-07,ENSG00000269883
ENSG00000270953,135.03801637407184,-1.0022077773113538,0.2165557353962146,-4.6279438199948615,3.6931416341953405e-06,2.1566123370054274e-05,ENSG00000270953
ENSG00000145335,2493.6813519900134,-1.0016518125157066,0.12236167467547746,-8.185993001258325,2.700674288013452e-16,3.9005158419247723e-14,SNCA
ENSG00000154975,658.840591262032,-1.0006515426734406,0.18612753363646467,-5.376160759900601,7.60908592102875e-08,7.604847549460565e-07,CA10
ENSG00000272420,10.901142488681092,-1.0004662986757953,0.23863456895256785,-4.192461733717435,2.7594363902140907e-05,0.00012398132629506196,ENSG00000272420
